ISO-10303-21;
HEADER;
FILE_DESCRIPTION(('3DEXPERIENCE STEP','CAx-IF Rec.Pracs.--- Model Styling and Organization---1.5--- 2016-08-15','CAx-IF Rec.Pracs.---Supplemental Geometry---1.0---2011-11-01','CAx-IF Rec.Pracs.---User Defined Attributes---1.5---2016-08-15','CAx-IF Rec.Pracs.--- Composite Materials ---1.1---2010-07-15'),'2;1');

FILE_NAME('/SPA_UserData/ContentOptimizer/1424580_2026-06-11-14h33m30-155542174/CATTemp/CO_SPACOConvertCgm0002-PID1424622/ResultFile.step','2026-06-11T14:33:34+00:00',('none'),('none'),'3DEXPERIENCE Platform3D Asset Translator 6.2.2','3DEXPERIENCE Platform STEP AP214 v3','none');

FILE_SCHEMA(('AUTOMOTIVE_DESIGN { 1 0 10303 214 1 1 1 1 }'));

ENDSEC;
DATA;
#16=PRODUCT('ResultFile','ResultFile','',(#2)) ;
#2=PRODUCT_CONTEXT(' ',#1,'mechanical') ;
#1=APPLICATION_CONTEXT('automotive design') ;
#18=PRODUCT_DEFINITION('ResultFile',' ',#17,#3) ;
#3=PRODUCT_DEFINITION_CONTEXT('part definition',#1,' ') ;
#19=PRODUCT_DEFINITION_SHAPE(' ',' ',#18) ;
#28=SHAPE_ASPECT('','',#19,.F.) ;
#35=SHAPE_ASPECT('','',#19,.F.) ;
#41=SHAPE_ASPECT('','',#19,.F.) ;
#47=SHAPE_ASPECT('','',#19,.F.) ;
#53=SHAPE_ASPECT('','',#19,.F.) ;
#59=SHAPE_ASPECT('','',#19,.F.) ;
#65=SHAPE_ASPECT('','',#19,.F.) ;
#71=SHAPE_ASPECT('','',#19,.F.) ;
#77=SHAPE_ASPECT('','',#19,.F.) ;
#83=SHAPE_ASPECT('','',#19,.F.) ;
#89=SHAPE_ASPECT('','',#19,.F.) ;
#95=SHAPE_ASPECT('','',#19,.F.) ;
#101=SHAPE_ASPECT('','',#19,.F.) ;
#107=SHAPE_ASPECT('','',#19,.F.) ;
#113=SHAPE_ASPECT('','',#19,.F.) ;
#119=SHAPE_ASPECT('','',#19,.F.) ;
#125=SHAPE_ASPECT('','',#19,.F.) ;
#131=SHAPE_ASPECT('','',#19,.F.) ;
#135=SHAPE_ASPECT('','',#19,.F.) ;
#1164=SHAPE_ASPECT('','',#19,.F.) ;
#3463=SHAPE_ASPECT('','',#19,.F.) ;
#5693=MECHANICAL_DESIGN_GEOMETRIC_PRESENTATION_REPRESENTATION(' ',(#184,#216,#275,#307,#339,#371,#403,#435,#467,#499,#531,#563,#595,#627,#659,#691,#723,#746,#787,#810,#851,#883,#915,#947,#979,#1011,#1052,#1075,#1118,#1161,#134,#1292,#1324,#1356,#1388,#1420,#1452,#1484,#1529,#1584,#1638,#1675,#1720,#1775,#1829,#1869,#1894,#1919,#1937,#1955,#1980,#2005,#2023,#2041,#2059,#2077,#2111,#2143,#2168,#2193,#2218,#2243,#2268,#2293,#2318,#2343,#2456,#2484,#2509,#2593,#2704,#2737,#2765,#2790,#2871,#2979,#3012,#3041,#3078,#3115,#3138,#3156,#3174,#3192,#3210,#3224,#3238,#3270,#3288,#3313,#3336,#3349,#3381,#3399,#3424,#3447,#3460,#1163,#3589,#3616,#3648,#3675,#3707,#3734,#3766,#3806,#3861,#3915,#3952,#3997,#4052,#4106,#4146,#4166,#4191,#4204,#4222,#4242,#4267,#4280,#4298,#4311,#4329,#4363,#4395,#4420,#4445,#4470,#4495,#4520,#4545,#4570,#4595,#4708,#4736,#4761,#4845,#4956,#4989,#5017,#5042,#5123,#5231,#5264,#5293,#5330,#5367,#5390,#5408,#5426,#5444,#5462,#5476,#5490,#5517,#5530,#5555,#5578,#5591,#5618,#5631,#5656,#5679,#5692,#3462),#12) ;
#5694=MECHANICAL_DESIGN_GEOMETRIC_PRESENTATION_REPRESENTATION(' ',(#26,#34,#40,#46,#52,#58,#64,#70,#76,#82,#88,#94,#100,#106,#112,#118,#124,#130),#12) ;
#13=SHAPE_REPRESENTATION(' ',(#15,#29,#132,#1162,#3461),#12) ;
#15=AXIS2_PLACEMENT_3D('',#14,$,$) ;
#140=AXIS2_PLACEMENT_3D('Plane Axis2P3D',#137,#138,#139) ;
#188=AXIS2_PLACEMENT_3D('Cylinder Axis2P3D',#185,#186,#187) ;
#192=AXIS2_PLACEMENT_3D('Circle Axis2P3D',#190,#191,$) ;
#199=AXIS2_PLACEMENT_3D('Circle Axis2P3D',#197,#198,$) ;
#220=AXIS2_PLACEMENT_3D('Ellipse Axis2P3D',#217,#218,#219) ;
#279=AXIS2_PLACEMENT_3D('Cylinder Axis2P3D',#276,#277,#278) ;
#283=AXIS2_PLACEMENT_3D('Circle Axis2P3D',#281,#282,$) ;
#290=AXIS2_PLACEMENT_3D('Circle Axis2P3D',#288,#289,$) ;
#311=AXIS2_PLACEMENT_3D('Plane Axis2P3D',#308,#309,#310) ;
#343=AXIS2_PLACEMENT_3D('Cylinder Axis2P3D',#340,#341,#342) ;
#347=AXIS2_PLACEMENT_3D('Circle Axis2P3D',#345,#346,$) ;
#361=AXIS2_PLACEMENT_3D('Circle Axis2P3D',#359,#360,$) ;
#375=AXIS2_PLACEMENT_3D('Plane Axis2P3D',#372,#373,#374) ;
#407=AXIS2_PLACEMENT_3D('Cylinder Axis2P3D',#404,#405,#406) ;
#411=AXIS2_PLACEMENT_3D('Circle Axis2P3D',#409,#410,$) ;
#418=AXIS2_PLACEMENT_3D('Circle Axis2P3D',#416,#417,$) ;
#439=AXIS2_PLACEMENT_3D('Plane Axis2P3D',#436,#437,#438) ;
#471=AXIS2_PLACEMENT_3D('Cylinder Axis2P3D',#468,#469,#470) ;
#475=AXIS2_PLACEMENT_3D('Circle Axis2P3D',#473,#474,$) ;
#482=AXIS2_PLACEMENT_3D('Circle Axis2P3D',#480,#481,$) ;
#503=AXIS2_PLACEMENT_3D('Cylinder Axis2P3D',#500,#501,#502) ;
#507=AXIS2_PLACEMENT_3D('Circle Axis2P3D',#505,#506,$) ;
#521=AXIS2_PLACEMENT_3D('Circle Axis2P3D',#519,#520,$) ;
#535=AXIS2_PLACEMENT_3D('Plane Axis2P3D',#532,#533,#534) ;
#567=AXIS2_PLACEMENT_3D('Cylinder Axis2P3D',#564,#565,#566) ;
#571=AXIS2_PLACEMENT_3D('Circle Axis2P3D',#569,#570,$) ;
#585=AXIS2_PLACEMENT_3D('Circle Axis2P3D',#583,#584,$) ;
#599=AXIS2_PLACEMENT_3D('Cylinder Axis2P3D',#596,#597,#598) ;
#603=AXIS2_PLACEMENT_3D('Circle Axis2P3D',#601,#602,$) ;
#610=AXIS2_PLACEMENT_3D('Circle Axis2P3D',#608,#609,$) ;
#631=AXIS2_PLACEMENT_3D('Plane Axis2P3D',#628,#629,#630) ;
#663=AXIS2_PLACEMENT_3D('Cylinder Axis2P3D',#660,#661,#662) ;
#667=AXIS2_PLACEMENT_3D('Circle Axis2P3D',#665,#666,$) ;
#674=AXIS2_PLACEMENT_3D('Circle Axis2P3D',#672,#673,$) ;
#695=AXIS2_PLACEMENT_3D('Plane Axis2P3D',#692,#693,#694) ;
#727=AXIS2_PLACEMENT_3D('Cylinder Axis2P3D',#724,#725,#726) ;
#731=AXIS2_PLACEMENT_3D('Circle Axis2P3D',#729,#730,$) ;
#736=AXIS2_PLACEMENT_3D('Circle Axis2P3D',#734,#735,$) ;
#750=AXIS2_PLACEMENT_3D('Cylinder Axis2P3D',#747,#748,#749) ;
#754=AXIS2_PLACEMENT_3D('Circle Axis2P3D',#752,#753,$) ;
#770=AXIS2_PLACEMENT_3D('Circle Axis2P3D',#768,#769,$) ;
#791=AXIS2_PLACEMENT_3D('Cylinder Axis2P3D',#788,#789,#790) ;
#795=AXIS2_PLACEMENT_3D('Circle Axis2P3D',#793,#794,$) ;
#800=AXIS2_PLACEMENT_3D('Circle Axis2P3D',#798,#799,$) ;
#814=AXIS2_PLACEMENT_3D('Plane Axis2P3D',#811,#812,#813) ;
#855=AXIS2_PLACEMENT_3D('Cylinder Axis2P3D',#852,#853,#854) ;
#859=AXIS2_PLACEMENT_3D('Circle Axis2P3D',#857,#858,$) ;
#873=AXIS2_PLACEMENT_3D('Circle Axis2P3D',#871,#872,$) ;
#887=AXIS2_PLACEMENT_3D('Cylinder Axis2P3D',#884,#885,#886) ;
#891=AXIS2_PLACEMENT_3D('Circle Axis2P3D',#889,#890,$) ;
#898=AXIS2_PLACEMENT_3D('Circle Axis2P3D',#896,#897,$) ;
#919=AXIS2_PLACEMENT_3D('Plane Axis2P3D',#916,#917,#918) ;
#951=AXIS2_PLACEMENT_3D('Cylinder Axis2P3D',#948,#949,#950) ;
#964=AXIS2_PLACEMENT_3D('Circle Axis2P3D',#962,#963,$) ;
#969=AXIS2_PLACEMENT_3D('Circle Axis2P3D',#967,#968,$) ;
#983=AXIS2_PLACEMENT_3D('Ellipse Axis2P3D',#980,#981,#982) ;
#1015=AXIS2_PLACEMENT_3D('Cylinder Axis2P3D',#1012,#1013,#1014) ;
#1019=AXIS2_PLACEMENT_3D('Circle Axis2P3D',#1017,#1018,$) ;
#1035=AXIS2_PLACEMENT_3D('Circle Axis2P3D',#1033,#1034,$) ;
#1056=AXIS2_PLACEMENT_3D('Cylinder Axis2P3D',#1053,#1054,#1055) ;
#1060=AXIS2_PLACEMENT_3D('Circle Axis2P3D',#1058,#1059,$) ;
#1065=AXIS2_PLACEMENT_3D('Circle Axis2P3D',#1063,#1064,$) ;
#1079=AXIS2_PLACEMENT_3D('Plane Axis2P3D',#1076,#1077,#1078) ;
#1122=AXIS2_PLACEMENT_3D('Plane Axis2P3D',#1119,#1120,#1121) ;
#1177=AXIS2_PLACEMENT_3D('Circle Axis2P3D',#1175,#1176,$) ;
#1184=AXIS2_PLACEMENT_3D('Circle Axis2P3D',#1182,#1183,$) ;
#1198=AXIS2_PLACEMENT_3D('Circle Axis2P3D',#1196,#1197,$) ;
#1205=AXIS2_PLACEMENT_3D('Circle Axis2P3D',#1203,#1204,$) ;
#1219=AXIS2_PLACEMENT_3D('Circle Axis2P3D',#1217,#1218,$) ;
#1226=AXIS2_PLACEMENT_3D('Circle Axis2P3D',#1224,#1225,$) ;
#1233=AXIS2_PLACEMENT_3D('Circle Axis2P3D',#1231,#1232,$) ;
#1250=AXIS2_PLACEMENT_3D('Circle Axis2P3D',#1248,#1249,$) ;
#1259=AXIS2_PLACEMENT_3D('Circle Axis2P3D',#1257,#1258,$) ;
#1268=AXIS2_PLACEMENT_3D('Circle Axis2P3D',#1266,#1267,$) ;
#1277=AXIS2_PLACEMENT_3D('Circle Axis2P3D',#1275,#1276,$) ;
#1296=AXIS2_PLACEMENT_3D('Cylinder Axis2P3D',#1293,#1294,#1295) ;
#1314=AXIS2_PLACEMENT_3D('Circle Axis2P3D',#1312,#1313,$) ;
#1328=AXIS2_PLACEMENT_3D('Torus Axis2P3D',#1325,#1326,#1327) ;
#1332=AXIS2_PLACEMENT_3D('Circle Axis2P3D',#1330,#1331,$) ;
#1339=AXIS2_PLACEMENT_3D('Circle Axis2P3D',#1337,#1338,$) ;
#1346=AXIS2_PLACEMENT_3D('Circle Axis2P3D',#1344,#1345,$) ;
#1360=AXIS2_PLACEMENT_3D('Cylinder Axis2P3D',#1357,#1358,#1359) ;
#1378=AXIS2_PLACEMENT_3D('Circle Axis2P3D',#1376,#1377,$) ;
#1392=AXIS2_PLACEMENT_3D('Torus Axis2P3D',#1389,#1390,#1391) ;
#1396=AXIS2_PLACEMENT_3D('Circle Axis2P3D',#1394,#1395,$) ;
#1403=AXIS2_PLACEMENT_3D('Circle Axis2P3D',#1401,#1402,$) ;
#1410=AXIS2_PLACEMENT_3D('Circle Axis2P3D',#1408,#1409,$) ;
#1424=AXIS2_PLACEMENT_3D('Cylinder Axis2P3D',#1421,#1422,#1423) ;
#1442=AXIS2_PLACEMENT_3D('Circle Axis2P3D',#1440,#1441,$) ;
#1456=AXIS2_PLACEMENT_3D('Torus Axis2P3D',#1453,#1454,#1455) ;
#1460=AXIS2_PLACEMENT_3D('Circle Axis2P3D',#1458,#1459,$) ;
#1467=AXIS2_PLACEMENT_3D('Circle Axis2P3D',#1465,#1466,$) ;
#1474=AXIS2_PLACEMENT_3D('Circle Axis2P3D',#1472,#1473,$) ;
#1488=AXIS2_PLACEMENT_3D('Cylinder Axis2P3D',#1485,#1486,#1487) ;
#1679=AXIS2_PLACEMENT_3D('Cylinder Axis2P3D',#1676,#1677,#1678) ;
#1873=AXIS2_PLACEMENT_3D('Plane Axis2P3D',#1870,#1871,#1872) ;
#1898=AXIS2_PLACEMENT_3D('Cylinder Axis2P3D',#1895,#1896,#1897) ;
#1909=AXIS2_PLACEMENT_3D('Circle Axis2P3D',#1907,#1908,$) ;
#1923=AXIS2_PLACEMENT_3D('Cylinder Axis2P3D',#1920,#1921,#1922) ;
#1927=AXIS2_PLACEMENT_3D('Circle Axis2P3D',#1925,#1926,$) ;
#1941=AXIS2_PLACEMENT_3D('Torus Axis2P3D',#1938,#1939,#1940) ;
#1945=AXIS2_PLACEMENT_3D('Circle Axis2P3D',#1943,#1944,$) ;
#1959=AXIS2_PLACEMENT_3D('Plane Axis2P3D',#1956,#1957,#1958) ;
#1984=AXIS2_PLACEMENT_3D('Cylinder Axis2P3D',#1981,#1982,#1983) ;
#1988=AXIS2_PLACEMENT_3D('Circle Axis2P3D',#1986,#1987,$) ;
#2009=AXIS2_PLACEMENT_3D('Cylinder Axis2P3D',#2006,#2007,#2008) ;
#2013=AXIS2_PLACEMENT_3D('Circle Axis2P3D',#2011,#2012,$) ;
#2027=AXIS2_PLACEMENT_3D('Torus Axis2P3D',#2024,#2025,#2026) ;
#2031=AXIS2_PLACEMENT_3D('Circle Axis2P3D',#2029,#2030,$) ;
#2045=AXIS2_PLACEMENT_3D('Plane Axis2P3D',#2042,#2043,#2044) ;
#2063=AXIS2_PLACEMENT_3D('Cylinder Axis2P3D',#2060,#2061,#2062) ;
#2081=AXIS2_PLACEMENT_3D('Cone Axis2P3D',#2078,#2079,#2080) ;
#2115=AXIS2_PLACEMENT_3D('Torus Axis2P3D',#2112,#2113,#2114) ;
#2119=AXIS2_PLACEMENT_3D('Circle Axis2P3D',#2117,#2118,$) ;
#2126=AXIS2_PLACEMENT_3D('Circle Axis2P3D',#2124,#2125,$) ;
#2133=AXIS2_PLACEMENT_3D('Circle Axis2P3D',#2131,#2132,$) ;
#2147=AXIS2_PLACEMENT_3D('Cone Axis2P3D',#2144,#2145,#2146) ;
#2158=AXIS2_PLACEMENT_3D('Circle Axis2P3D',#2156,#2157,$) ;
#2172=AXIS2_PLACEMENT_3D('Torus Axis2P3D',#2169,#2170,#2171) ;
#2176=AXIS2_PLACEMENT_3D('Circle Axis2P3D',#2174,#2175,$) ;
#2183=AXIS2_PLACEMENT_3D('Circle Axis2P3D',#2181,#2182,$) ;
#2197=AXIS2_PLACEMENT_3D('Plane Axis2P3D',#2194,#2195,#2196) ;
#2222=AXIS2_PLACEMENT_3D('Cylinder Axis2P3D',#2219,#2220,#2221) ;
#2226=AXIS2_PLACEMENT_3D('Circle Axis2P3D',#2224,#2225,$) ;
#2247=AXIS2_PLACEMENT_3D('Cone Axis2P3D',#2244,#2245,#2246) ;
#2258=AXIS2_PLACEMENT_3D('Circle Axis2P3D',#2256,#2257,$) ;
#2272=AXIS2_PLACEMENT_3D('Torus Axis2P3D',#2269,#2270,#2271) ;
#2276=AXIS2_PLACEMENT_3D('Circle Axis2P3D',#2274,#2275,$) ;
#2283=AXIS2_PLACEMENT_3D('Circle Axis2P3D',#2281,#2282,$) ;
#2297=AXIS2_PLACEMENT_3D('Cone Axis2P3D',#2294,#2295,#2296) ;
#2308=AXIS2_PLACEMENT_3D('Circle Axis2P3D',#2306,#2307,$) ;
#2322=AXIS2_PLACEMENT_3D('Torus Axis2P3D',#2319,#2320,#2321) ;
#2326=AXIS2_PLACEMENT_3D('Circle Axis2P3D',#2324,#2325,$) ;
#2333=AXIS2_PLACEMENT_3D('Circle Axis2P3D',#2331,#2332,$) ;
#2347=AXIS2_PLACEMENT_3D('Plane Axis2P3D',#2344,#2345,#2346) ;
#2351=AXIS2_PLACEMENT_3D('Circle Axis2P3D',#2349,#2350,$) ;
#2386=AXIS2_PLACEMENT_3D('Circle Axis2P3D',#2384,#2385,$) ;
#2393=AXIS2_PLACEMENT_3D('Circle Axis2P3D',#2391,#2392,$) ;
#2407=AXIS2_PLACEMENT_3D('Circle Axis2P3D',#2405,#2406,$) ;
#2414=AXIS2_PLACEMENT_3D('Circle Axis2P3D',#2412,#2413,$) ;
#2460=AXIS2_PLACEMENT_3D('Plane Axis2P3D',#2457,#2458,#2459) ;
#2488=AXIS2_PLACEMENT_3D('Cylinder Axis2P3D',#2485,#2486,#2487) ;
#2492=AXIS2_PLACEMENT_3D('Circle Axis2P3D',#2490,#2491,$) ;
#2741=AXIS2_PLACEMENT_3D('Plane Axis2P3D',#2738,#2739,#2740) ;
#2769=AXIS2_PLACEMENT_3D('Cylinder Axis2P3D',#2766,#2767,#2768) ;
#2773=AXIS2_PLACEMENT_3D('Circle Axis2P3D',#2771,#2772,$) ;
#3016=AXIS2_PLACEMENT_3D('Cone Axis2P3D',#3013,#3014,#3015) ;
#3119=AXIS2_PLACEMENT_3D('Cone Axis2P3D',#3116,#3117,#3118) ;
#3142=AXIS2_PLACEMENT_3D('Cone Axis2P3D',#3139,#3140,#3141) ;
#3160=AXIS2_PLACEMENT_3D('Plane Axis2P3D',#3157,#3158,#3159) ;
#3178=AXIS2_PLACEMENT_3D('Cone Axis2P3D',#3175,#3176,#3177) ;
#3196=AXIS2_PLACEMENT_3D('Cone Axis2P3D',#3193,#3194,#3195) ;
#3214=AXIS2_PLACEMENT_3D('Plane Axis2P3D',#3211,#3212,#3213) ;
#3228=AXIS2_PLACEMENT_3D('Plane Axis2P3D',#3225,#3226,#3227) ;
#3242=AXIS2_PLACEMENT_3D('Cylinder Axis2P3D',#3239,#3240,#3241) ;
#3253=AXIS2_PLACEMENT_3D('Circle Axis2P3D',#3251,#3252,$) ;
#3274=AXIS2_PLACEMENT_3D('Cylinder Axis2P3D',#3271,#3272,#3273) ;
#3278=AXIS2_PLACEMENT_3D('Circle Axis2P3D',#3276,#3277,$) ;
#3292=AXIS2_PLACEMENT_3D('Plane Axis2P3D',#3289,#3290,#3291) ;
#3296=AXIS2_PLACEMENT_3D('Circle Axis2P3D',#3294,#3295,$) ;
#3305=AXIS2_PLACEMENT_3D('Circle Axis2P3D',#3303,#3304,$) ;
#3317=AXIS2_PLACEMENT_3D('Cone Axis2P3D',#3314,#3315,#3316) ;
#3340=AXIS2_PLACEMENT_3D('Cone Axis2P3D',#3337,#3338,#3339) ;
#3353=AXIS2_PLACEMENT_3D('Cylinder Axis2P3D',#3350,#3351,#3352) ;
#3364=AXIS2_PLACEMENT_3D('Circle Axis2P3D',#3362,#3363,$) ;
#3385=AXIS2_PLACEMENT_3D('Cylinder Axis2P3D',#3382,#3383,#3384) ;
#3389=AXIS2_PLACEMENT_3D('Circle Axis2P3D',#3387,#3388,$) ;
#3403=AXIS2_PLACEMENT_3D('Plane Axis2P3D',#3400,#3401,#3402) ;
#3407=AXIS2_PLACEMENT_3D('Circle Axis2P3D',#3405,#3406,$) ;
#3416=AXIS2_PLACEMENT_3D('Circle Axis2P3D',#3414,#3415,$) ;
#3428=AXIS2_PLACEMENT_3D('Cone Axis2P3D',#3425,#3426,#3427) ;
#3451=AXIS2_PLACEMENT_3D('Cone Axis2P3D',#3448,#3449,#3450) ;
#3468=AXIS2_PLACEMENT_3D('Plane Axis2P3D',#3465,#3466,#3467) ;
#3472=AXIS2_PLACEMENT_3D('Circle Axis2P3D',#3470,#3471,$) ;
#3481=AXIS2_PLACEMENT_3D('Circle Axis2P3D',#3479,#3480,$) ;
#3488=AXIS2_PLACEMENT_3D('Circle Axis2P3D',#3486,#3487,$) ;
#3502=AXIS2_PLACEMENT_3D('Circle Axis2P3D',#3500,#3501,$) ;
#3509=AXIS2_PLACEMENT_3D('Circle Axis2P3D',#3507,#3508,$) ;
#3523=AXIS2_PLACEMENT_3D('Circle Axis2P3D',#3521,#3522,$) ;
#3530=AXIS2_PLACEMENT_3D('Circle Axis2P3D',#3528,#3529,$) ;
#3554=AXIS2_PLACEMENT_3D('Circle Axis2P3D',#3552,#3553,$) ;
#3563=AXIS2_PLACEMENT_3D('Circle Axis2P3D',#3561,#3562,$) ;
#3572=AXIS2_PLACEMENT_3D('Circle Axis2P3D',#3570,#3571,$) ;
#3581=AXIS2_PLACEMENT_3D('Circle Axis2P3D',#3579,#3580,$) ;
#3592=AXIS2_PLACEMENT_3D('Circle Axis2P3D',#3590,#3591,$) ;
#3620=AXIS2_PLACEMENT_3D('Torus Axis2P3D',#3617,#3618,#3619) ;
#3624=AXIS2_PLACEMENT_3D('Circle Axis2P3D',#3622,#3623,$) ;
#3631=AXIS2_PLACEMENT_3D('Circle Axis2P3D',#3629,#3630,$) ;
#3638=AXIS2_PLACEMENT_3D('Circle Axis2P3D',#3636,#3637,$) ;
#3651=AXIS2_PLACEMENT_3D('Circle Axis2P3D',#3649,#3650,$) ;
#3679=AXIS2_PLACEMENT_3D('Torus Axis2P3D',#3676,#3677,#3678) ;
#3683=AXIS2_PLACEMENT_3D('Circle Axis2P3D',#3681,#3682,$) ;
#3690=AXIS2_PLACEMENT_3D('Circle Axis2P3D',#3688,#3689,$) ;
#3697=AXIS2_PLACEMENT_3D('Circle Axis2P3D',#3695,#3696,$) ;
#3710=AXIS2_PLACEMENT_3D('Circle Axis2P3D',#3708,#3709,$) ;
#3738=AXIS2_PLACEMENT_3D('Torus Axis2P3D',#3735,#3736,#3737) ;
#3742=AXIS2_PLACEMENT_3D('Circle Axis2P3D',#3740,#3741,$) ;
#3749=AXIS2_PLACEMENT_3D('Circle Axis2P3D',#3747,#3748,$) ;
#3756=AXIS2_PLACEMENT_3D('Circle Axis2P3D',#3754,#3755,$) ;
#3956=AXIS2_PLACEMENT_3D('Cylinder Axis2P3D',#3953,#3954,#3955) ;
#4170=AXIS2_PLACEMENT_3D('Cylinder Axis2P3D',#4167,#4168,#4169) ;
#4174=AXIS2_PLACEMENT_3D('Circle Axis2P3D',#4172,#4173,$) ;
#4194=AXIS2_PLACEMENT_3D('Circle Axis2P3D',#4192,#4193,$) ;
#4208=AXIS2_PLACEMENT_3D('Torus Axis2P3D',#4205,#4206,#4207) ;
#4212=AXIS2_PLACEMENT_3D('Circle Axis2P3D',#4210,#4211,$) ;
#4246=AXIS2_PLACEMENT_3D('Cylinder Axis2P3D',#4243,#4244,#4245) ;
#4257=AXIS2_PLACEMENT_3D('Circle Axis2P3D',#4255,#4256,$) ;
#4270=AXIS2_PLACEMENT_3D('Circle Axis2P3D',#4268,#4269,$) ;
#4284=AXIS2_PLACEMENT_3D('Torus Axis2P3D',#4281,#4282,#4283) ;
#4288=AXIS2_PLACEMENT_3D('Circle Axis2P3D',#4286,#4287,$) ;
#4315=AXIS2_PLACEMENT_3D('Cylinder Axis2P3D',#4312,#4313,#4314) ;
#4333=AXIS2_PLACEMENT_3D('Cone Axis2P3D',#4330,#4331,#4332) ;
#4367=AXIS2_PLACEMENT_3D('Torus Axis2P3D',#4364,#4365,#4366) ;
#4371=AXIS2_PLACEMENT_3D('Circle Axis2P3D',#4369,#4370,$) ;
#4380=AXIS2_PLACEMENT_3D('Circle Axis2P3D',#4378,#4379,$) ;
#4385=AXIS2_PLACEMENT_3D('Circle Axis2P3D',#4383,#4384,$) ;
#4399=AXIS2_PLACEMENT_3D('Cone Axis2P3D',#4396,#4397,#4398) ;
#4403=AXIS2_PLACEMENT_3D('Circle Axis2P3D',#4401,#4402,$) ;
#4424=AXIS2_PLACEMENT_3D('Torus Axis2P3D',#4421,#4422,#4423) ;
#4428=AXIS2_PLACEMENT_3D('Circle Axis2P3D',#4426,#4427,$) ;
#4435=AXIS2_PLACEMENT_3D('Circle Axis2P3D',#4433,#4434,$) ;
#4449=AXIS2_PLACEMENT_3D('Plane Axis2P3D',#4446,#4447,#4448) ;
#4474=AXIS2_PLACEMENT_3D('Cylinder Axis2P3D',#4471,#4472,#4473) ;
#4485=AXIS2_PLACEMENT_3D('Circle Axis2P3D',#4483,#4484,$) ;
#4499=AXIS2_PLACEMENT_3D('Cone Axis2P3D',#4496,#4497,#4498) ;
#4503=AXIS2_PLACEMENT_3D('Circle Axis2P3D',#4501,#4502,$) ;
#4524=AXIS2_PLACEMENT_3D('Torus Axis2P3D',#4521,#4522,#4523) ;
#4528=AXIS2_PLACEMENT_3D('Circle Axis2P3D',#4526,#4527,$) ;
#4535=AXIS2_PLACEMENT_3D('Circle Axis2P3D',#4533,#4534,$) ;
#4549=AXIS2_PLACEMENT_3D('Cone Axis2P3D',#4546,#4547,#4548) ;
#4553=AXIS2_PLACEMENT_3D('Circle Axis2P3D',#4551,#4552,$) ;
#4574=AXIS2_PLACEMENT_3D('Torus Axis2P3D',#4571,#4572,#4573) ;
#4578=AXIS2_PLACEMENT_3D('Circle Axis2P3D',#4576,#4577,$) ;
#4585=AXIS2_PLACEMENT_3D('Circle Axis2P3D',#4583,#4584,$) ;
#4599=AXIS2_PLACEMENT_3D('Plane Axis2P3D',#4596,#4597,#4598) ;
#4631=AXIS2_PLACEMENT_3D('Circle Axis2P3D',#4629,#4630,$) ;
#4638=AXIS2_PLACEMENT_3D('Circle Axis2P3D',#4636,#4637,$) ;
#4652=AXIS2_PLACEMENT_3D('Circle Axis2P3D',#4650,#4651,$) ;
#4659=AXIS2_PLACEMENT_3D('Circle Axis2P3D',#4657,#4658,$) ;
#4692=AXIS2_PLACEMENT_3D('Circle Axis2P3D',#4690,#4691,$) ;
#4712=AXIS2_PLACEMENT_3D('Plane Axis2P3D',#4709,#4710,#4711) ;
#4740=AXIS2_PLACEMENT_3D('Cylinder Axis2P3D',#4737,#4738,#4739) ;
#4751=AXIS2_PLACEMENT_3D('Circle Axis2P3D',#4749,#4750,$) ;
#4993=AXIS2_PLACEMENT_3D('Plane Axis2P3D',#4990,#4991,#4992) ;
#5021=AXIS2_PLACEMENT_3D('Cylinder Axis2P3D',#5018,#5019,#5020) ;
#5032=AXIS2_PLACEMENT_3D('Circle Axis2P3D',#5030,#5031,$) ;
#5268=AXIS2_PLACEMENT_3D('Cone Axis2P3D',#5265,#5266,#5267) ;
#5371=AXIS2_PLACEMENT_3D('Cone Axis2P3D',#5368,#5369,#5370) ;
#5394=AXIS2_PLACEMENT_3D('Cone Axis2P3D',#5391,#5392,#5393) ;
#5412=AXIS2_PLACEMENT_3D('Plane Axis2P3D',#5409,#5410,#5411) ;
#5430=AXIS2_PLACEMENT_3D('Cone Axis2P3D',#5427,#5428,#5429) ;
#5448=AXIS2_PLACEMENT_3D('Cone Axis2P3D',#5445,#5446,#5447) ;
#5466=AXIS2_PLACEMENT_3D('Plane Axis2P3D',#5463,#5464,#5465) ;
#5480=AXIS2_PLACEMENT_3D('Plane Axis2P3D',#5477,#5478,#5479) ;
#5500=AXIS2_PLACEMENT_3D('Circle Axis2P3D',#5498,#5499,$) ;
#5520=AXIS2_PLACEMENT_3D('Circle Axis2P3D',#5518,#5519,$) ;
#5534=AXIS2_PLACEMENT_3D('Plane Axis2P3D',#5531,#5532,#5533) ;
#5538=AXIS2_PLACEMENT_3D('Circle Axis2P3D',#5536,#5537,$) ;
#5547=AXIS2_PLACEMENT_3D('Circle Axis2P3D',#5545,#5546,$) ;
#5559=AXIS2_PLACEMENT_3D('Cone Axis2P3D',#5556,#5557,#5558) ;
#5582=AXIS2_PLACEMENT_3D('Cone Axis2P3D',#5579,#5580,#5581) ;
#5601=AXIS2_PLACEMENT_3D('Circle Axis2P3D',#5599,#5600,$) ;
#5621=AXIS2_PLACEMENT_3D('Circle Axis2P3D',#5619,#5620,$) ;
#5635=AXIS2_PLACEMENT_3D('Plane Axis2P3D',#5632,#5633,#5634) ;
#5639=AXIS2_PLACEMENT_3D('Circle Axis2P3D',#5637,#5638,$) ;
#5648=AXIS2_PLACEMENT_3D('Circle Axis2P3D',#5646,#5647,$) ;
#5660=AXIS2_PLACEMENT_3D('Cone Axis2P3D',#5657,#5658,#5659) ;
#5683=AXIS2_PLACEMENT_3D('Cone Axis2P3D',#5680,#5681,#5682) ;
#14=CARTESIAN_POINT('',(0.,0.,0.)) ;
#21=CARTESIAN_POINT('',(0.,0.,-203.2)) ;
#30=CARTESIAN_POINT('',(0.,0.,203.2)) ;
#36=CARTESIAN_POINT('',(0.,-88.9,2.84217094304E-14)) ;
#42=CARTESIAN_POINT('',(0.,88.9,2.48689957516E-14)) ;
#48=CARTESIAN_POINT('',(0.,-88.9,-63.5)) ;
#54=CARTESIAN_POINT('',(0.,88.9,-63.5)) ;
#60=CARTESIAN_POINT('',(0.,0.,0.)) ;
#66=CARTESIAN_POINT('',(0.,-26.9875,0.)) ;
#72=CARTESIAN_POINT('',(-6.35,15.7952241059,0.)) ;
#78=CARTESIAN_POINT('',(-6.35,0.,0.)) ;
#84=CARTESIAN_POINT('',(0.,-15.7952241059,-77.1568979856)) ;
#90=CARTESIAN_POINT('',(0.,15.7952241059,-77.1568979856)) ;
#96=CARTESIAN_POINT('',(0.,88.9,101.6)) ;
#102=CARTESIAN_POINT('',(0.,-88.9,101.6)) ;
#108=CARTESIAN_POINT('',(0.,88.9,50.8)) ;
#114=CARTESIAN_POINT('',(0.,-88.9,50.8)) ;
#120=CARTESIAN_POINT('',(0.,39.4890941253,5.28679421902)) ;
#126=CARTESIAN_POINT('',(0.,-39.4890941253,5.28679421902)) ;
#137=CARTESIAN_POINT('Axis2P3D Location',(0.,88.9,152.4)) ;
#142=CARTESIAN_POINT('Line Origine',(-8.881784197E-16,88.7104102267,149.85905386)) ;
#146=CARTESIAN_POINT('Vertex',(-6.35,88.7104102267,149.85905386)) ;
#148=CARTESIAN_POINT('Vertex',(6.35,88.7104102267,149.85905386)) ;
#151=CARTESIAN_POINT('Line Origine',(6.35,84.0427051134,87.3008942949)) ;
#155=CARTESIAN_POINT('Vertex',(6.35,79.375,24.7427347296)) ;
#158=CARTESIAN_POINT('Line Origine',(-2.6645352591E-15,79.375,24.7427347296)) ;
#162=CARTESIAN_POINT('Vertex',(-6.35,79.375,24.7427347296)) ;
#165=CARTESIAN_POINT('Line Origine',(-6.35,84.0427051134,87.3008942949)) ;
#185=CARTESIAN_POINT('Axis2P3D Location',(-2.6645352591E-15,57.0484226297,152.221476643)) ;
#190=CARTESIAN_POINT('Axis2P3D Location',(6.35,57.0484226297,152.221476643)) ;
#194=CARTESIAN_POINT('Vertex',(6.35,85.2180777571,166.868422741)) ;
#197=CARTESIAN_POINT('Axis2P3D Location',(-6.35,57.0484226297,152.221476643)) ;
#201=CARTESIAN_POINT('Vertex',(-6.35,85.2180777571,166.868422741)) ;
#204=CARTESIAN_POINT('Line Origine',(-1.7763568394E-15,85.2180777571,166.868422741)) ;
#217=CARTESIAN_POINT('Axis2P3D Location',(0.,0.,152.4)) ;
#226=CARTESIAN_POINT('Control Point',(6.35,85.2180777571,166.868422741)) ;
#227=CARTESIAN_POINT('Control Point',(6.35,81.9721210977,173.111190281)) ;
#228=CARTESIAN_POINT('Control Point',(6.35,76.9754766447,179.056724044)) ;
#229=CARTESIAN_POINT('Control Point',(6.35,70.3385644141,184.491015868)) ;
#230=CARTESIAN_POINT('Control Point',(6.35,54.2536054945,193.952770866)) ;
#231=CARTESIAN_POINT('Control Point',(6.35,33.8001299335,200.068684248)) ;
#232=CARTESIAN_POINT('Control Point',(6.35,22.7937213682,202.156384112)) ;
#233=CARTESIAN_POINT('Control Point',(6.35,4.03698041711E-13,204.243615888)) ;
#234=CARTESIAN_POINT('Control Point',(6.35,-22.7937213682,202.156384112)) ;
#235=CARTESIAN_POINT('Control Point',(6.35,-33.8001299335,200.068684248)) ;
#236=CARTESIAN_POINT('Control Point',(6.35,-54.2536054945,193.952770866)) ;
#237=CARTESIAN_POINT('Control Point',(6.35,-70.3385644141,184.491015868)) ;
#238=CARTESIAN_POINT('Control Point',(6.35,-76.9754766447,179.056724044)) ;
#239=CARTESIAN_POINT('Control Point',(6.35,-81.9721210977,173.111190281)) ;
#240=CARTESIAN_POINT('Control Point',(6.35,-85.2180777571,166.868422741)) ;
#241=CARTESIAN_POINT('Vertex',(6.35,-85.2180777571,166.868422741)) ;
#245=CARTESIAN_POINT('Control Point',(-6.35,85.2180777571,166.868422741)) ;
#246=CARTESIAN_POINT('Control Point',(-6.35,81.9721210977,173.111190281)) ;
#247=CARTESIAN_POINT('Control Point',(-6.35,76.9754766447,179.056724044)) ;
#248=CARTESIAN_POINT('Control Point',(-6.35,70.3385644141,184.491015868)) ;
#249=CARTESIAN_POINT('Control Point',(-6.35,54.2536054945,193.952770866)) ;
#250=CARTESIAN_POINT('Control Point',(-6.35,33.8001299335,200.068684248)) ;
#251=CARTESIAN_POINT('Control Point',(-6.35,22.7937213682,202.156384112)) ;
#252=CARTESIAN_POINT('Control Point',(-6.35,4.03698041711E-13,204.243615888)) ;
#253=CARTESIAN_POINT('Control Point',(-6.35,-22.7937213682,202.156384112)) ;
#254=CARTESIAN_POINT('Control Point',(-6.35,-33.8001299335,200.068684248)) ;
#255=CARTESIAN_POINT('Control Point',(-6.35,-54.2536054945,193.952770866)) ;
#256=CARTESIAN_POINT('Control Point',(-6.35,-70.3385644141,184.491015868)) ;
#257=CARTESIAN_POINT('Control Point',(-6.35,-76.9754766447,179.056724044)) ;
#258=CARTESIAN_POINT('Control Point',(-6.35,-81.9721210977,173.111190281)) ;
#259=CARTESIAN_POINT('Control Point',(-6.35,-85.2180777571,166.868422741)) ;
#260=CARTESIAN_POINT('Vertex',(-6.35,-85.2180777571,166.868422741)) ;
#263=CARTESIAN_POINT('Line Origine',(0.,-85.2180777571,166.868422741)) ;
#276=CARTESIAN_POINT('Axis2P3D Location',(-1.7763568394E-15,-57.0484226297,152.221476643)) ;
#281=CARTESIAN_POINT('Axis2P3D Location',(6.35,-57.0484226297,152.221476643)) ;
#285=CARTESIAN_POINT('Vertex',(6.35,-88.7104102267,149.85905386)) ;
#288=CARTESIAN_POINT('Axis2P3D Location',(-6.35,-57.0484226297,152.221476643)) ;
#292=CARTESIAN_POINT('Vertex',(-6.35,-88.7104102267,149.85905386)) ;
#295=CARTESIAN_POINT('Line Origine',(-1.7763568394E-15,-88.7104102267,149.85905386)) ;
#308=CARTESIAN_POINT('Axis2P3D Location',(0.,-88.9,152.4)) ;
#313=CARTESIAN_POINT('Line Origine',(-6.35,-84.042705117,87.3008943434)) ;
#317=CARTESIAN_POINT('Vertex',(-6.35,-79.375,24.7427347296)) ;
#320=CARTESIAN_POINT('Line Origine',(0.,-79.3750000072,24.7427348267)) ;
#324=CARTESIAN_POINT('Vertex',(6.35,-79.375,24.7427347296)) ;
#327=CARTESIAN_POINT('Line Origine',(6.35,-84.042705117,87.3008943434)) ;
#340=CARTESIAN_POINT('Axis2P3D Location',(-1.7763568394E-15,-41.3806148835,27.5776420689)) ;
#345=CARTESIAN_POINT('Axis2P3D Location',(-6.35,-41.3806148835,27.5776420689)) ;
#349=CARTESIAN_POINT('Vertex',(-6.35,-70.8047423922,3.37370188647)) ;
#352=CARTESIAN_POINT('Line Origine',(-1.7763568394E-15,-70.8047424108,3.37370190908)) ;
#356=CARTESIAN_POINT('Vertex',(6.35,-70.8047423922,3.37370188647)) ;
#359=CARTESIAN_POINT('Axis2P3D Location',(6.35,-41.3806148835,27.5776420689)) ;
#372=CARTESIAN_POINT('Axis2P3D Location',(0.,-70.8047423922,3.37370188647)) ;
#377=CARTESIAN_POINT('Line Origine',(-6.35,-47.6379194947,-24.7896279583)) ;
#381=CARTESIAN_POINT('Vertex',(-6.35,-24.4710965973,-52.9529578031)) ;
#384=CARTESIAN_POINT('Line Origine',(0.,-24.4710965973,-52.9529578031)) ;
#388=CARTESIAN_POINT('Vertex',(6.35,-24.4710965973,-52.9529578031)) ;
#391=CARTESIAN_POINT('Line Origine',(6.35,-47.6379194947,-24.7896279583)) ;
#404=CARTESIAN_POINT('Axis2P3D Location',(-1.7763568394E-15,-53.8952241059,-77.1568979856)) ;
#409=CARTESIAN_POINT('Axis2P3D Location',(6.35,-53.8952241059,-77.1568979856)) ;
#413=CARTESIAN_POINT('Vertex',(6.35,-15.7952241059,-77.1568979856)) ;
#416=CARTESIAN_POINT('Axis2P3D Location',(-6.35,-53.8952241059,-77.1568979856)) ;
#420=CARTESIAN_POINT('Vertex',(-6.35,-15.7952241059,-77.1568979856)) ;
#423=CARTESIAN_POINT('Line Origine',(-1.7763568394E-15,-15.7952241059,-77.1568979856)) ;
#436=CARTESIAN_POINT('Axis2P3D Location',(0.,-15.7952241059,-77.1568979856)) ;
#441=CARTESIAN_POINT('Line Origine',(-6.35,-15.7952241059,-124.954362795)) ;
#445=CARTESIAN_POINT('Vertex',(-6.35,-15.7952241059,-172.751827605)) ;
#448=CARTESIAN_POINT('Line Origine',(0.,-15.7952241059,-172.751827605)) ;
#452=CARTESIAN_POINT('Vertex',(6.35,-15.7952241059,-172.751827605)) ;
#455=CARTESIAN_POINT('Line Origine',(6.35,-15.7952241059,-124.954362795)) ;
#468=CARTESIAN_POINT('Axis2P3D Location',(-1.7763568394E-15,-53.8952241059,-172.751827605)) ;
#473=CARTESIAN_POINT('Axis2P3D Location',(6.35,-53.8952241059,-172.751827605)) ;
#477=CARTESIAN_POINT('Vertex',(6.35,-19.6690448212,-189.490365521)) ;
#480=CARTESIAN_POINT('Axis2P3D Location',(-6.35,-53.8952241059,-172.751827605)) ;
#484=CARTESIAN_POINT('Vertex',(-6.35,-19.6690448212,-189.490365521)) ;
#487=CARTESIAN_POINT('Line Origine',(-1.7763568394E-15,-19.6690448212,-189.490365521)) ;
#500=CARTESIAN_POINT('Axis2P3D Location',(-1.7763568394E-15,-11.1125,-193.675)) ;
#505=CARTESIAN_POINT('Axis2P3D Location',(-6.35,-11.1125,-193.675)) ;
#509=CARTESIAN_POINT('Vertex',(-6.35,-11.1125,-203.2)) ;
#512=CARTESIAN_POINT('Line Origine',(-1.7763568394E-15,-11.1125,-203.2)) ;
#516=CARTESIAN_POINT('Vertex',(6.35,-11.1125,-203.2)) ;
#519=CARTESIAN_POINT('Axis2P3D Location',(6.35,-11.1125,-193.675)) ;
#532=CARTESIAN_POINT('Axis2P3D Location',(0.,11.1125,-203.2)) ;
#537=CARTESIAN_POINT('Line Origine',(6.35,0.,-203.2)) ;
#541=CARTESIAN_POINT('Vertex',(6.35,11.1125,-203.2)) ;
#544=CARTESIAN_POINT('Line Origine',(-6.35,0.,-203.2)) ;
#548=CARTESIAN_POINT('Vertex',(-6.35,11.1125,-203.2)) ;
#551=CARTESIAN_POINT('Line Origine',(0.,11.1125,-203.2)) ;
#564=CARTESIAN_POINT('Axis2P3D Location',(-1.7763568394E-15,11.1125,-193.675)) ;
#569=CARTESIAN_POINT('Axis2P3D Location',(-6.35,11.1125,-193.675)) ;
#573=CARTESIAN_POINT('Vertex',(-6.35,19.6690448212,-189.490365521)) ;
#576=CARTESIAN_POINT('Line Origine',(-1.7763568394E-15,19.6690448212,-189.490365521)) ;
#580=CARTESIAN_POINT('Vertex',(6.35,19.6690448212,-189.490365521)) ;
#583=CARTESIAN_POINT('Axis2P3D Location',(6.35,11.1125,-193.675)) ;
#596=CARTESIAN_POINT('Axis2P3D Location',(-1.7763568394E-15,53.8952241059,-172.751827605)) ;
#601=CARTESIAN_POINT('Axis2P3D Location',(6.35,53.8952241059,-172.751827605)) ;
#605=CARTESIAN_POINT('Vertex',(6.35,15.7952241059,-172.751827605)) ;
#608=CARTESIAN_POINT('Axis2P3D Location',(-6.35,53.8952241059,-172.751827605)) ;
#612=CARTESIAN_POINT('Vertex',(-6.35,15.7952241059,-172.751827605)) ;
#615=CARTESIAN_POINT('Line Origine',(-1.7763568394E-15,15.7952241059,-172.751827605)) ;
#628=CARTESIAN_POINT('Axis2P3D Location',(0.,15.7952241059,-77.1568979856)) ;
#633=CARTESIAN_POINT('Line Origine',(6.35,15.7952241059,-124.954362795)) ;
#637=CARTESIAN_POINT('Vertex',(6.35,15.7952241059,-77.1568979856)) ;
#640=CARTESIAN_POINT('Line Origine',(-6.35,15.7952241059,-124.954362795)) ;
#644=CARTESIAN_POINT('Vertex',(-6.35,15.7952241059,-77.1568979856)) ;
#647=CARTESIAN_POINT('Line Origine',(0.,15.7952241059,-77.1568979856)) ;
#660=CARTESIAN_POINT('Axis2P3D Location',(-1.7763568394E-15,53.8952241059,-77.1568979856)) ;
#665=CARTESIAN_POINT('Axis2P3D Location',(6.35,53.8952241059,-77.1568979856)) ;
#669=CARTESIAN_POINT('Vertex',(6.35,24.4710965973,-52.9529578031)) ;
#672=CARTESIAN_POINT('Axis2P3D Location',(-6.35,53.8952241059,-77.1568979856)) ;
#676=CARTESIAN_POINT('Vertex',(-6.35,24.4710965973,-52.9529578031)) ;
#679=CARTESIAN_POINT('Line Origine',(-1.7763568394E-15,24.4710965973,-52.9529578031)) ;
#692=CARTESIAN_POINT('Axis2P3D Location',(0.,70.8047423922,3.37370188647)) ;
#697=CARTESIAN_POINT('Line Origine',(6.35,47.6379194947,-24.7896279583)) ;
#701=CARTESIAN_POINT('Vertex',(6.35,70.8047423922,3.37370188647)) ;
#704=CARTESIAN_POINT('Line Origine',(-6.35,47.6379194947,-24.7896279583)) ;
#708=CARTESIAN_POINT('Vertex',(-6.35,70.8047423922,3.37370188647)) ;
#711=CARTESIAN_POINT('Line Origine',(0.,70.8047423922,3.37370188647)) ;
#724=CARTESIAN_POINT('Axis2P3D Location',(-1.7763568394E-15,41.3806148835,27.5776420689)) ;
#729=CARTESIAN_POINT('Axis2P3D Location',(-6.35,41.3806148835,27.5776420689)) ;
#734=CARTESIAN_POINT('Axis2P3D Location',(6.35,41.3806148835,27.5776420689)) ;
#747=CARTESIAN_POINT('Axis2P3D Location',(-1.7763568394E-15,5.83238038094E-15,-177.8)) ;
#752=CARTESIAN_POINT('Axis2P3D Location',(6.35,5.83238038094E-15,-177.8)) ;
#756=CARTESIAN_POINT('Vertex',(6.35,-4.7625,-177.8)) ;
#758=CARTESIAN_POINT('Vertex',(6.35,4.7625,-177.8)) ;
#761=CARTESIAN_POINT('Line Origine',(-1.7763568394E-15,4.7625,-177.8)) ;
#765=CARTESIAN_POINT('Vertex',(-6.35,4.7625,-177.8)) ;
#768=CARTESIAN_POINT('Axis2P3D Location',(-6.35,5.83238038094E-15,-177.8)) ;
#772=CARTESIAN_POINT('Vertex',(-6.35,-4.7625,-177.8)) ;
#775=CARTESIAN_POINT('Line Origine',(-1.7763568394E-15,-4.7625,-177.8)) ;
#788=CARTESIAN_POINT('Axis2P3D Location',(-1.7763568394E-15,5.83238038094E-15,-177.8)) ;
#793=CARTESIAN_POINT('Axis2P3D Location',(6.35,5.83238038094E-15,-177.8)) ;
#798=CARTESIAN_POINT('Axis2P3D Location',(-6.35,5.83238038094E-15,-177.8)) ;
#811=CARTESIAN_POINT('Axis2P3D Location',(0.,39.4890941253,5.28679421902)) ;
#816=CARTESIAN_POINT('Line Origine',(-6.35,24.052638219,-13.4789209267)) ;
#820=CARTESIAN_POINT('Vertex',(-6.35,33.4318270243,-2.07687459648)) ;
#822=CARTESIAN_POINT('Vertex',(-6.35,14.6734494137,-24.8809672568)) ;
#825=CARTESIAN_POINT('Line Origine',(0.,14.6734494137,-24.8809672568)) ;
#829=CARTESIAN_POINT('Vertex',(6.35,14.6734494137,-24.8809672568)) ;
#832=CARTESIAN_POINT('Line Origine',(6.35,24.052638219,-13.4789209267)) ;
#836=CARTESIAN_POINT('Vertex',(6.35,33.4318270243,-2.07687459648)) ;
#839=CARTESIAN_POINT('Line Origine',(-1.7763568394E-15,33.4318270243,-2.07687459648)) ;
#852=CARTESIAN_POINT('Axis2P3D Location',(-1.7763568394E-15,30.9798163986,-0.0598795812734)) ;
#857=CARTESIAN_POINT('Axis2P3D Location',(6.35,30.9798163986,-0.0598795812734)) ;
#861=CARTESIAN_POINT('Vertex',(6.35,30.3349357308,3.04893915329)) ;
#864=CARTESIAN_POINT('Line Origine',(-1.7763568394E-15,30.3349357308,3.04893915329)) ;
#868=CARTESIAN_POINT('Vertex',(-6.35,30.3349357308,3.04893915329)) ;
#871=CARTESIAN_POINT('Axis2P3D Location',(-6.35,30.9798163986,-0.0598795812734)) ;
#884=CARTESIAN_POINT('Axis2P3D Location',(-1.7763568394E-15,1.10678451343E-13,-12.8107608666)) ;
#889=CARTESIAN_POINT('Axis2P3D Location',(6.35,1.10678451343E-13,-12.8107608666)) ;
#893=CARTESIAN_POINT('Vertex',(6.35,-14.6734494137,-24.8809672568)) ;
#896=CARTESIAN_POINT('Axis2P3D Location',(-6.35,1.10678451343E-13,-12.8107608666)) ;
#900=CARTESIAN_POINT('Vertex',(-6.35,-14.6734494137,-24.8809672568)) ;
#903=CARTESIAN_POINT('Line Origine',(-1.7763568394E-15,-14.673449423,-24.8809672455)) ;
#916=CARTESIAN_POINT('Axis2P3D Location',(0.,-39.4890941253,5.28679421902)) ;
#921=CARTESIAN_POINT('Line Origine',(0.,-33.4318270243,-2.07687459648)) ;
#925=CARTESIAN_POINT('Vertex',(6.35,-33.4318270243,-2.07687459648)) ;
#927=CARTESIAN_POINT('Vertex',(-6.35,-33.4318270243,-2.07687459648)) ;
#930=CARTESIAN_POINT('Line Origine',(6.35,-24.052638219,-13.4789209267)) ;
#935=CARTESIAN_POINT('Line Origine',(-6.35,-24.052638219,-13.4789209267)) ;
#948=CARTESIAN_POINT('Axis2P3D Location',(-2.6645352591E-15,-30.9798163986,-0.0598795812733)) ;
#953=CARTESIAN_POINT('Line Origine',(-3.5527136788E-15,-30.3349357308,3.04893915329)) ;
#957=CARTESIAN_POINT('Vertex',(6.35,-30.3349357308,3.04893915329)) ;
#959=CARTESIAN_POINT('Vertex',(-6.35,-30.3349357308,3.04893915329)) ;
#962=CARTESIAN_POINT('Axis2P3D Location',(6.35,-30.9798163986,-0.0598795812733)) ;
#967=CARTESIAN_POINT('Axis2P3D Location',(-6.35,-30.9798163986,-0.0598795812733)) ;
#980=CARTESIAN_POINT('Axis2P3D Location',(0.,-1.2180732613E-14,50.8)) ;
#989=CARTESIAN_POINT('Control Point',(-6.35,-30.3349357308,3.04893915329)) ;
#990=CARTESIAN_POINT('Control Point',(-6.35,-18.6954168138,0.63448486303)) ;
#991=CARTESIAN_POINT('Control Point',(-6.35,-6.3202447567,-0.622118137934)) ;
#992=CARTESIAN_POINT('Control Point',(-6.35,6.3202447567,-0.622118137934)) ;
#993=CARTESIAN_POINT('Control Point',(-6.35,18.6954168138,0.63448486303)) ;
#994=CARTESIAN_POINT('Control Point',(-6.35,30.3349357308,3.04893915329)) ;
#997=CARTESIAN_POINT('Control Point',(6.35,-30.3349357308,3.04893915329)) ;
#998=CARTESIAN_POINT('Control Point',(6.35,-18.6954168138,0.63448486303)) ;
#999=CARTESIAN_POINT('Control Point',(6.35,-6.3202447567,-0.622118137934)) ;
#1000=CARTESIAN_POINT('Control Point',(6.35,6.3202447567,-0.622118137934)) ;
#1001=CARTESIAN_POINT('Control Point',(6.35,18.6954168138,0.63448486303)) ;
#1002=CARTESIAN_POINT('Control Point',(6.35,30.3349357308,3.04893915329)) ;
#1012=CARTESIAN_POINT('Axis2P3D Location',(-1.7763568394E-15,0.,-93.8733759459)) ;
#1017=CARTESIAN_POINT('Axis2P3D Location',(6.35,0.,-93.8733759459)) ;
#1021=CARTESIAN_POINT('Vertex',(6.35,-4.7625,-93.8733759459)) ;
#1023=CARTESIAN_POINT('Vertex',(6.35,4.7625,-93.8733759459)) ;
#1026=CARTESIAN_POINT('Line Origine',(-1.7763568394E-15,4.7625,-93.8733759459)) ;
#1030=CARTESIAN_POINT('Vertex',(-6.35,4.7625,-93.8733759459)) ;
#1033=CARTESIAN_POINT('Axis2P3D Location',(-6.35,0.,-93.8733759459)) ;
#1037=CARTESIAN_POINT('Vertex',(-6.35,-4.7625,-93.8733759459)) ;
#1040=CARTESIAN_POINT('Line Origine',(-1.7763568394E-15,-4.7625,-93.8733759459)) ;
#1053=CARTESIAN_POINT('Axis2P3D Location',(-1.7763568394E-15,0.,-93.8733759459)) ;
#1058=CARTESIAN_POINT('Axis2P3D Location',(6.35,0.,-93.8733759459)) ;
#1063=CARTESIAN_POINT('Axis2P3D Location',(-6.35,0.,-93.8733759459)) ;
#1076=CARTESIAN_POINT('Axis2P3D Location',(-6.35,0.,0.)) ;
#1119=CARTESIAN_POINT('Axis2P3D Location',(6.35,0.,0.)) ;
#1166=CARTESIAN_POINT('Line Origine',(-6.35,-15.7952241059,-121.417145867)) ;
#1170=CARTESIAN_POINT('Vertex',(-6.35,-15.7952241059,-70.0824641276)) ;
#1172=CARTESIAN_POINT('Vertex',(-6.35,-15.7952241059,-172.751827606)) ;
#1175=CARTESIAN_POINT('Axis2P3D Location',(-6.35,-53.8952241059,-172.751827605)) ;
#1179=CARTESIAN_POINT('Vertex',(-6.35,-19.6690448212,-189.490365521)) ;
#1182=CARTESIAN_POINT('Axis2P3D Location',(-6.35,-11.1125,-193.675)) ;
#1186=CARTESIAN_POINT('Vertex',(-6.35,-11.1125,-203.2)) ;
#1189=CARTESIAN_POINT('Line Origine',(-6.35,-3.5527136788E-15,-203.2)) ;
#1193=CARTESIAN_POINT('Vertex',(-6.35,11.1125,-203.2)) ;
#1196=CARTESIAN_POINT('Axis2P3D Location',(-6.35,11.1125,-193.675)) ;
#1200=CARTESIAN_POINT('Vertex',(-6.35,19.6690448212,-189.490365521)) ;
#1203=CARTESIAN_POINT('Axis2P3D Location',(-6.35,53.8952241059,-172.751827605)) ;
#1207=CARTESIAN_POINT('Vertex',(-6.35,15.7952241059,-172.751827606)) ;
#1210=CARTESIAN_POINT('Line Origine',(-6.35,15.7952241059,-121.417145867)) ;
#1214=CARTESIAN_POINT('Vertex',(-6.35,15.7952241059,-70.0824641276)) ;
#1217=CARTESIAN_POINT('Axis2P3D Location',(-6.35,11.0327241059,-70.0824641276)) ;
#1221=CARTESIAN_POINT('Vertex',(-6.35,13.5787373612,-66.0576383234)) ;
#1224=CARTESIAN_POINT('Axis2P3D Location',(-6.35,-1.15463194561E-14,-87.5233759459)) ;
#1228=CARTESIAN_POINT('Vertex',(-6.35,-13.5787373612,-66.0576383234)) ;
#1231=CARTESIAN_POINT('Axis2P3D Location',(-6.35,-11.0327241059,-70.0824641276)) ;
#1248=CARTESIAN_POINT('Axis2P3D Location',(-6.35,6.2172489379E-15,-177.8)) ;
#1252=CARTESIAN_POINT('Vertex',(-6.35,4.7625,-177.8)) ;
#1254=CARTESIAN_POINT('Vertex',(-6.35,-4.7625,-177.8)) ;
#1257=CARTESIAN_POINT('Axis2P3D Location',(-6.35,5.3290705182E-15,-177.8)) ;
#1266=CARTESIAN_POINT('Axis2P3D Location',(-6.35,0.,-93.8733759459)) ;
#1270=CARTESIAN_POINT('Vertex',(-6.35,4.7625,-93.8733759459)) ;
#1272=CARTESIAN_POINT('Vertex',(-6.35,-4.7625,-93.8733759459)) ;
#1275=CARTESIAN_POINT('Axis2P3D Location',(-6.35,4.4408920985E-16,-93.8733759459)) ;
#1293=CARTESIAN_POINT('Axis2P3D Location',(-7.75375000007,-11.1125,-193.675)) ;
#1298=CARTESIAN_POINT('Line Origine',(-7.75375000015,-11.1125,-203.2)) ;
#1302=CARTESIAN_POINT('Vertex',(-6.62237193947,-11.1125,-203.2)) ;
#1305=CARTESIAN_POINT('Line Origine',(-7.75375000015,-19.6690448212,-189.490365521)) ;
#1309=CARTESIAN_POINT('Vertex',(-6.62237193947,-19.6690448212,-189.490365521)) ;
#1312=CARTESIAN_POINT('Axis2P3D Location',(-6.62237193947,-11.1125,-193.675)) ;
#1325=CARTESIAN_POINT('Axis2P3D Location',(-6.62237193947,-11.1125,-193.675)) ;
#1330=CARTESIAN_POINT('Axis2P3D Location',(-6.62237193947,-16.8168632141,-190.885243681)) ;
#1334=CARTESIAN_POINT('Vertex',(-8.86743596973,-18.8336601697,-189.898915875)) ;
#1337=CARTESIAN_POINT('Axis2P3D Location',(-8.86743596973,-11.1125,-193.675)) ;
#1341=CARTESIAN_POINT('Vertex',(-8.86743596973,-11.1125,-202.27006403)) ;
#1344=CARTESIAN_POINT('Axis2P3D Location',(-6.62237193947,-11.1125,-200.025)) ;
#1357=CARTESIAN_POINT('Axis2P3D Location',(-7.75375000007,11.1125,-193.675)) ;
#1362=CARTESIAN_POINT('Line Origine',(-7.75375000015,19.6690448212,-189.490365521)) ;
#1366=CARTESIAN_POINT('Vertex',(-6.62237193947,19.6690448212,-189.490365521)) ;
#1369=CARTESIAN_POINT('Line Origine',(-7.75375000015,11.1125,-203.2)) ;
#1373=CARTESIAN_POINT('Vertex',(-6.62237193947,11.1125,-203.2)) ;
#1376=CARTESIAN_POINT('Axis2P3D Location',(-6.62237193947,11.1125,-193.675)) ;
#1389=CARTESIAN_POINT('Axis2P3D Location',(-6.62237193947,11.1125,-193.675)) ;
#1394=CARTESIAN_POINT('Axis2P3D Location',(-6.62237193947,11.1125,-200.025)) ;
#1398=CARTESIAN_POINT('Vertex',(-8.86743596973,11.1125,-202.27006403)) ;
#1401=CARTESIAN_POINT('Axis2P3D Location',(-8.86743596973,11.1125,-193.675)) ;
#1405=CARTESIAN_POINT('Vertex',(-8.86743596973,18.8336601697,-189.898915875)) ;
#1408=CARTESIAN_POINT('Axis2P3D Location',(-6.62237193947,16.8168632141,-190.885243681)) ;
#1421=CARTESIAN_POINT('Axis2P3D Location',(-7.75375000007,-1.15463194561E-14,-87.5233759459)) ;
#1426=CARTESIAN_POINT('Line Origine',(-7.75375000015,-13.5787373612,-66.0576383234)) ;
#1430=CARTESIAN_POINT('Vertex',(-6.45697318536,-13.5787373612,-66.0576383234)) ;
#1433=CARTESIAN_POINT('Line Origine',(-7.75375000015,13.5787373612,-66.0576383234)) ;
#1437=CARTESIAN_POINT('Vertex',(-6.45697318512,13.5787373612,-66.0576383234)) ;
#1440=CARTESIAN_POINT('Axis2P3D Location',(-6.45697318536,-1.15463194561E-14,-87.5233759459)) ;
#1453=CARTESIAN_POINT('Axis2P3D Location',(-6.45697318536,-1.06581410364E-14,-87.5233759459)) ;
#1458=CARTESIAN_POINT('Axis2P3D Location',(-6.45697318536,11.881395191,-68.7408555262)) ;
#1462=CARTESIAN_POINT('Vertex',(-8.88916429202,12.9724257073,-67.0161167538)) ;
#1465=CARTESIAN_POINT('Axis2P3D Location',(-8.88916429226,-1.06581410364E-14,-87.5233759459)) ;
#1469=CARTESIAN_POINT('Vertex',(-8.88916429226,-12.9724257074,-67.0161167541)) ;
#1472=CARTESIAN_POINT('Axis2P3D Location',(-6.45697318536,-11.881395191,-68.7408555262)) ;
#1485=CARTESIAN_POINT('Axis2P3D Location',(-7.18165057336,-11.0327241059,-70.0824641276)) ;
#1490=CARTESIAN_POINT('Line Origine',(-7.18165057339,-15.7952241059,-70.0824641276)) ;
#1494=CARTESIAN_POINT('Vertex',(-6.62237193941,-15.7952241059,-70.0824641276)) ;
#1498=CARTESIAN_POINT('Control Point',(-6.51935679199,-14.7115909755,-67.058006357)) ;
#1499=CARTESIAN_POINT('Control Point',(-6.47818857177,-14.3913878465,-66.6685201178)) ;
#1500=CARTESIAN_POINT('Control Point',(-6.45697318536,-14.0070624141,-66.3285870092)) ;
#1501=CARTESIAN_POINT('Control Point',(-6.45697318536,-13.5787373612,-66.0576383234)) ;
#1502=CARTESIAN_POINT('Vertex',(-6.51935679199,-14.7115909755,-67.058006357)) ;
#1506=CARTESIAN_POINT('Control Point',(-6.51935933655,-14.7115908436,-67.0580061965)) ;
#1507=CARTESIAN_POINT('Control Point',(-6.58297163413,-15.206338951,-67.6598040819)) ;
#1508=CARTESIAN_POINT('Control Point',(-6.61722283779,-15.5829405598,-68.3874816274)) ;
#1509=CARTESIAN_POINT('Control Point',(-6.62373480195,-15.7911795925,-69.2027572742)) ;
#1510=CARTESIAN_POINT('Control Point',(-6.62239596316,-15.7951724796,-70.0602889485)) ;
#1511=CARTESIAN_POINT('Vertex',(-6.62239596316,-15.7951724796,-70.0602889485)) ;
#1515=CARTESIAN_POINT('Control Point',(-6.62237193941,-15.7952241059,-70.0824641276)) ;
#1516=CARTESIAN_POINT('Control Point',(-6.62237193946,-15.7952241059,-70.0750723676)) ;
#1517=CARTESIAN_POINT('Control Point',(-6.62237767577,-15.795206897,-70.0676806047)) ;
#1518=CARTESIAN_POINT('Control Point',(-6.62238914827,-15.7951724795,-70.060288938)) ;
#1531=CARTESIAN_POINT('Control Point',(-8.86743596968,-14.8652881363,-70.0824641277)) ;
#1532=CARTESIAN_POINT('Control Point',(-8.42661867824,-15.306105428,-70.0824641275)) ;
#1533=CARTESIAN_POINT('Control Point',(-7.86980848338,-15.6318023287,-70.0824641274)) ;
#1534=CARTESIAN_POINT('Control Point',(-7.24578173165,-15.7952241062,-70.0824641273)) ;
#1535=CARTESIAN_POINT('Control Point',(-6.62237193941,-15.7952241061,-70.0824641272)) ;
#1536=CARTESIAN_POINT('Control Point',(-8.86743596973,-14.8652881362,-70.0799972331)) ;
#1537=CARTESIAN_POINT('Control Point',(-8.42661867821,-15.3061054277,-70.0786272177)) ;
#1538=CARTESIAN_POINT('Control Point',(-7.86980848335,-15.6318023284,-70.0772558464)) ;
#1539=CARTESIAN_POINT('Control Point',(-7.24578173166,-15.7952241059,-70.0760321912)) ;
#1540=CARTESIAN_POINT('Control Point',(-6.62237193946,-15.7952241059,-70.075063444)) ;
#1541=CARTESIAN_POINT('Control Point',(-8.8674417199,-14.865282386,-70.0775303376)) ;
#1542=CARTESIAN_POINT('Control Point',(-8.4266255888,-15.3060985171,-70.0747903062)) ;
#1543=CARTESIAN_POINT('Control Point',(-7.86981547911,-15.6317931954,-70.072047563)) ;
#1544=CARTESIAN_POINT('Control Point',(-7.24578809882,-15.7952113716,-70.0696002524)) ;
#1545=CARTESIAN_POINT('Control Point',(-6.62237768963,-15.7952068554,-70.0676627576)) ;
#1546=CARTESIAN_POINT('Control Point',(-8.86745322012,-14.8652708858,-70.0750634743)) ;
#1547=CARTESIAN_POINT('Control Point',(-8.42663940985,-15.3060846961,-70.0709534325)) ;
#1548=CARTESIAN_POINT('Control Point',(-7.86982947054,-15.6317749296,-70.066839323)) ;
#1549=CARTESIAN_POINT('Control Point',(-7.24580083303,-15.7951859032,-70.0631683745)) ;
#1550=CARTESIAN_POINT('Control Point',(-6.62238918985,-15.7951723548,-70.0602621676)) ;
#1552=CARTESIAN_POINT('Control Point',(-8.86745322012,-14.8652708858,-70.0750634743)) ;
#1553=CARTESIAN_POINT('Control Point',(-8.42664062925,-15.3060834767,-70.0709534439)) ;
#1554=CARTESIAN_POINT('Control Point',(-7.86983255107,-15.6317731277,-70.0668393458)) ;
#1555=CARTESIAN_POINT('Control Point',(-7.24580601166,-15.7951845471,-70.0631684049)) ;
#1556=CARTESIAN_POINT('Control Point',(-6.62239608786,-15.7951723549,-70.0602621998)) ;
#1557=CARTESIAN_POINT('Vertex',(-8.86746000801,-14.8652640979,-70.0750686893)) ;
#1561=CARTESIAN_POINT('Control Point',(-8.86743596968,-14.8652881363,-70.0824641277)) ;
#1562=CARTESIAN_POINT('Control Point',(-8.86743596971,-14.8652881362,-70.0809839909)) ;
#1563=CARTESIAN_POINT('Control Point',(-8.86743769477,-14.8652864112,-70.0795038539)) ;
#1564=CARTESIAN_POINT('Control Point',(-8.86744114486,-14.8652829611,-70.0780237199)) ;
#1565=CARTESIAN_POINT('Control Point',(-8.86744631998,-14.865277786,-70.0765435923)) ;
#1566=CARTESIAN_POINT('Control Point',(-8.86745322012,-14.8652708858,-70.0750634743)) ;
#1567=CARTESIAN_POINT('Vertex',(-8.86743596968,-14.8652881363,-70.0824641277)) ;
#1571=CARTESIAN_POINT('Control Point',(-8.86743596968,-14.8652881363,-70.0824641277)) ;
#1572=CARTESIAN_POINT('Control Point',(-8.42661867824,-15.306105428,-70.0824641275)) ;
#1573=CARTESIAN_POINT('Control Point',(-7.86980848338,-15.6318023287,-70.0824641274)) ;
#1574=CARTESIAN_POINT('Control Point',(-7.24578173165,-15.7952241062,-70.0824641273)) ;
#1575=CARTESIAN_POINT('Control Point',(-6.62237193941,-15.7952241061,-70.0824641272)) ;
#1586=CARTESIAN_POINT('Control Point',(-8.95155279843,-13.3884989602,-67.3745089571)) ;
#1587=CARTESIAN_POINT('Control Point',(-8.5208602008,-13.894912597,-67.0947477359)) ;
#1588=CARTESIAN_POINT('Control Point',(-7.92167893281,-14.3243061443,-66.9317327414)) ;
#1589=CARTESIAN_POINT('Control Point',(-7.2199124897,-14.60261522,-66.925455959)) ;
#1590=CARTESIAN_POINT('Control Point',(-6.51936031424,-14.7115874948,-67.0580087751)) ;
#1591=CARTESIAN_POINT('Control Point',(-9.10197966854,-13.9236221113,-67.9453184073)) ;
#1592=CARTESIAN_POINT('Control Point',(-8.66362075756,-14.4672712369,-67.7066995094)) ;
#1593=CARTESIAN_POINT('Control Point',(-8.04381439828,-14.9052962818,-67.564149368)) ;
#1594=CARTESIAN_POINT('Control Point',(-7.31271330846,-15.1552766902,-67.5535137463)) ;
#1595=CARTESIAN_POINT('Control Point',(-6.58297201937,-15.2063023005,-67.6597864941)) ;
#1596=CARTESIAN_POINT('Control Point',(-9.13177167449,-14.3732498944,-68.6170907939)) ;
#1597=CARTESIAN_POINT('Control Point',(-8.68861685098,-14.9313254809,-68.4561297478)) ;
#1598=CARTESIAN_POINT('Control Point',(-8.06930317054,-15.360512155,-68.354207158)) ;
#1599=CARTESIAN_POINT('Control Point',(-7.34262453142,-15.5786146785,-68.3333886436)) ;
#1600=CARTESIAN_POINT('Control Point',(-6.6172228976,-15.582968952,-68.387490538)) ;
#1601=CARTESIAN_POINT('Control Point',(-9.03897584034,-14.6937558711,-69.3462220262)) ;
#1602=CARTESIAN_POINT('Control Point',(-8.58900958484,-15.2097407917,-69.2702656716)) ;
#1603=CARTESIAN_POINT('Control Point',(-7.99177421832,-15.5972568304,-69.2170355464)) ;
#1604=CARTESIAN_POINT('Control Point',(-7.30730124076,-15.7916406565,-69.1947274934)) ;
#1605=CARTESIAN_POINT('Control Point',(-6.6237347968,-15.7911432676,-69.2027477868)) ;
#1606=CARTESIAN_POINT('Control Point',(-8.86746037769,-14.8652670933,-70.0750718748)) ;
#1607=CARTESIAN_POINT('Control Point',(-8.42664808964,-15.3060802164,-70.0709651813)) ;
#1608=CARTESIAN_POINT('Control Point',(-7.86983817353,-15.6317682102,-70.0668543348)) ;
#1609=CARTESIAN_POINT('Control Point',(-7.24580856447,-15.7951748584,-70.0631862063)) ;
#1610=CARTESIAN_POINT('Control Point',(-6.62239596316,-15.7951554926,-70.0602821429)) ;
#1612=CARTESIAN_POINT('Control Point',(-8.95155279843,-13.3884989602,-67.3745089571)) ;
#1613=CARTESIAN_POINT('Control Point',(-8.5208602008,-13.894912597,-67.0947477359)) ;
#1614=CARTESIAN_POINT('Control Point',(-7.92167893281,-14.3243061443,-66.9317327414)) ;
#1615=CARTESIAN_POINT('Control Point',(-7.2199124897,-14.60261522,-66.925455959)) ;
#1616=CARTESIAN_POINT('Control Point',(-6.51936031424,-14.7115874948,-67.0580087751)) ;
#1617=CARTESIAN_POINT('Vertex',(-8.9515478989,-13.3884972943,-67.3745039327)) ;
#1621=CARTESIAN_POINT('Control Point',(-8.95155279843,-13.3884989602,-67.3745089571)) ;
#1622=CARTESIAN_POINT('Control Point',(-9.03481573143,-13.6846955309,-67.6904582883)) ;
#1623=CARTESIAN_POINT('Control Point',(-9.0831731997,-13.956336939,-68.0353296572)) ;
#1624=CARTESIAN_POINT('Control Point',(-9.0970303506,-14.1976566635,-68.4035791461)) ;
#1625=CARTESIAN_POINT('Control Point',(-9.06930113335,-14.4957691243,-68.960036088)) ;
#1626=CARTESIAN_POINT('Control Point',(-8.98044867063,-14.7131942694,-69.5367231899)) ;
#1627=CARTESIAN_POINT('Control Point',(-8.94761445121,-14.7722162793,-69.715736873)) ;
#1628=CARTESIAN_POINT('Control Point',(-8.90973762361,-14.8229906959,-69.8954156923)) ;
#1629=CARTESIAN_POINT('Control Point',(-8.86746118347,-14.8652662875,-70.0750684506)) ;
#1640=CARTESIAN_POINT('Control Point',(-8.9515478989,-13.3884942598,-67.3745035285)) ;
#1641=CARTESIAN_POINT('Control Point',(-8.52085516968,-13.8949068954,-67.0947406245)) ;
#1642=CARTESIAN_POINT('Control Point',(-7.92167420409,-14.3242997874,-66.9317238067)) ;
#1643=CARTESIAN_POINT('Control Point',(-7.21990836731,-14.6026088536,-66.9254452288)) ;
#1644=CARTESIAN_POINT('Control Point',(-6.51935679199,-14.7115817264,-67.057996539)) ;
#1645=CARTESIAN_POINT('Control Point',(-8.91037967867,-13.269423745,-67.2364777188)) ;
#1646=CARTESIAN_POINT('Control Point',(-8.46996819929,-13.7067014578,-66.894541909)) ;
#1647=CARTESIAN_POINT('Control Point',(-7.86982606298,-14.0716443836,-66.6637767338)) ;
#1648=CARTESIAN_POINT('Control Point',(-7.17346462024,-14.3044025006,-66.591321495)) ;
#1649=CARTESIAN_POINT('Control Point',(-6.47818857177,-14.391377334,-66.6685096018)) ;
#1650=CARTESIAN_POINT('Control Point',(-8.88916429226,-13.1283112982,-67.1147264331)) ;
#1651=CARTESIAN_POINT('Control Point',(-8.44391974761,-13.4909029176,-66.716218954)) ;
#1652=CARTESIAN_POINT('Control Point',(-7.84335678334,-13.7838231876,-66.4262644809)) ;
#1653=CARTESIAN_POINT('Control Point',(-7.14965073224,-13.9585225624,-66.2978818031)) ;
#1654=CARTESIAN_POINT('Control Point',(-6.45697318536,-14.0070624141,-66.3285870092)) ;
#1655=CARTESIAN_POINT('Control Point',(-8.88916429226,-12.9724257074,-67.0161167541)) ;
#1656=CARTESIAN_POINT('Control Point',(-8.44391974761,-13.2560939698,-66.5676841546)) ;
#1657=CARTESIAN_POINT('Control Point',(-7.84335678334,-13.4708073662,-66.2282577921)) ;
#1658=CARTESIAN_POINT('Control Point',(-7.14965073224,-13.5787373612,-66.0576383234)) ;
#1659=CARTESIAN_POINT('Control Point',(-6.45697318536,-13.5787373612,-66.0576383234)) ;
#1661=CARTESIAN_POINT('Control Point',(-8.9515478989,-13.3884942598,-67.3745035285)) ;
#1662=CARTESIAN_POINT('Control Point',(-8.92684696676,-13.3170519509,-67.2916880427)) ;
#1663=CARTESIAN_POINT('Control Point',(-8.90807441091,-13.239076161,-67.2137017556)) ;
#1664=CARTESIAN_POINT('Control Point',(-8.89546817131,-13.1551349321,-67.1413306622)) ;
#1665=CARTESIAN_POINT('Control Point',(-8.88916429226,-13.0659570619,-67.0752825615)) ;
#1666=CARTESIAN_POINT('Control Point',(-8.88916429226,-12.9724257074,-67.0161167541)) ;
#1676=CARTESIAN_POINT('Axis2P3D Location',(-7.18165057327,11.0327241059,-70.0824641276)) ;
#1681=CARTESIAN_POINT('Line Origine',(-7.18165057339,15.7952241059,-70.0824641276)) ;
#1685=CARTESIAN_POINT('Vertex',(-6.62237193947,15.7952241059,-70.0824641276)) ;
#1689=CARTESIAN_POINT('Control Point',(-6.62237193947,15.7952241059,-70.0824641276)) ;
#1690=CARTESIAN_POINT('Control Point',(-6.62237193947,15.7952241059,-70.0750634667)) ;
#1691=CARTESIAN_POINT('Control Point',(-6.62237768959,15.7952068556,-70.0676628059)) ;
#1692=CARTESIAN_POINT('Control Point',(-6.62238918984,15.7951723551,-70.0602622433)) ;
#1693=CARTESIAN_POINT('Vertex',(-6.62238918984,15.7951723551,-70.0602622433)) ;
#1697=CARTESIAN_POINT('Control Point',(-6.51936070453,14.7115996589,-67.0580169193)) ;
#1698=CARTESIAN_POINT('Control Point',(-6.58297351838,15.2063474308,-67.6598179618)) ;
#1699=CARTESIAN_POINT('Control Point',(-6.61722817568,15.5829527239,-68.3875243055)) ;
#1700=CARTESIAN_POINT('Control Point',(-6.62373165209,15.791175004,-69.2027532322)) ;
#1701=CARTESIAN_POINT('Control Point',(-6.62239495265,15.7951723613,-70.0602635704)) ;
#1702=CARTESIAN_POINT('Vertex',(-6.51936070453,14.7115996589,-67.0580169193)) ;
#1706=CARTESIAN_POINT('Control Point',(-6.45697318512,13.5787373612,-66.0576383234)) ;
#1707=CARTESIAN_POINT('Control Point',(-6.45697319565,14.007053367,-66.3285812862)) ;
#1708=CARTESIAN_POINT('Control Point',(-6.47818815189,14.3913814722,-66.6685134286)) ;
#1709=CARTESIAN_POINT('Control Point',(-6.51935644973,14.7115869214,-67.0580014257)) ;
#1722=CARTESIAN_POINT('Control Point',(-8.86743596973,14.8652881362,-70.0824641276)) ;
#1723=CARTESIAN_POINT('Control Point',(-8.42661867821,15.3061054277,-70.0824641276)) ;
#1724=CARTESIAN_POINT('Control Point',(-7.86980848335,15.6318023284,-70.0824641276)) ;
#1725=CARTESIAN_POINT('Control Point',(-7.24578173166,15.7952241059,-70.0824641276)) ;
#1726=CARTESIAN_POINT('Control Point',(-6.62237193947,15.7952241059,-70.0824641276)) ;
#1727=CARTESIAN_POINT('Control Point',(-8.86743596973,14.8652881362,-70.0799972406)) ;
#1728=CARTESIAN_POINT('Control Point',(-8.42661867821,15.3061054277,-70.0786272294)) ;
#1729=CARTESIAN_POINT('Control Point',(-7.86980848335,15.6318023284,-70.0772558623)) ;
#1730=CARTESIAN_POINT('Control Point',(-7.24578173166,15.7952241059,-70.076032211)) ;
#1731=CARTESIAN_POINT('Control Point',(-6.62237193947,15.7952241059,-70.0750634667)) ;
#1732=CARTESIAN_POINT('Control Point',(-8.86744171986,14.8652823861,-70.0775303537)) ;
#1733=CARTESIAN_POINT('Control Point',(-8.42662558876,15.3060985172,-70.0747903312)) ;
#1734=CARTESIAN_POINT('Control Point',(-7.86981547907,15.6317931955,-70.0720475971)) ;
#1735=CARTESIAN_POINT('Control Point',(-7.24578809878,15.7952113717,-70.0696002944)) ;
#1736=CARTESIAN_POINT('Control Point',(-6.62237768959,15.7952068555,-70.0676628059)) ;
#1737=CARTESIAN_POINT('Control Point',(-8.8674532201,14.8652708858,-70.0750634999)) ;
#1738=CARTESIAN_POINT('Control Point',(-8.42663940988,15.3060846962,-70.0709534723)) ;
#1739=CARTESIAN_POINT('Control Point',(-7.86982947057,15.6317749297,-70.0668393769)) ;
#1740=CARTESIAN_POINT('Control Point',(-7.24580083304,15.7951859033,-70.0631684409)) ;
#1741=CARTESIAN_POINT('Control Point',(-6.62238918984,15.7951723548,-70.060262244)) ;
#1743=CARTESIAN_POINT('Control Point',(-8.86743596973,14.8652881362,-70.0824641276)) ;
#1744=CARTESIAN_POINT('Control Point',(-8.42661867821,15.3061054277,-70.0824641276)) ;
#1745=CARTESIAN_POINT('Control Point',(-7.86980848335,15.6318023284,-70.0824641276)) ;
#1746=CARTESIAN_POINT('Control Point',(-7.24578173166,15.7952241059,-70.0824641276)) ;
#1747=CARTESIAN_POINT('Control Point',(-6.62237193947,15.7952241059,-70.0824641276)) ;
#1748=CARTESIAN_POINT('Vertex',(-8.86743596973,14.8652881362,-70.0824641276)) ;
#1752=CARTESIAN_POINT('Control Point',(-8.86743596973,14.8652881362,-70.0824641276)) ;
#1753=CARTESIAN_POINT('Control Point',(-8.86743596973,14.8652881362,-70.0809839954)) ;
#1754=CARTESIAN_POINT('Control Point',(-8.86743769477,14.8652864112,-70.0795038633)) ;
#1755=CARTESIAN_POINT('Control Point',(-8.86744114484,14.8652829611,-70.0780237344)) ;
#1756=CARTESIAN_POINT('Control Point',(-8.86744631996,14.865277786,-70.0765436122)) ;
#1757=CARTESIAN_POINT('Control Point',(-8.8674532201,14.8652708858,-70.0750634999)) ;
#1758=CARTESIAN_POINT('Vertex',(-8.8674532201,14.8652708858,-70.0750634999)) ;
#1762=CARTESIAN_POINT('Control Point',(-8.8674532201,14.8652708858,-70.0750634999)) ;
#1763=CARTESIAN_POINT('Control Point',(-8.42663940988,15.3060846962,-70.0709534723)) ;
#1764=CARTESIAN_POINT('Control Point',(-7.86982947057,15.6317749297,-70.0668393769)) ;
#1765=CARTESIAN_POINT('Control Point',(-7.24580083304,15.7951859033,-70.0631684409)) ;
#1766=CARTESIAN_POINT('Control Point',(-6.62238918984,15.7951723548,-70.060262244)) ;
#1777=CARTESIAN_POINT('Control Point',(-8.95155339816,13.3884992252,-67.3745095016)) ;
#1778=CARTESIAN_POINT('Control Point',(-8.52086081884,13.89491279,-67.0947483614)) ;
#1779=CARTESIAN_POINT('Control Point',(-7.92167950473,14.3243062168,-66.9317334672)) ;
#1780=CARTESIAN_POINT('Control Point',(-7.21991297038,14.6026151121,-66.9254568039)) ;
#1781=CARTESIAN_POINT('Control Point',(-6.51936070453,14.7115871715,-67.0580097358)) ;
#1782=CARTESIAN_POINT('Control Point',(-9.10198270426,13.923625473,-67.9453231392)) ;
#1783=CARTESIAN_POINT('Control Point',(-8.66362384473,14.4672744745,-67.7067048015)) ;
#1784=CARTESIAN_POINT('Control Point',(-8.04381722263,14.9052990691,-67.5641551998)) ;
#1785=CARTESIAN_POINT('Control Point',(-7.31271565061,15.1552786157,-67.5535200683)) ;
#1786=CARTESIAN_POINT('Control Point',(-6.58297388337,15.2063030923,-67.659793178)) ;
#1787=CARTESIAN_POINT('Control Point',(-9.13177728055,14.3732622752,-68.6171188722)) ;
#1788=CARTESIAN_POINT('Control Point',(-8.68862292115,14.9313369142,-68.4561623627)) ;
#1789=CARTESIAN_POINT('Control Point',(-8.06930928683,15.3605212739,-68.3542430797)) ;
#1790=CARTESIAN_POINT('Control Point',(-7.34263043123,15.5786201127,-68.3334259718)) ;
#1791=CARTESIAN_POINT('Control Point',(-6.61722858341,15.5829699083,-68.387527448)) ;
#1792=CARTESIAN_POINT('Control Point',(-9.0389690303,14.6937608413,-69.3462334929)) ;
#1793=CARTESIAN_POINT('Control Point',(-8.58900227611,15.2097444789,-69.2702773357)) ;
#1794=CARTESIAN_POINT('Control Point',(-7.99176774889,15.5972602142,-69.2170469617)) ;
#1795=CARTESIAN_POINT('Control Point',(-7.30729648868,15.7916453301,-69.1947381927)) ;
#1796=CARTESIAN_POINT('Control Point',(-6.62373174885,15.7911505533,-69.2027574204)) ;
#1797=CARTESIAN_POINT('Control Point',(-8.86745968142,14.8652673673,-70.0750690831)) ;
#1798=CARTESIAN_POINT('Control Point',(-8.42664714079,15.3060807886,-70.0709617733)) ;
#1799=CARTESIAN_POINT('Control Point',(-7.8698371255,15.6317692818,-70.0668503737)) ;
#1800=CARTESIAN_POINT('Control Point',(-7.24580752066,15.7951766685,-70.0631818213)) ;
#1801=CARTESIAN_POINT('Control Point',(-6.62239492197,15.7951581884,-70.0602774926)) ;
#1803=CARTESIAN_POINT('Control Point',(-8.95155339816,13.3884992252,-67.3745095016)) ;
#1804=CARTESIAN_POINT('Control Point',(-9.03726731943,13.6934116805,-67.6997564662)) ;
#1805=CARTESIAN_POINT('Control Point',(-9.08599235234,13.9723029699,-68.0556535726)) ;
#1806=CARTESIAN_POINT('Control Point',(-9.09816925975,14.2188826542,-68.4361531125)) ;
#1807=CARTESIAN_POINT('Control Point',(-9.06622107822,14.5125076976,-68.994727427)) ;
#1808=CARTESIAN_POINT('Control Point',(-8.9738709051,14.7247893029,-69.5722237866)) ;
#1809=CARTESIAN_POINT('Control Point',(-8.9425868901,14.7788911863,-69.7394838059)) ;
#1810=CARTESIAN_POINT('Control Point',(-8.9069424177,14.8257851265,-69.9072854491)) ;
#1811=CARTESIAN_POINT('Control Point',(-8.86746035862,14.8652666901,-70.0750662053)) ;
#1812=CARTESIAN_POINT('Vertex',(-8.95155075519,13.3884942924,-67.3745060249)) ;
#1816=CARTESIAN_POINT('Control Point',(-8.95155339816,13.3884992252,-67.3745095016)) ;
#1817=CARTESIAN_POINT('Control Point',(-8.52086081884,13.89491279,-67.0947483614)) ;
#1818=CARTESIAN_POINT('Control Point',(-7.92167950473,14.3243062168,-66.9317334672)) ;
#1819=CARTESIAN_POINT('Control Point',(-7.21991297038,14.6026151121,-66.9254568039)) ;
#1820=CARTESIAN_POINT('Control Point',(-6.51936070453,14.7115871715,-67.0580097358)) ;
#1831=CARTESIAN_POINT('Control Point',(-8.88916429202,12.9724257074,-67.0161167539)) ;
#1832=CARTESIAN_POINT('Control Point',(-8.44391974755,13.2560939702,-66.5676841542)) ;
#1833=CARTESIAN_POINT('Control Point',(-7.8433567833,13.4708073669,-66.2282577915)) ;
#1834=CARTESIAN_POINT('Control Point',(-7.1496507321,13.578737362,-66.0576383229)) ;
#1835=CARTESIAN_POINT('Control Point',(-6.45697318512,13.578737362,-66.0576383232)) ;
#1836=CARTESIAN_POINT('Control Point',(-8.88916430255,13.1283086482,-67.1147247673)) ;
#1837=CARTESIAN_POINT('Control Point',(-8.44391975033,13.4908989123,-66.7162164509)) ;
#1838=CARTESIAN_POINT('Control Point',(-7.84335678537,13.7838178422,-66.4262611433)) ;
#1839=CARTESIAN_POINT('Control Point',(-7.14965073845,13.9585160777,-66.2978777451)) ;
#1840=CARTESIAN_POINT('Control Point',(-6.45697319565,14.0070551065,-66.3285824189)) ;
#1841=CARTESIAN_POINT('Control Point',(-8.91037943646,13.2694230433,-67.2364766149)) ;
#1842=CARTESIAN_POINT('Control Point',(-8.46996782578,13.7067004788,-66.8945405739)) ;
#1843=CARTESIAN_POINT('Control Point',(-7.8698256761,14.0716431877,-66.6637750922)) ;
#1844=CARTESIAN_POINT('Control Point',(-7.17346430659,14.3044012511,-66.5913194842)) ;
#1845=CARTESIAN_POINT('Control Point',(-6.47818832955,14.3913761976,-66.668507231)) ;
#1846=CARTESIAN_POINT('Control Point',(-8.95154806914,13.3884947444,-67.3745037991)) ;
#1847=CARTESIAN_POINT('Control Point',(-8.52085541321,13.8949078764,-67.0947411756)) ;
#1848=CARTESIAN_POINT('Control Point',(-7.92167445486,14.3243012349,-66.931724685)) ;
#1849=CARTESIAN_POINT('Control Point',(-7.21990857733,14.6026106342,-66.925446455)) ;
#1850=CARTESIAN_POINT('Control Point',(-6.51935696224,14.7115836718,-67.05799808)) ;
#1852=CARTESIAN_POINT('Control Point',(-8.88916429202,12.9724257074,-67.0161167539)) ;
#1853=CARTESIAN_POINT('Control Point',(-8.88916429216,12.9745026612,-67.0174305878)) ;
#1854=CARTESIAN_POINT('Control Point',(-8.88916740071,12.9765774689,-67.0187478157)) ;
#1855=CARTESIAN_POINT('Control Point',(-8.88917361768,12.9786501208,-67.0200684315)) ;
#1856=CARTESIAN_POINT('Control Point',(-8.88959356067,13.0718886529,-67.0796909371)) ;
#1857=CARTESIAN_POINT('Control Point',(-8.89631698513,13.1607164976,-67.1461588914)) ;
#1858=CARTESIAN_POINT('Control Point',(-8.90891088019,13.2425350073,-67.2171665315)) ;
#1859=CARTESIAN_POINT('Control Point',(-8.92739541233,13.3186382118,-67.2935265358)) ;
#1860=CARTESIAN_POINT('Control Point',(-8.95154806914,13.3884947444,-67.3745037991)) ;
#1870=CARTESIAN_POINT('Axis2P3D Location',(-6.35,-15.7952241059,-67.6318979856)) ;
#1875=CARTESIAN_POINT('Line Origine',(-6.62237193947,-15.7952241059,-121.417145867)) ;
#1879=CARTESIAN_POINT('Vertex',(-6.62237193947,-15.7952241059,-172.751827606)) ;
#1882=CARTESIAN_POINT('Line Origine',(-6.48618596973,-15.7952241059,-172.751827606)) ;
#1895=CARTESIAN_POINT('Axis2P3D Location',(-6.62237193947,-12.6202241059,-121.076815949)) ;
#1900=CARTESIAN_POINT('Line Origine',(-8.86743596973,-14.8652881362,-121.076815949)) ;
#1904=CARTESIAN_POINT('Vertex',(-8.86743596973,-14.8652881362,-172.751827626)) ;
#1907=CARTESIAN_POINT('Axis2P3D Location',(-6.62237193947,-12.6202241059,-172.751827626)) ;
#1920=CARTESIAN_POINT('Axis2P3D Location',(-7.75375000007,-53.8952241059,-172.751827605)) ;
#1925=CARTESIAN_POINT('Axis2P3D Location',(-6.62237193947,-53.8952241059,-172.751827605)) ;
#1938=CARTESIAN_POINT('Axis2P3D Location',(-6.62237193947,-53.8952241059,-172.751827605)) ;
#1943=CARTESIAN_POINT('Axis2P3D Location',(-8.86743596973,-53.8952241059,-172.751827605)) ;
#1956=CARTESIAN_POINT('Axis2P3D Location',(-6.35,15.7952241059,-67.6318979856)) ;
#1961=CARTESIAN_POINT('Line Origine',(-6.48618596973,15.7952241059,-172.751827606)) ;
#1965=CARTESIAN_POINT('Vertex',(-6.62237193947,15.7952241059,-172.751827606)) ;
#1968=CARTESIAN_POINT('Line Origine',(-6.62237193947,15.7952241059,-121.417145867)) ;
#1981=CARTESIAN_POINT('Axis2P3D Location',(-6.62237193947,12.6202241059,-121.076815955)) ;
#1986=CARTESIAN_POINT('Axis2P3D Location',(-6.62237193947,12.6202241059,-172.751827606)) ;
#1990=CARTESIAN_POINT('Vertex',(-8.86743596973,14.8652881362,-172.751827605)) ;
#1993=CARTESIAN_POINT('Line Origine',(-8.86743596973,14.8652881362,-121.076815955)) ;
#2006=CARTESIAN_POINT('Axis2P3D Location',(-7.75375000007,53.8952241059,-172.751827605)) ;
#2011=CARTESIAN_POINT('Axis2P3D Location',(-6.62237193947,53.8952241059,-172.751827605)) ;
#2024=CARTESIAN_POINT('Axis2P3D Location',(-6.62237193947,53.8952241059,-172.751827605)) ;
#2029=CARTESIAN_POINT('Axis2P3D Location',(-8.86743596973,53.8952241059,-172.751827605)) ;
#2042=CARTESIAN_POINT('Axis2P3D Location',(-6.35,11.1125,-203.2)) ;
#2047=CARTESIAN_POINT('Line Origine',(-6.62237193947,-3.5527136788E-15,-203.2)) ;
#2060=CARTESIAN_POINT('Axis2P3D Location',(-6.62237193947,-7.1054273576E-15,-200.025)) ;
#2065=CARTESIAN_POINT('Line Origine',(-8.86743596973,-7.1054273576E-15,-202.27006403)) ;
#2078=CARTESIAN_POINT('Axis2P3D Location',(-7.9375,53.8952241059,-172.751827605)) ;
#2083=CARTESIAN_POINT('Line Origine',(-3535522.79343,-3176021.41555,-1553453.25595)) ;
#2087=CARTESIAN_POINT('Vertex',(-14.3843199511,13.8777058327,-192.322657914)) ;
#2091=CARTESIAN_POINT('Control Point',(-14.3843199511,9.34840415483,-172.751827605)) ;
#2092=CARTESIAN_POINT('Control Point',(-14.3843199511,9.34840415484,-177.81740912)) ;
#2093=CARTESIAN_POINT('Control Point',(-14.3843199511,10.1165536488,-182.883579933)) ;
#2094=CARTESIAN_POINT('Control Point',(-14.3843199511,11.6522352747,-187.772119827)) ;
#2095=CARTESIAN_POINT('Control Point',(-14.3843199511,13.8777058327,-192.322657914)) ;
#2096=CARTESIAN_POINT('Vertex',(-14.3843199512,9.34840415475,-172.751827605)) ;
#2099=CARTESIAN_POINT('Line Origine',(-3535522.79343,-3535499.06071,-172.751827603)) ;
#2112=CARTESIAN_POINT('Axis2P3D Location',(-12.1392559208,53.8952241059,-172.751827605)) ;
#2117=CARTESIAN_POINT('Axis2P3D Location',(-12.1392559208,7.10334012456,-172.751827605)) ;
#2121=CARTESIAN_POINT('Vertex',(-14.878824386,8.70814217625,-172.751827606)) ;
#2124=CARTESIAN_POINT('Axis2P3D Location',(-12.1392559208,11.8609088772,-193.30898572)) ;
#2128=CARTESIAN_POINT('Vertex',(-14.8788243858,13.3025425449,-192.6039453)) ;
#2131=CARTESIAN_POINT('Axis2P3D Location',(-14.8788243858,53.8952241059,-172.751827605)) ;
#2144=CARTESIAN_POINT('Axis2P3D Location',(-7.9375,11.1125,-193.675)) ;
#2149=CARTESIAN_POINT('Line Origine',(3535521.20593,11.1124999931,-3535732.34343)) ;
#2153=CARTESIAN_POINT('Vertex',(-14.3843199512,11.1125,-196.753180049)) ;
#2156=CARTESIAN_POINT('Axis2P3D Location',(-14.3843199512,11.1125,-193.675)) ;
#2169=CARTESIAN_POINT('Axis2P3D Location',(-12.1392559209,11.1125,-193.675)) ;
#2174=CARTESIAN_POINT('Axis2P3D Location',(-12.1392559209,11.1125,-194.508116019)) ;
#2178=CARTESIAN_POINT('Vertex',(-14.878824386,11.1125,-196.11291807)) ;
#2181=CARTESIAN_POINT('Axis2P3D Location',(-14.878824386,11.1125,-193.675)) ;
#2194=CARTESIAN_POINT('Axis2P3D Location',(-7.9375,-3.5527136788E-15,-203.2)) ;
#2199=CARTESIAN_POINT('Line Origine',(-7.9375,-11.1125,-203.2)) ;
#2203=CARTESIAN_POINT('Vertex',(-14.3843199512,-11.1125,-196.753180049)) ;
#2206=CARTESIAN_POINT('Line Origine',(-14.3843199512,0.,-196.753180049)) ;
#2219=CARTESIAN_POINT('Axis2P3D Location',(-12.1392559209,-1.86517468137E-14,-194.508116019)) ;
#2224=CARTESIAN_POINT('Axis2P3D Location',(-12.1392559209,-11.1125,-194.508116019)) ;
#2228=CARTESIAN_POINT('Vertex',(-14.878824386,-11.1125,-196.11291807)) ;
#2231=CARTESIAN_POINT('Line Origine',(-14.878824386,-1.7763568394E-14,-196.11291807)) ;
#2244=CARTESIAN_POINT('Axis2P3D Location',(-7.9375,-11.1125,-193.675)) ;
#2249=CARTESIAN_POINT('Line Origine',(3535521.20593,-3176073.58846,1553080.55217)) ;
#2253=CARTESIAN_POINT('Vertex',(-14.3843199512,-13.8777058326,-192.322657914)) ;
#2256=CARTESIAN_POINT('Axis2P3D Location',(-14.3843199512,-11.1125,-193.675)) ;
#2269=CARTESIAN_POINT('Axis2P3D Location',(-12.1392559209,-11.1125,-193.675)) ;
#2274=CARTESIAN_POINT('Axis2P3D Location',(-12.1392559209,-11.8609088771,-193.30898572)) ;
#2278=CARTESIAN_POINT('Vertex',(-14.878824386,-13.3025425448,-192.6039453)) ;
#2281=CARTESIAN_POINT('Axis2P3D Location',(-14.878824386,-11.1125,-193.675)) ;
#2294=CARTESIAN_POINT('Axis2P3D Location',(-7.9375,-53.8952241059,-172.751827605)) ;
#2299=CARTESIAN_POINT('Line Origine',(-3535522.79343,3535499.06071,-172.751827599)) ;
#2303=CARTESIAN_POINT('Vertex',(-14.3843199511,-9.3484041548,-172.751827626)) ;
#2306=CARTESIAN_POINT('Axis2P3D Location',(-14.3843199511,-53.8952241059,-172.751827605)) ;
#2319=CARTESIAN_POINT('Axis2P3D Location',(-12.1392559208,-53.8952241059,-172.751827605)) ;
#2324=CARTESIAN_POINT('Axis2P3D Location',(-12.1392559209,-7.10334012454,-172.751827605)) ;
#2328=CARTESIAN_POINT('Vertex',(-14.8788243859,-8.70814217631,-172.751827605)) ;
#2331=CARTESIAN_POINT('Axis2P3D Location',(-14.8788243859,-53.8952241059,-172.751827605)) ;
#2344=CARTESIAN_POINT('Axis2P3D Location',(-15.7952241059,7.9375,0.)) ;
#2349=CARTESIAN_POINT('Axis2P3D Location',(-15.7952241059,-1.06581410364E-14,-87.5233759459)) ;
#2353=CARTESIAN_POINT('Vertex',(-15.7952241059,-4.88133281413,-72.2488617991)) ;
#2355=CARTESIAN_POINT('Vertex',(-15.7952241059,4.88133281455,-72.2488617992)) ;
#2359=CARTESIAN_POINT('Control Point',(-15.7952241059,7.14375,-74.8562374002)) ;
#2360=CARTESIAN_POINT('Control Point',(-15.7952241059,7.14375000044,-74.6563810558)) ;
#2361=CARTESIAN_POINT('Control Point',(-15.7952241059,7.12494037517,-74.4555080365)) ;
#2362=CARTESIAN_POINT('Control Point',(-15.7952241059,7.08490344121,-74.256547009)) ;
#2363=CARTESIAN_POINT('Control Point',(-15.7952241059,6.96033467372,-73.8696345743)) ;
#2364=CARTESIAN_POINT('Control Point',(-15.7952241059,6.75433878308,-73.5178538274)) ;
#2365=CARTESIAN_POINT('Control Point',(-15.7952241059,6.63271583633,-73.3537301231)) ;
#2366=CARTESIAN_POINT('Control Point',(-15.7952241059,6.27611203889,-72.9591699261)) ;
#2367=CARTESIAN_POINT('Control Point',(-15.7952241059,5.83637676409,-72.6523882517)) ;
#2368=CARTESIAN_POINT('Control Point',(-15.7952241059,5.54433555241,-72.4955426963)) ;
#2369=CARTESIAN_POINT('Control Point',(-15.7952241059,5.23167961333,-72.3635247322)) ;
#2370=CARTESIAN_POINT('Control Point',(-15.7952241059,4.91027090536,-72.2581879678)) ;
#2371=CARTESIAN_POINT('Control Point',(-15.7952241059,4.90063232303,-72.2550554804)) ;
#2372=CARTESIAN_POINT('Control Point',(-15.7952241059,4.89098631082,-72.2519468031)) ;
#2373=CARTESIAN_POINT('Control Point',(-15.7952241059,4.88133281455,-72.2488617992)) ;
#2374=CARTESIAN_POINT('Vertex',(-15.7952241059,7.14375,-74.8562374002)) ;
#2377=CARTESIAN_POINT('Line Origine',(-15.7952241059,7.14375,-123.804032503)) ;
#2381=CARTESIAN_POINT('Vertex',(-15.7952241059,7.14375,-172.751827606)) ;
#2384=CARTESIAN_POINT('Axis2P3D Location',(-15.7952241059,53.8952241059,-172.751827605)) ;
#2388=CARTESIAN_POINT('Vertex',(-15.7952241059,11.8972100751,-193.291232381)) ;
#2391=CARTESIAN_POINT('Axis2P3D Location',(-15.7952241059,11.1125,-193.675)) ;
#2395=CARTESIAN_POINT('Vertex',(-15.7952241059,11.1125,-194.548525894)) ;
#2398=CARTESIAN_POINT('Line Origine',(-15.7952241059,-1.7763568394E-14,-194.548525894)) ;
#2402=CARTESIAN_POINT('Vertex',(-15.7952241059,-11.1125,-194.548525894)) ;
#2405=CARTESIAN_POINT('Axis2P3D Location',(-15.7952241059,-11.1125,-193.675)) ;
#2409=CARTESIAN_POINT('Vertex',(-15.7952241059,-11.8972100751,-193.291232381)) ;
#2412=CARTESIAN_POINT('Axis2P3D Location',(-15.7952241059,-53.8952241059,-172.751827605)) ;
#2416=CARTESIAN_POINT('Vertex',(-15.7952241059,-7.14375,-172.751827605)) ;
#2419=CARTESIAN_POINT('Line Origine',(-15.7952241059,-7.14375,-123.804032513)) ;
#2423=CARTESIAN_POINT('Vertex',(-15.7952241059,-7.14375,-74.8562374005)) ;
#2427=CARTESIAN_POINT('Control Point',(-15.7952241059,-7.14375,-74.8562374005)) ;
#2428=CARTESIAN_POINT('Control Point',(-15.7952241059,-7.14375000044,-74.6563810563)) ;
#2429=CARTESIAN_POINT('Control Point',(-15.7952241059,-7.12494037519,-74.4555080371)) ;
#2430=CARTESIAN_POINT('Control Point',(-15.7952241059,-7.08490344118,-74.2565470094)) ;
#2431=CARTESIAN_POINT('Control Point',(-15.7952241059,-6.96033467374,-73.8696345749)) ;
#2432=CARTESIAN_POINT('Control Point',(-15.7952241059,-6.75433878319,-73.5178538279)) ;
#2433=CARTESIAN_POINT('Control Point',(-15.7952241059,-6.63271583635,-73.3537301234)) ;
#2434=CARTESIAN_POINT('Control Point',(-15.7952241059,-6.27611203848,-72.9591699257)) ;
#2435=CARTESIAN_POINT('Control Point',(-15.7952241059,-5.83637676303,-72.6523882509)) ;
#2436=CARTESIAN_POINT('Control Point',(-15.7952241059,-5.54433555227,-72.495542696)) ;
#2437=CARTESIAN_POINT('Control Point',(-15.7952241059,-5.23167961132,-72.3635247317)) ;
#2438=CARTESIAN_POINT('Control Point',(-15.7952241059,-4.91027090649,-72.258187968)) ;
#2439=CARTESIAN_POINT('Control Point',(-15.7952241059,-4.90063232355,-72.2550554806)) ;
#2440=CARTESIAN_POINT('Control Point',(-15.7952241059,-4.89098631087,-72.2519468031)) ;
#2441=CARTESIAN_POINT('Control Point',(-15.7952241059,-4.88133281413,-72.2488617991)) ;
#2457=CARTESIAN_POINT('Axis2P3D Location',(-7.9375,15.7952241059,-120.191862796)) ;
#2462=CARTESIAN_POINT('Line Origine',(-14.3843199512,9.34840415475,-120.191862796)) ;
#2466=CARTESIAN_POINT('Vertex',(-14.3843199512,9.34840415475,-74.5108534668)) ;
#2470=CARTESIAN_POINT('Control Point',(-14.3843199512,9.34840415475,-74.5108534668)) ;
#2471=CARTESIAN_POINT('Control Point',(-13.0634542774,10.6692698286,-73.3854926646)) ;
#2472=CARTESIAN_POINT('Control Point',(-11.6808359401,12.0518881659,-72.2623832098)) ;
#2473=CARTESIAN_POINT('Control Point',(-10.284198927,13.4485251789,-71.1635168746)) ;
#2474=CARTESIAN_POINT('Control Point',(-8.8674532201,14.8652708858,-70.0750634999)) ;
#2485=CARTESIAN_POINT('Axis2P3D Location',(-12.1392559209,7.10334012448,-121.076815955)) ;
#2490=CARTESIAN_POINT('Axis2P3D Location',(-12.1392559209,7.10334012448,-74.5108534668)) ;
#2494=CARTESIAN_POINT('Vertex',(-14.878824386,8.70814217625,-74.5108534668)) ;
#2497=CARTESIAN_POINT('Line Origine',(-14.878824386,8.70814217625,-121.076815955)) ;
#2511=CARTESIAN_POINT('Control Point',(-14.6650051968,7.25929907806,-71.7293161211)) ;
#2512=CARTESIAN_POINT('Control Point',(-14.8572668071,7.92843266893,-72.2890403448)) ;
#2513=CARTESIAN_POINT('Control Point',(-14.8783569365,8.53808074233,-72.9798549631)) ;
#2514=CARTESIAN_POINT('Control Point',(-14.7102751824,9.02245477848,-73.7456691008)) ;
#2515=CARTESIAN_POINT('Control Point',(-14.3843145819,9.34840952407,-74.5108488923)) ;
#2516=CARTESIAN_POINT('Control Point',(-13.5716779837,8.47002660486,-70.8517751201)) ;
#2517=CARTESIAN_POINT('Control Point',(-13.7451682705,9.10495796877,-71.4102580274)) ;
#2518=CARTESIAN_POINT('Control Point',(-13.7591505922,9.67888893764,-72.0883144854)) ;
#2519=CARTESIAN_POINT('Control Point',(-13.5986338701,10.1340970582,-72.8340982981)) ;
#2520=CARTESIAN_POINT('Control Point',(-13.2909873688,10.4417367372,-73.5793481106)) ;
#2521=CARTESIAN_POINT('Control Point',(-12.4362569522,9.70049409148,-69.9708394265)) ;
#2522=CARTESIAN_POINT('Control Point',(-12.5948607598,10.3069108025,-70.5261913105)) ;
#2523=CARTESIAN_POINT('Control Point',(-12.6033061868,10.8520200741,-71.191955028)) ;
#2524=CARTESIAN_POINT('Control Point',(-12.448692108,11.2840311763,-71.9198135855)) ;
#2525=CARTESIAN_POINT('Control Point',(-12.1555663373,11.5771577687,-72.647208211)) ;
#2526=CARTESIAN_POINT('Control Point',(-11.2899129952,10.9251393442,-69.1023811233)) ;
#2527=CARTESIAN_POINT('Control Point',(-11.4363792475,11.5077396977,-69.654035543)) ;
#2528=CARTESIAN_POINT('Control Point',(-11.4403486996,12.0291520903,-70.3086895251)) ;
#2529=CARTESIAN_POINT('Control Point',(-11.2905100132,12.4422132967,-71.0209351129)) ;
#2530=CARTESIAN_POINT('Control Point',(-11.0092223802,12.7235017257,-71.7327699494)) ;
#2531=CARTESIAN_POINT('Control Point',(-10.1256461852,12.1564903798,-68.2358377189)) ;
#2532=CARTESIAN_POINT('Control Point',(-10.2618072375,12.7184396377,-68.7835103855)) ;
#2533=CARTESIAN_POINT('Control Point',(-10.2620062635,13.2195825359,-69.4279187523)) ;
#2534=CARTESIAN_POINT('Control Point',(-10.1161931567,13.6165308476,-70.1261550877)) ;
#2535=CARTESIAN_POINT('Control Point',(-9.84495557023,13.8877685357,-70.8240229155)) ;
#2536=CARTESIAN_POINT('Control Point',(-8.95155075518,13.3884939033,-67.3745061267)) ;
#2537=CARTESIAN_POINT('Control Point',(-9.0788763328,13.9324546933,-67.9181419205)) ;
#2538=CARTESIAN_POINT('Control Point',(-9.0758619747,14.4161234341,-68.553177905)) ;
#2539=CARTESIAN_POINT('Control Point',(-8.93348162133,14.7992423394,-69.2388621613)) ;
#2540=CARTESIAN_POINT('Control Point',(-8.67086014023,15.0618639657,-69.9242121842)) ;
#2542=CARTESIAN_POINT('Control Point',(-14.3843145819,9.34840952407,-74.5108488923)) ;
#2543=CARTESIAN_POINT('Control Point',(-14.4224182045,9.31030692806,-74.3604479651)) ;
#2544=CARTESIAN_POINT('Control Point',(-14.4628564804,9.25882459768,-74.2126479414)) ;
#2545=CARTESIAN_POINT('Control Point',(-14.5050193195,9.19379831425,-74.0709277538)) ;
#2546=CARTESIAN_POINT('Vertex',(-14.5050193195,9.19379831425,-74.0709277538)) ;
#2550=CARTESIAN_POINT('Control Point',(-14.5207701234,7.41883805729,-71.6137567174)) ;
#2551=CARTESIAN_POINT('Control Point',(-14.5249302873,7.42977362834,-71.6243266103)) ;
#2552=CARTESIAN_POINT('Control Point',(-14.5290408405,7.44069248623,-71.6349347064)) ;
#2553=CARTESIAN_POINT('Control Point',(-14.5336159386,7.44954504208,-71.6452724133)) ;
#2554=CARTESIAN_POINT('Control Point',(-14.5414293372,7.47494737241,-71.6681198135)) ;
#2555=CARTESIAN_POINT('Control Point',(-14.5493619271,7.49939859359,-71.6912110906)) ;
#2556=CARTESIAN_POINT('Control Point',(-14.5536180649,7.5127134837,-71.7038610328)) ;
#2557=CARTESIAN_POINT('Control Point',(-14.5627006347,7.54125143036,-71.7312740007)) ;
#2558=CARTESIAN_POINT('Control Point',(-14.5714968551,7.56954642478,-71.758931173)) ;
#2559=CARTESIAN_POINT('Control Point',(-14.5761257729,7.58467639345,-71.7738383984)) ;
#2560=CARTESIAN_POINT('Control Point',(-14.5897377399,7.62991689778,-71.8187622943)) ;
#2561=CARTESIAN_POINT('Control Point',(-14.6025109621,7.6747380902,-71.8642864469)) ;
#2562=CARTESIAN_POINT('Control Point',(-14.6106435439,7.70444882639,-71.8948959175)) ;
#2563=CARTESIAN_POINT('Control Point',(-14.6557871173,7.87652786937,-72.0747156506)) ;
#2564=CARTESIAN_POINT('Control Point',(-14.6878051437,8.04261411393,-72.2629942634)) ;
#2565=CARTESIAN_POINT('Control Point',(-14.7051456198,8.17564205878,-72.4241331466)) ;
#2566=CARTESIAN_POINT('Control Point',(-14.7251566896,8.49234516911,-72.834136254)) ;
#2567=CARTESIAN_POINT('Control Point',(-14.6885951099,8.77510501522,-73.267740711)) ;
#2568=CARTESIAN_POINT('Control Point',(-14.6467931653,8.92997183492,-73.5323580101)) ;
#2569=CARTESIAN_POINT('Control Point',(-14.5853652373,9.0698833085,-73.8008629245)) ;
#2570=CARTESIAN_POINT('Control Point',(-14.505019802,9.19379768853,-74.0709270524)) ;
#2571=CARTESIAN_POINT('Vertex',(-14.5207701234,7.41883805729,-71.6137567174)) ;
#2575=CARTESIAN_POINT('Control Point',(-14.5207701234,7.41883805729,-71.6137567174)) ;
#2576=CARTESIAN_POINT('Control Point',(-13.8419471293,8.16883155103,-71.0708621293)) ;
#2577=CARTESIAN_POINT('Control Point',(-13.1482078008,8.92536120575,-70.5273255751)) ;
#2578=CARTESIAN_POINT('Control Point',(-12.4449591663,9.68434800228,-69.9854890677)) ;
#2579=CARTESIAN_POINT('Control Point',(-11.3293763685,10.8785779585,-69.1377221342)) ;
#2580=CARTESIAN_POINT('Control Point',(-10.1984780405,12.0763114484,-68.2940802305)) ;
#2581=CARTESIAN_POINT('Control Point',(-9.78425140522,12.513514016,-67.9869448701)) ;
#2582=CARTESIAN_POINT('Control Point',(-9.36854937719,12.950928303,-67.6804217089)) ;
#2583=CARTESIAN_POINT('Control Point',(-8.95155075519,13.3884939033,-67.3745061267)) ;
#2595=CARTESIAN_POINT('Control Point',(-14.5207730494,7.41883704768,-71.6137518667)) ;
#2596=CARTESIAN_POINT('Control Point',(-14.5207730494,7.41883704768,-71.6137518667)) ;
#2597=CARTESIAN_POINT('Control Point',(-14.5207730494,7.41883704768,-71.6137518667)) ;
#2598=CARTESIAN_POINT('Control Point',(-14.5207730494,7.41883704768,-71.6137518667)) ;
#2599=CARTESIAN_POINT('Control Point',(-14.5357126415,7.45810784883,-71.6517094788)) ;
#2600=CARTESIAN_POINT('Control Point',(-14.5380471733,7.45454142773,-71.6531161331)) ;
#2601=CARTESIAN_POINT('Control Point',(-14.5403817051,7.45097500663,-71.6545227873)) ;
#2602=CARTESIAN_POINT('Control Point',(-14.5427162369,7.44740858553,-71.6559294416)) ;
#2603=CARTESIAN_POINT('Control Point',(-14.5500403649,7.4933878127,-71.6883731888)) ;
#2604=CARTESIAN_POINT('Control Point',(-14.5557030831,7.48794019261,-71.6932703461)) ;
#2605=CARTESIAN_POINT('Control Point',(-14.5613471403,7.48248595459,-71.6981816934)) ;
#2606=CARTESIAN_POINT('Control Point',(-14.56697253,7.47702509262,-71.7031072193)) ;
#2607=CARTESIAN_POINT('Control Point',(-14.5611303518,7.5379586491,-71.7266154937)) ;
#2608=CARTESIAN_POINT('Control Point',(-14.5685752534,7.52797155043,-71.7316308691)) ;
#2609=CARTESIAN_POINT('Control Point',(-14.5759653488,7.51796407984,-71.7366868154)) ;
#2610=CARTESIAN_POINT('Control Point',(-14.5833003526,7.5079365988,-71.741783125)) ;
#2611=CARTESIAN_POINT('Control Point',(-14.5833028975,7.6053747773,-71.7947188767)) ;
#2612=CARTESIAN_POINT('Control Point',(-14.5955184534,7.5900378656,-71.8033050966)) ;
#2613=CARTESIAN_POINT('Control Point',(-14.6075810577,7.57464080439,-71.8120006445)) ;
#2614=CARTESIAN_POINT('Control Point',(-14.6194889349,7.55918590368,-71.820804261)) ;
#2615=CARTESIAN_POINT('Control Point',(-14.6022741239,7.67542629148,-71.8643013178)) ;
#2616=CARTESIAN_POINT('Control Point',(-14.6188537976,7.65397811131,-71.8754247776)) ;
#2617=CARTESIAN_POINT('Control Point',(-14.6351235159,7.63240034921,-71.8867607026)) ;
#2618=CARTESIAN_POINT('Control Point',(-14.6510773862,7.61070071955,-71.8983049383)) ;
#2619=CARTESIAN_POINT('Control Point',(-14.6106435439,7.70444882639,-71.8948959175)) ;
#2620=CARTESIAN_POINT('Control Point',(-14.6293202218,7.68065100503,-71.9075101863)) ;
#2621=CARTESIAN_POINT('Control Point',(-14.6476069987,7.65668714796,-71.9203881383)) ;
#2622=CARTESIAN_POINT('Control Point',(-14.6654955558,7.63256815442,-71.9335239138)) ;
#2623=CARTESIAN_POINT('Control Point',(-14.6370895565,7.80525618829,-72.0002379313)) ;
#2624=CARTESIAN_POINT('Control Point',(-14.6626526847,7.77293992737,-72.017259538)) ;
#2625=CARTESIAN_POINT('Control Point',(-14.6875144849,7.74031091606,-72.0347387831)) ;
#2626=CARTESIAN_POINT('Control Point',(-14.7116557752,7.70739431935,-72.0526621751)) ;
#2627=CARTESIAN_POINT('Control Point',(-14.6590310758,7.90400691053,-72.1084829072)) ;
#2628=CARTESIAN_POINT('Control Point',(-14.6916054379,7.86327535261,-72.1298508001)) ;
#2629=CARTESIAN_POINT('Control Point',(-14.7230349016,7.82200319988,-72.1519302842)) ;
#2630=CARTESIAN_POINT('Control Point',(-14.7532791455,7.78024339348,-72.1746930279)) ;
#2631=CARTESIAN_POINT('Control Point',(-14.6722697449,7.97274123653,-72.1863860044)) ;
#2632=CARTESIAN_POINT('Control Point',(-14.7098583939,7.9261204572,-72.210798189)) ;
#2633=CARTESIAN_POINT('Control Point',(-14.7459226171,7.87875163617,-72.2361244888)) ;
#2634=CARTESIAN_POINT('Control Point',(-14.7804002451,7.83071642398,-72.2623212392)) ;
#2635=CARTESIAN_POINT('Control Point',(-14.6941680373,8.10792519283,-72.3447786382)) ;
#2636=CARTESIAN_POINT('Control Point',(-14.7418879621,8.04966497228,-72.3752294122)) ;
#2637=CARTESIAN_POINT('Control Point',(-14.7871953942,7.99013893874,-72.4070299811)) ;
#2638=CARTESIAN_POINT('Control Point',(-14.8299672805,7.92950875202,-72.4400939643)) ;
#2639=CARTESIAN_POINT('Control Point',(-14.7068715895,8.23829835307,-72.5080187896)) ;
#2640=CARTESIAN_POINT('Control Point',(-14.764900512,8.16871100961,-72.5444258063)) ;
#2641=CARTESIAN_POINT('Control Point',(-14.8193814373,8.09711810357,-72.5826479441)) ;
#2642=CARTESIAN_POINT('Control Point',(-14.8700899686,8.02381450648,-72.6225277655)) ;
#2643=CARTESIAN_POINT('Control Point',(-14.7109152277,8.30222252618,-72.5907691951)) ;
#2644=CARTESIAN_POINT('Control Point',(-14.7741360884,8.22705817921,-72.6301380273)) ;
#2645=CARTESIAN_POINT('Control Point',(-14.8331819955,8.14945886087,-72.6715541602)) ;
#2646=CARTESIAN_POINT('Control Point',(-14.887766249,8.06980134966,-72.714816486)) ;
#2647=CARTESIAN_POINT('Control Point',(-14.7177615513,8.54946413332,-72.9217445261)) ;
#2648=CARTESIAN_POINT('Control Point',(-14.8016063795,8.45264772633,-72.9727693482)) ;
#2649=CARTESIAN_POINT('Control Point',(-14.8785812787,8.35145295772,-73.0267243452)) ;
#2650=CARTESIAN_POINT('Control Point',(-14.9481021327,8.24664766377,-73.0832000099)) ;
#2651=CARTESIAN_POINT('Control Point',(-14.688589007,8.77510781865,-73.2677403195)) ;
#2652=CARTESIAN_POINT('Control Point',(-14.7933795605,8.65822833987,-73.3303306147)) ;
#2653=CARTESIAN_POINT('Control Point',(-14.8878191581,8.53402299532,-73.3964754744)) ;
#2654=CARTESIAN_POINT('Control Point',(-14.9708065997,8.40393990501,-73.4654034604)) ;
#2655=CARTESIAN_POINT('Control Point',(-14.6467903176,8.92997939041,-73.5323580752)) ;
#2656=CARTESIAN_POINT('Control Point',(-14.7671798896,8.79919455932,-73.6036792847)) ;
#2657=CARTESIAN_POINT('Control Point',(-14.8743059716,8.65827464419,-73.6786727364)) ;
#2658=CARTESIAN_POINT('Control Point',(-14.9665300388,8.5093749107,-73.7561911746)) ;
#2659=CARTESIAN_POINT('Control Point',(-14.5853652174,9.06988329226,-73.8008629281)) ;
#2660=CARTESIAN_POINT('Control Point',(-14.7209874687,8.92635968974,-73.8811170965)) ;
#2661=CARTESIAN_POINT('Control Point',(-14.8403328438,8.76933739605,-73.9646259949)) ;
#2662=CARTESIAN_POINT('Control Point',(-14.941066537,8.60188816794,-74.0497557251)) ;
#2663=CARTESIAN_POINT('Control Point',(-14.505019748,9.1937976402,-74.0709270574)) ;
#2664=CARTESIAN_POINT('Control Point',(-14.6551776895,9.03869467647,-74.1603189419)) ;
#2665=CARTESIAN_POINT('Control Point',(-14.7861634192,8.86632420182,-74.251930949)) ;
#2666=CARTESIAN_POINT('Control Point',(-14.8948078057,8.68085662977,-74.3435465739)) ;
#2668=CARTESIAN_POINT('Control Point',(-14.505019748,9.1937976402,-74.0709270574)) ;
#2669=CARTESIAN_POINT('Control Point',(-14.6551776895,9.03869467647,-74.1603189419)) ;
#2670=CARTESIAN_POINT('Control Point',(-14.7861634192,8.86632420182,-74.251930949)) ;
#2671=CARTESIAN_POINT('Control Point',(-14.8948078057,8.68085662977,-74.3435465739)) ;
#2672=CARTESIAN_POINT('Vertex',(-14.8948076702,8.68085700333,-74.3435464731)) ;
#2676=CARTESIAN_POINT('Control Point',(-14.5207730494,7.41883704768,-71.6137518667)) ;
#2677=CARTESIAN_POINT('Control Point',(-14.5268834745,7.42679324091,-71.6254968746)) ;
#2678=CARTESIAN_POINT('Control Point',(-14.5329459664,7.43473158768,-71.6372778342)) ;
#2679=CARTESIAN_POINT('Control Point',(-14.5404615266,7.44232261996,-71.6509394224)) ;
#2680=CARTESIAN_POINT('Control Point',(-14.552608142,7.46124278527,-71.6764618331)) ;
#2681=CARTESIAN_POINT('Control Point',(-14.5650573402,7.47954846957,-71.7026259174)) ;
#2682=CARTESIAN_POINT('Control Point',(-14.5717776049,7.48950950208,-71.7169517265)) ;
#2683=CARTESIAN_POINT('Control Point',(-14.5862042302,7.51086192212,-71.748040146)) ;
#2684=CARTESIAN_POINT('Control Point',(-14.6003682886,7.53201515997,-71.7794240793)) ;
#2685=CARTESIAN_POINT('Control Point',(-14.6078799164,7.54331852594,-71.7963366822)) ;
#2686=CARTESIAN_POINT('Control Point',(-14.6301463966,7.57709280309,-71.8472911171)) ;
#2687=CARTESIAN_POINT('Control Point',(-14.6515857609,7.61047662646,-71.8988736011)) ;
#2688=CARTESIAN_POINT('Control Point',(-14.6654955558,7.63256815442,-71.9335239138)) ;
#2689=CARTESIAN_POINT('Control Point',(-14.8137192375,7.8728401849,-72.316085174)) ;
#2690=CARTESIAN_POINT('Control Point',(-14.9151636102,8.0927264942,-72.7284718539)) ;
#2691=CARTESIAN_POINT('Control Point',(-14.9659642591,8.27264677036,-73.1212133261)) ;
#2692=CARTESIAN_POINT('Control Point',(-14.9769387622,8.46039962778,-73.6062708958)) ;
#2693=CARTESIAN_POINT('Control Point',(-14.9286393835,8.61166733864,-74.0979474456)) ;
#2694=CARTESIAN_POINT('Control Point',(-14.9189838816,8.6357741772,-74.1797592296)) ;
#2695=CARTESIAN_POINT('Control Point',(-14.9077037481,8.65884191577,-74.2616439845)) ;
#2696=CARTESIAN_POINT('Control Point',(-14.8948078063,8.68085662876,-74.3435465701)) ;
#2706=CARTESIAN_POINT('Control Point',(-14.3843145819,9.34840952407,-74.5108488923)) ;
#2707=CARTESIAN_POINT('Control Point',(-14.5755179867,9.15720703386,-74.5108447827)) ;
#2708=CARTESIAN_POINT('Control Point',(-14.7421499399,8.94146004986,-74.5108405356)) ;
#2709=CARTESIAN_POINT('Control Point',(-14.8788243859,8.70814217637,-74.5108362882)) ;
#2710=CARTESIAN_POINT('Control Point',(-14.4224182045,9.31030692806,-74.3604479651)) ;
#2711=CARTESIAN_POINT('Control Point',(-14.5976750189,9.12856035556,-74.389607661)) ;
#2712=CARTESIAN_POINT('Control Point',(-14.751228474,8.92596202287,-74.4197435947)) ;
#2713=CARTESIAN_POINT('Control Point',(-14.8788239019,8.70814300252,-74.4498816623)) ;
#2714=CARTESIAN_POINT('Control Point',(-14.4628569496,9.25882492912,-74.2126477631)) ;
#2715=CARTESIAN_POINT('Control Point',(-14.6242359623,9.08916256571,-74.2719054363)) ;
#2716=CARTESIAN_POINT('Control Point',(-14.7658167141,8.90105944259,-74.3327384055)) ;
#2717=CARTESIAN_POINT('Control Point',(-14.8840296819,8.69925618032,-74.393574109)) ;
#2718=CARTESIAN_POINT('Control Point',(-14.5050195109,9.19379844836,-74.0709276799)) ;
#2719=CARTESIAN_POINT('Control Point',(-14.6551776951,9.03869550609,-74.1603193106)) ;
#2720=CARTESIAN_POINT('Control Point',(-14.7861634698,8.86632487107,-74.2519310822)) ;
#2721=CARTESIAN_POINT('Control Point',(-14.8948076702,8.68085700333,-74.3435464731)) ;
#2723=CARTESIAN_POINT('Control Point',(-14.8788243859,8.70814217637,-74.5108362882)) ;
#2724=CARTESIAN_POINT('Control Point',(-14.8788240955,8.70814267206,-74.4742635127)) ;
#2725=CARTESIAN_POINT('Control Point',(-14.8803692935,8.70550485416,-74.4390728099)) ;
#2726=CARTESIAN_POINT('Control Point',(-14.8835276167,8.70011325923,-74.4054507048)) ;
#2727=CARTESIAN_POINT('Control Point',(-14.8883408772,8.69189650953,-74.3735630546)) ;
#2728=CARTESIAN_POINT('Control Point',(-14.8948076702,8.68085700333,-74.3435464731)) ;
#2738=CARTESIAN_POINT('Axis2P3D Location',(-7.9375,-15.7952241059,-120.191862806)) ;
#2744=CARTESIAN_POINT('Control Point',(-14.3843199512,-9.34840415475,-74.5108536539)) ;
#2745=CARTESIAN_POINT('Control Point',(-13.063442649,-10.6692814569,-73.3854828973)) ;
#2746=CARTESIAN_POINT('Control Point',(-11.68082146,-12.0519026459,-72.2623717881)) ;
#2747=CARTESIAN_POINT('Control Point',(-10.2841960484,-13.4485280576,-71.1635147598)) ;
#2748=CARTESIAN_POINT('Control Point',(-8.86746000801,-14.8652640979,-70.0750686893)) ;
#2749=CARTESIAN_POINT('Vertex',(-14.3843199512,-9.34840415475,-74.5108536539)) ;
#2752=CARTESIAN_POINT('Line Origine',(-14.3843199512,-9.34840415475,-120.191862805)) ;
#2766=CARTESIAN_POINT('Axis2P3D Location',(-12.1392559209,-7.10334012448,-121.076815949)) ;
#2771=CARTESIAN_POINT('Axis2P3D Location',(-12.1392559209,-7.10334012448,-74.5108536539)) ;
#2775=CARTESIAN_POINT('Vertex',(-14.878824386,-8.70814217625,-74.5108536539)) ;
#2778=CARTESIAN_POINT('Line Origine',(-14.878824386,-8.70814217625,-121.076815949)) ;
#2792=CARTESIAN_POINT('Control Point',(-14.6650051569,-7.2592993024,-71.729316219)) ;
#2793=CARTESIAN_POINT('Control Point',(-14.8572667614,-7.92843285168,-72.2890404578)) ;
#2794=CARTESIAN_POINT('Control Point',(-14.8783568892,-8.53808087605,-72.9798550908)) ;
#2795=CARTESIAN_POINT('Control Point',(-14.7102751388,-9.02245486149,-73.7456692428)) ;
#2796=CARTESIAN_POINT('Control Point',(-14.3843145457,-9.34840956022,-74.5108490485)) ;
#2797=CARTESIAN_POINT('Control Point',(-13.5716664585,-8.47003954092,-70.8517659528)) ;
#2798=CARTESIAN_POINT('Control Point',(-13.7451565419,-9.1049705044,-71.4102488642)) ;
#2799=CARTESIAN_POINT('Control Point',(-13.7591387871,-9.67890105064,-72.088305205)) ;
#2800=CARTESIAN_POINT('Control Point',(-13.5986221481,-10.1341088165,-72.8340888236)) ;
#2801=CARTESIAN_POINT('Control Point',(-13.290975847,-10.441748259,-73.5793384431)) ;
#2802=CARTESIAN_POINT('Control Point',(-12.4362349778,-9.70051763813,-69.970822544)) ;
#2803=CARTESIAN_POINT('Control Point',(-12.5948385354,-10.3069338659,-70.5261743529)) ;
#2804=CARTESIAN_POINT('Control Point',(-12.6032838707,-10.8520426584,-71.1919378401)) ;
#2805=CARTESIAN_POINT('Control Point',(-12.4486698913,-11.2840533807,-71.9197960731)) ;
#2806=CARTESIAN_POINT('Control Point',(-12.1555443659,-11.57717974,-72.6471903752)) ;
#2807=CARTESIAN_POINT('Control Point',(-11.2899025305,-10.9251503313,-69.1023734072)) ;
#2808=CARTESIAN_POINT('Control Point',(-11.4363687042,-11.5077505231,-69.6540277947)) ;
#2809=CARTESIAN_POINT('Control Point',(-11.4403381282,-12.0291627576,-70.3086816975)) ;
#2810=CARTESIAN_POINT('Control Point',(-11.2904994733,-12.4422238379,-71.0209271777)) ;
#2811=CARTESIAN_POINT('Control Point',(-11.0092119184,-12.7235121875,-71.732761907)) ;
#2812=CARTESIAN_POINT('Control Point',(-10.1256381663,-12.1564987924,-68.2358318107)) ;
#2813=CARTESIAN_POINT('Control Point',(-10.2617991586,-12.7184479274,-68.7835044496)) ;
#2814=CARTESIAN_POINT('Control Point',(-10.2619981632,-13.2195907059,-69.427912752)) ;
#2815=CARTESIAN_POINT('Control Point',(-10.1161850807,-13.6165389229,-70.126149001)) ;
#2816=CARTESIAN_POINT('Control Point',(-9.84494755404,-13.8877765519,-70.8240167426)) ;
#2817=CARTESIAN_POINT('Control Point',(-8.95154887529,-13.3884958564,-67.3745047416)) ;
#2818=CARTESIAN_POINT('Control Point',(-9.07887444026,-13.9324566218,-67.9181405239)) ;
#2819=CARTESIAN_POINT('Control Point',(-9.07586007798,-14.4161253391,-68.553176488)) ;
#2820=CARTESIAN_POINT('Control Point',(-8.9334797304,-14.7992442268,-69.2388607186)) ;
#2821=CARTESIAN_POINT('Control Point',(-8.67085826283,-15.0618658431,-69.9242107159)) ;
#2823=CARTESIAN_POINT('Control Point',(-14.5207698768,-7.41883852512,-71.6137566513)) ;
#2824=CARTESIAN_POINT('Control Point',(-13.8419479971,-8.16883077081,-71.0708629235)) ;
#2825=CARTESIAN_POINT('Control Point',(-13.1482114082,-8.92535736011,-70.5273284655)) ;
#2826=CARTESIAN_POINT('Control Point',(-12.4449694292,-9.68433684508,-69.9854970705)) ;
#2827=CARTESIAN_POINT('Control Point',(-11.3293907872,-10.8785625693,-69.137733038)) ;
#2828=CARTESIAN_POINT('Control Point',(-10.1984966071,-12.0762918566,-68.2940939913)) ;
#2829=CARTESIAN_POINT('Control Point',(-9.78426297881,-12.5135018406,-67.9869533989)) ;
#2830=CARTESIAN_POINT('Control Point',(-9.36855415749,-12.9509232872,-67.6804252117)) ;
#2831=CARTESIAN_POINT('Control Point',(-8.95154887778,-13.388495867,-67.3745047522)) ;
#2832=CARTESIAN_POINT('Vertex',(-14.5207708845,-7.41884050119,-71.6137588978)) ;
#2836=CARTESIAN_POINT('Control Point',(-14.5050212549,-9.19379621934,-74.0709281736)) ;
#2837=CARTESIAN_POINT('Control Point',(-14.6172990195,-9.02063480963,-73.69354016)) ;
#2838=CARTESIAN_POINT('Control Point',(-14.6926404952,-8.81622859563,-73.3191890276)) ;
#2839=CARTESIAN_POINT('Control Point',(-14.7290749632,-8.58344180331,-72.9542348705)) ;
#2840=CARTESIAN_POINT('Control Point',(-14.7249184906,-8.24875208941,-72.4997423643)) ;
#2841=CARTESIAN_POINT('Control Point',(-14.6547722237,-7.88038778271,-72.0813554943)) ;
#2842=CARTESIAN_POINT('Control Point',(-14.6350365034,-7.7933423982,-71.9865704065)) ;
#2843=CARTESIAN_POINT('Control Point',(-14.6078605795,-7.69014873599,-71.8785729878)) ;
#2844=CARTESIAN_POINT('Control Point',(-14.5761261409,-7.58467510068,-71.7738382274)) ;
#2845=CARTESIAN_POINT('Control Point',(-14.5714972735,-7.56954498553,-71.7589310006)) ;
#2846=CARTESIAN_POINT('Control Point',(-14.5627013153,-7.54125028721,-71.7312743726)) ;
#2847=CARTESIAN_POINT('Control Point',(-14.553619141,-7.51271234854,-71.7038619595)) ;
#2848=CARTESIAN_POINT('Control Point',(-14.5493633242,-7.49939767835,-71.6912125671)) ;
#2849=CARTESIAN_POINT('Control Point',(-14.5414312206,-7.47494640882,-71.6681219072)) ;
#2850=CARTESIAN_POINT('Control Point',(-14.5336190117,-7.44954242865,-71.6452752777)) ;
#2851=CARTESIAN_POINT('Control Point',(-14.5290425013,-7.44069429642,-71.6349378139)) ;
#2852=CARTESIAN_POINT('Control Point',(-14.5249314988,-7.42977575534,-71.6243292538)) ;
#2853=CARTESIAN_POINT('Control Point',(-14.5207708845,-7.41884050119,-71.6137588978)) ;
#2854=CARTESIAN_POINT('Vertex',(-14.505019323,-9.19379831351,-74.07092779)) ;
#2858=CARTESIAN_POINT('Control Point',(-14.505019323,-9.19379831351,-74.07092779)) ;
#2859=CARTESIAN_POINT('Control Point',(-14.4628565165,-9.25882454796,-74.2126478861)) ;
#2860=CARTESIAN_POINT('Control Point',(-14.4224180782,-9.31030706123,-74.3604484723)) ;
#2861=CARTESIAN_POINT('Control Point',(-14.3843145457,-9.34840956022,-74.5108490485)) ;
#2873=CARTESIAN_POINT('Control Point',(-14.5050191306,-9.19379452563,-74.070928598)) ;
#2874=CARTESIAN_POINT('Control Point',(-14.6551773344,-9.03869184728,-74.160320912)) ;
#2875=CARTESIAN_POINT('Control Point',(-14.7861633034,-8.86632163599,-74.2519333499)) ;
#2876=CARTESIAN_POINT('Control Point',(-14.8948078947,-8.68085430633,-74.3435493928)) ;
#2877=CARTESIAN_POINT('Control Point',(-14.5611563994,-9.10721256388,-73.8822349478)) ;
#2878=CARTESIAN_POINT('Control Point',(-14.7011586729,-8.96020066369,-73.9652430556)) ;
#2879=CARTESIAN_POINT('Control Point',(-14.8240116763,-8.79855450489,-74.0511941751)) ;
#2880=CARTESIAN_POINT('Control Point',(-14.9271292056,-8.6256768665,-74.1382788468)) ;
#2881=CARTESIAN_POINT('Control Point',(-14.6080591271,-9.01281908321,-73.6943006765)) ;
#2882=CARTESIAN_POINT('Control Point',(-14.7375655008,-8.87446473809,-73.7710252016)) ;
#2883=CARTESIAN_POINT('Control Point',(-14.8520031415,-8.7239114932,-73.8511143238)) ;
#2884=CARTESIAN_POINT('Control Point',(-14.9493013601,-8.56388344342,-73.9331187614)) ;
#2885=CARTESIAN_POINT('Control Point',(-14.6454831529,-8.91097374302,-73.5079202375)) ;
#2886=CARTESIAN_POINT('Control Point',(-14.7642654027,-8.78184438411,-73.5784591476)) ;
#2887=CARTESIAN_POINT('Control Point',(-14.8700427009,-8.64270321826,-73.6525111038)) ;
#2888=CARTESIAN_POINT('Control Point',(-14.9611854748,-8.49569374595,-73.7289351983)) ;
#2889=CARTESIAN_POINT('Control Point',(-14.7010362026,-8.69323358109,-73.1398502956)) ;
#2890=CARTESIAN_POINT('Control Point',(-14.7981348658,-8.5836478593,-73.1981594242)) ;
#2891=CARTESIAN_POINT('Control Point',(-14.8861756963,-8.46787022611,-73.2598372092)) ;
#2892=CARTESIAN_POINT('Control Point',(-14.964261577,-8.34708033925,-73.3242550476)) ;
#2893=CARTESIAN_POINT('Control Point',(-14.7176521343,-8.44930914865,-72.784236444)) ;
#2894=CARTESIAN_POINT('Control Point',(-14.7929735744,-8.36127997791,-72.8304453372)) ;
#2895=CARTESIAN_POINT('Control Point',(-14.8625916759,-8.26975436069,-72.8792502181)) ;
#2896=CARTESIAN_POINT('Control Point',(-14.9260634878,-8.17531459489,-72.9303405067)) ;
#2897=CARTESIAN_POINT('Control Point',(-14.7161390421,-8.32127953797,-72.6103120954)) ;
#2898=CARTESIAN_POINT('Control Point',(-14.7806431121,-8.24448870757,-72.6504650983)) ;
#2899=CARTESIAN_POINT('Control Point',(-14.8409146456,-8.16526360619,-72.6927341058)) ;
#2900=CARTESIAN_POINT('Control Point',(-14.8966734109,-8.08397255978,-72.7369225535)) ;
#2901=CARTESIAN_POINT('Control Point',(-14.7013834072,-8.14746540439,-72.3900021503)) ;
#2902=CARTESIAN_POINT('Control Point',(-14.7520048322,-8.08581195097,-72.4222034004)) ;
#2903=CARTESIAN_POINT('Control Point',(-14.7999838208,-8.02276143621,-72.4558705827)) ;
#2904=CARTESIAN_POINT('Control Point',(-14.84518241,-7.95849513881,-72.4909068679)) ;
#2905=CARTESIAN_POINT('Control Point',(-14.6701303238,-7.96523262262,-72.1787186143)) ;
#2906=CARTESIAN_POINT('Control Point',(-14.7072140408,-7.919245075,-72.2028040344)) ;
#2907=CARTESIAN_POINT('Control Point',(-14.7427913964,-7.87251422108,-72.2277878627)) ;
#2908=CARTESIAN_POINT('Control Point',(-14.7767997132,-7.82512238416,-72.253626082)) ;
#2909=CARTESIAN_POINT('Control Point',(-14.6620146397,-7.92259155769,-72.1302988119)) ;
#2910=CARTESIAN_POINT('Control Point',(-14.6959842194,-7.88025871301,-72.1524962891)) ;
#2911=CARTESIAN_POINT('Control Point',(-14.7286856184,-7.83731443188,-72.1754670614)) ;
#2912=CARTESIAN_POINT('Control Point',(-14.7600703768,-7.79382234919,-72.1991770857)) ;
#2913=CARTESIAN_POINT('Control Point',(-14.6440233996,-7.83647221611,-72.034503326)) ;
#2914=CARTESIAN_POINT('Control Point',(-14.6718070941,-7.80149585429,-72.0529023527)) ;
#2915=CARTESIAN_POINT('Control Point',(-14.6987485318,-7.7661351832,-72.0718406828)) ;
#2916=CARTESIAN_POINT('Control Point',(-14.7248220631,-7.73042386102,-72.0913002817)) ;
#2917=CARTESIAN_POINT('Control Point',(-14.6225284728,-7.74873923293,-71.9408705)) ;
#2918=CARTESIAN_POINT('Control Point',(-14.6442157819,-7.72120409662,-71.9554224137)) ;
#2919=CARTESIAN_POINT('Control Point',(-14.665385246,-7.69344381455,-71.9703190699)) ;
#2920=CARTESIAN_POINT('Control Point',(-14.686024432,-7.66547468601,-71.9855517168)) ;
#2921=CARTESIAN_POINT('Control Point',(-14.6103762116,-7.70603313391,-71.8946468852)) ;
#2922=CARTESIAN_POINT('Control Point',(-14.6288350231,-7.68188935628,-71.9068245419)) ;
#2923=CARTESIAN_POINT('Control Point',(-14.6469127816,-7.65758438331,-71.9192611654)) ;
#2924=CARTESIAN_POINT('Control Point',(-14.6646016788,-7.6331284444,-71.9319512548)) ;
#2925=CARTESIAN_POINT('Control Point',(-14.5881278727,-7.62003826775,-71.8095352335)) ;
#2926=CARTESIAN_POINT('Control Point',(-14.6013817694,-7.60353812762,-71.8188992528)) ;
#2927=CARTESIAN_POINT('Control Point',(-14.6144613619,-7.58696918393,-71.8283875591)) ;
#2928=CARTESIAN_POINT('Control Point',(-14.6273645505,-7.57033417056,-71.837998664)) ;
#2929=CARTESIAN_POINT('Control Point',(-14.5611304802,-7.53796054275,-71.7266166519)) ;
#2930=CARTESIAN_POINT('Control Point',(-14.5685751804,-7.52797311174,-71.7316316166)) ;
#2931=CARTESIAN_POINT('Control Point',(-14.5759650733,-7.51796530829,-71.736687153)) ;
#2932=CARTESIAN_POINT('Control Point',(-14.5832998733,-7.5079374939,-71.7417830535)) ;
#2933=CARTESIAN_POINT('Control Point',(-14.55004399,-7.49337954341,-71.6883741222)) ;
#2934=CARTESIAN_POINT('Control Point',(-14.5557082783,-7.48793387138,-71.6932743149)) ;
#2935=CARTESIAN_POINT('Control Point',(-14.5613539023,-7.48248158023,-71.6981887003)) ;
#2936=CARTESIAN_POINT('Control Point',(-14.5669808555,-7.47702266392,-71.7031172666)) ;
#2937=CARTESIAN_POINT('Control Point',(-14.5357148851,-7.45810878184,-71.651712954)) ;
#2938=CARTESIAN_POINT('Control Point',(-14.5380491267,-7.45454170076,-71.6531189176)) ;
#2939=CARTESIAN_POINT('Control Point',(-14.5403833682,-7.45097461967,-71.6545248812)) ;
#2940=CARTESIAN_POINT('Control Point',(-14.5427176098,-7.44740753858,-71.6559308448)) ;
#2941=CARTESIAN_POINT('Control Point',(-14.5207738165,-7.41883948865,-71.6137540366)) ;
#2942=CARTESIAN_POINT('Control Point',(-14.5207738165,-7.41883948865,-71.6137540366)) ;
#2943=CARTESIAN_POINT('Control Point',(-14.5207738165,-7.41883948865,-71.6137540366)) ;
#2944=CARTESIAN_POINT('Control Point',(-14.5207738165,-7.41883948865,-71.6137540366)) ;
#2946=CARTESIAN_POINT('Control Point',(-14.5050191306,-9.19379452563,-74.070928598)) ;
#2947=CARTESIAN_POINT('Control Point',(-14.6551773344,-9.03869184728,-74.160320912)) ;
#2948=CARTESIAN_POINT('Control Point',(-14.7861633034,-8.86632163599,-74.2519333499)) ;
#2949=CARTESIAN_POINT('Control Point',(-14.8948078947,-8.68085430633,-74.3435493928)) ;
#2950=CARTESIAN_POINT('Vertex',(-14.8948076744,-8.68085699614,-74.3435464887)) ;
#2954=CARTESIAN_POINT('Control Point',(-14.8948082057,-8.68085377539,-74.3435474176)) ;
#2955=CARTESIAN_POINT('Control Point',(-14.9594506091,-8.57049890004,-73.9330067223)) ;
#2956=CARTESIAN_POINT('Control Point',(-14.9834964615,-8.43368014773,-73.5229078888)) ;
#2957=CARTESIAN_POINT('Control Point',(-14.9658347022,-8.27215518606,-73.1201793897)) ;
#2958=CARTESIAN_POINT('Control Point',(-14.8888134204,-8.03333477269,-72.6147238204)) ;
#2959=CARTESIAN_POINT('Control Point',(-14.7442254545,-7.76293307132,-72.1442077982)) ;
#2960=CARTESIAN_POINT('Control Point',(-14.7072078532,-7.69867740406,-72.037339021)) ;
#2961=CARTESIAN_POINT('Control Point',(-14.6597917082,-7.62205898989,-71.9151309695)) ;
#2962=CARTESIAN_POINT('Control Point',(-14.6078804253,-7.54331779914,-71.7963370295)) ;
#2963=CARTESIAN_POINT('Control Point',(-14.6003688733,-7.53201434328,-71.7794244861)) ;
#2964=CARTESIAN_POINT('Control Point',(-14.5862052305,-7.51086136203,-71.7480412784)) ;
#2965=CARTESIAN_POINT('Control Point',(-14.5717792127,-7.48950902509,-71.7169537295)) ;
#2966=CARTESIAN_POINT('Control Point',(-14.5650594433,-7.47954820574,-71.7026286953)) ;
#2967=CARTESIAN_POINT('Control Point',(-14.5526109841,-7.46124258181,-71.6764656113)) ;
#2968=CARTESIAN_POINT('Control Point',(-14.5404661642,-7.44232151009,-71.6509451143)) ;
#2969=CARTESIAN_POINT('Control Point',(-14.5329471886,-7.43473223796,-71.6372797969)) ;
#2970=CARTESIAN_POINT('Control Point',(-14.5268844678,-7.42679478555,-71.6254989416)) ;
#2971=CARTESIAN_POINT('Control Point',(-14.5207738165,-7.41883948865,-71.6137540366)) ;
#2981=CARTESIAN_POINT('Control Point',(-14.505019505,-9.19379843913,-74.0709277173)) ;
#2982=CARTESIAN_POINT('Control Point',(-14.6551776911,-9.03869549632,-74.1603193408)) ;
#2983=CARTESIAN_POINT('Control Point',(-14.7861634691,-8.86632486209,-74.251931105)) ;
#2984=CARTESIAN_POINT('Control Point',(-14.8948076744,-8.68085699614,-74.3435464887)) ;
#2985=CARTESIAN_POINT('Control Point',(-14.4628569628,-9.25882485853,-74.2126477104)) ;
#2986=CARTESIAN_POINT('Control Point',(-14.6242359712,-9.08916250436,-74.2719053945)) ;
#2987=CARTESIAN_POINT('Control Point',(-14.7658167238,-8.90105939569,-74.3327383748)) ;
#2988=CARTESIAN_POINT('Control Point',(-14.8840296987,-8.69925615152,-74.3935740895)) ;
#2989=CARTESIAN_POINT('Control Point',(-14.4224180782,-9.31030706123,-74.3604484723)) ;
#2990=CARTESIAN_POINT('Control Point',(-14.5976749436,-9.12856045611,-74.3896080711)) ;
#2991=CARTESIAN_POINT('Control Point',(-14.7512284408,-8.92596207952,-74.4197439047)) ;
#2992=CARTESIAN_POINT('Control Point',(-14.8788238987,-8.70814300808,-74.4498818723)) ;
#2993=CARTESIAN_POINT('Control Point',(-14.3843145457,-9.34840956022,-74.5108490485)) ;
#2994=CARTESIAN_POINT('Control Point',(-14.5755179656,-9.15720706104,-74.5108449113)) ;
#2995=CARTESIAN_POINT('Control Point',(-14.7421499313,-8.94146006457,-74.5108406356)) ;
#2996=CARTESIAN_POINT('Control Point',(-14.8788243859,-8.70814217637,-74.5108363596)) ;
#2998=CARTESIAN_POINT('Control Point',(-14.8948076744,-8.68085699614,-74.3435464887)) ;
#2999=CARTESIAN_POINT('Control Point',(-14.888340889,-8.69189648937,-74.3735630492)) ;
#3000=CARTESIAN_POINT('Control Point',(-14.8835276132,-8.70011326509,-74.4054507508)) ;
#3001=CARTESIAN_POINT('Control Point',(-14.8803692626,-8.70550490682,-74.439072978)) ;
#3002=CARTESIAN_POINT('Control Point',(-14.8788240936,-8.7081426754,-74.4742636672)) ;
#3003=CARTESIAN_POINT('Control Point',(-14.8788243859,-8.70814217637,-74.5108363596)) ;
#3013=CARTESIAN_POINT('Axis2P3D Location',(-7.9375,-1.06581410364E-14,-87.5233759459)) ;
#3019=CARTESIAN_POINT('Control Point',(-14.5207762529,7.41883602115,-71.6137462402)) ;
#3020=CARTESIAN_POINT('Control Point',(-14.964675758,6.54821425865,-71.7914741506)) ;
#3021=CARTESIAN_POINT('Control Point',(-15.3906013353,5.70041137681,-72.0043821618)) ;
#3022=CARTESIAN_POINT('Control Point',(-15.7952241059,4.88133281455,-72.2488617992)) ;
#3025=CARTESIAN_POINT('Control Point',(-14.5207760198,-7.4188364831,-71.6137461491)) ;
#3026=CARTESIAN_POINT('Control Point',(-14.9646756107,-6.54821455326,-71.7914740772)) ;
#3027=CARTESIAN_POINT('Control Point',(-15.3906012801,-5.7004114901,-72.004382129)) ;
#3028=CARTESIAN_POINT('Control Point',(-15.7952241059,-4.88133281413,-72.2488617991)) ;
#3043=CARTESIAN_POINT('Control Point',(-14.4337418258,-7.58937917586,-71.5794400838)) ;
#3044=CARTESIAN_POINT('Control Point',(-14.7523198389,-7.95228381601,-72.1726691353)) ;
#3045=CARTESIAN_POINT('Control Point',(-14.9454815245,-8.27007039205,-72.8612972908)) ;
#3046=CARTESIAN_POINT('Control Point',(-14.9908373524,-8.51692421943,-73.6025898072)) ;
#3047=CARTESIAN_POINT('Control Point',(-14.8948078483,-8.68085669926,-74.3435466979)) ;
#3048=CARTESIAN_POINT('Control Point',(-14.9090498284,-6.65886713364,-71.7638616645)) ;
#3049=CARTESIAN_POINT('Control Point',(-15.2414713637,-7.05348035792,-72.3626493475)) ;
#3050=CARTESIAN_POINT('Control Point',(-15.4402449352,-7.40413272256,-73.0650799144)) ;
#3051=CARTESIAN_POINT('Control Point',(-15.4805169505,-7.68098882732,-73.8250660408)) ;
#3052=CARTESIAN_POINT('Control Point',(-15.3701158487,-7.86945518872,-74.5846649856)) ;
#3053=CARTESIAN_POINT('Control Point',(-15.3642259664,-5.75380300101,-71.9884457646)) ;
#3054=CARTESIAN_POINT('Control Point',(-15.711723146,-6.18174102707,-72.590681794)) ;
#3055=CARTESIAN_POINT('Control Point',(-15.916668662,-6.567751346,-73.3055401191)) ;
#3056=CARTESIAN_POINT('Control Point',(-15.9513407252,-6.87724231526,-74.0833699153)) ;
#3057=CARTESIAN_POINT('Control Point',(-15.8252919843,-7.0924209209,-74.8607506048)) ;
#3058=CARTESIAN_POINT('Control Point',(-15.795224106,-4.88133283557,-72.2488617919)) ;
#3059=CARTESIAN_POINT('Control Point',(-16.1591103715,-5.3437429289,-72.8519048325)) ;
#3060=CARTESIAN_POINT('Control Point',(-16.370856478,-5.76753617695,-73.5771404942)) ;
#3061=CARTESIAN_POINT('Control Point',(-16.3993451376,-6.11245093089,-74.3712601991)) ;
#3062=CARTESIAN_POINT('Control Point',(-16.2562901212,-6.35666107868,-75.1648557425)) ;
#3064=CARTESIAN_POINT('Control Point',(-14.894807863,-8.68085667416,-74.3435465844)) ;
#3065=CARTESIAN_POINT('Control Point',(-15.0802169842,-8.36434350603,-74.4376024999)) ;
#3066=CARTESIAN_POINT('Control Point',(-15.2630811001,-8.05217493382,-74.5360767611)) ;
#3067=CARTESIAN_POINT('Control Point',(-15.4432797291,-7.74455663234,-74.6387986219)) ;
#3068=CARTESIAN_POINT('Control Point',(-15.6206967142,-7.44168689385,-74.7455845219)) ;
#3069=CARTESIAN_POINT('Control Point',(-15.7952241059,-7.14375,-74.8562374005)) ;
#3080=CARTESIAN_POINT('Control Point',(-14.4337418261,7.58937917328,-71.5794400762)) ;
#3081=CARTESIAN_POINT('Control Point',(-14.7523198271,7.9522838,-72.1726691039)) ;
#3082=CARTESIAN_POINT('Control Point',(-14.94548151,8.27007036612,-72.8612972279)) ;
#3083=CARTESIAN_POINT('Control Point',(-14.9908373475,8.51692419007,-73.6025897106)) ;
#3084=CARTESIAN_POINT('Control Point',(-14.8948078633,8.6808566737,-74.3435465713)) ;
#3085=CARTESIAN_POINT('Control Point',(-14.9090498269,6.65886713579,-71.7638616607)) ;
#3086=CARTESIAN_POINT('Control Point',(-15.2414713495,7.05348034506,-72.3626493203)) ;
#3087=CARTESIAN_POINT('Control Point',(-15.4402449184,7.40413269806,-73.0650798558)) ;
#3088=CARTESIAN_POINT('Control Point',(-15.4805169443,7.68098879805,-73.8250659482)) ;
#3089=CARTESIAN_POINT('Control Point',(-15.370115864,7.86945516251,-74.5846648632)) ;
#3090=CARTESIAN_POINT('Control Point',(-15.3642259498,5.75380303378,-71.9884457537)) ;
#3091=CARTESIAN_POINT('Control Point',(-15.7117231155,6.18174104239,-72.5906817602)) ;
#3092=CARTESIAN_POINT('Control Point',(-15.9166686289,6.56775134695,-73.3055400535)) ;
#3093=CARTESIAN_POINT('Control Point',(-15.951340704,6.87724230916,-74.0833698148)) ;
#3094=CARTESIAN_POINT('Control Point',(-15.8252919869,7.09242091646,-74.8607504743)) ;
#3095=CARTESIAN_POINT('Control Point',(-15.795224106,4.8813328358,-72.2488617921)) ;
#3096=CARTESIAN_POINT('Control Point',(-16.1591103576,5.34374291142,-72.8519048097)) ;
#3097=CARTESIAN_POINT('Control Point',(-16.3708564618,5.76753614467,-73.5771404389)) ;
#3098=CARTESIAN_POINT('Control Point',(-16.3993451344,6.11245089147,-74.3712601082)) ;
#3099=CARTESIAN_POINT('Control Point',(-16.2562901431,6.35666104139,-75.1648556213)) ;
#3101=CARTESIAN_POINT('Control Point',(-14.8948078633,8.68085667363,-74.3435465711)) ;
#3102=CARTESIAN_POINT('Control Point',(-15.0802169844,8.36434350572,-74.4376024895)) ;
#3103=CARTESIAN_POINT('Control Point',(-15.2630811,8.05217493397,-74.5360767546)) ;
#3104=CARTESIAN_POINT('Control Point',(-15.4432797288,7.74455663285,-74.6387986189)) ;
#3105=CARTESIAN_POINT('Control Point',(-15.620696714,7.44168689424,-74.7455845208)) ;
#3106=CARTESIAN_POINT('Control Point',(-15.7952241059,7.14375,-74.8562374002)) ;
#3116=CARTESIAN_POINT('Axis2P3D Location',(11.5911553644,53.8952241059,-172.751827605)) ;
#3121=CARTESIAN_POINT('Line Origine',(-2527235.73446,-3875572.26251,-1895573.19516)) ;
#3126=CARTESIAN_POINT('Line Origine',(-2527235.73446,-4314227.15208,-172.751825101)) ;
#3139=CARTESIAN_POINT('Axis2P3D Location',(-16.3069237276,11.1125,-193.675)) ;
#3144=CARTESIAN_POINT('Line Origine',(2527231.0187,11.1124999778,-4314474.72231)) ;
#3157=CARTESIAN_POINT('Axis2P3D Location',(-15.7952241059,5.3290705182E-15,-194.548525894)) ;
#3162=CARTESIAN_POINT('Line Origine',(-15.7952241059,-11.1125,-194.548525894)) ;
#3175=CARTESIAN_POINT('Axis2P3D Location',(-16.3069237276,-11.1125,-193.675)) ;
#3180=CARTESIAN_POINT('Line Origine',(2527231.0187,-3875637.27024,1895206.76833)) ;
#3193=CARTESIAN_POINT('Axis2P3D Location',(11.5911553644,-53.8952241059,-172.751827605)) ;
#3198=CARTESIAN_POINT('Line Origine',(-2527235.73446,4314227.15208,-172.751828505)) ;
#3211=CARTESIAN_POINT('Axis2P3D Location',(-15.7952241059,-7.14375,-133.360536877)) ;
#3225=CARTESIAN_POINT('Axis2P3D Location',(-15.7952241059,7.14375,-133.360536879)) ;
#3239=CARTESIAN_POINT('Axis2P3D Location',(-10.5052228111,5.3290705182E-15,-177.8)) ;
#3244=CARTESIAN_POINT('Line Origine',(-10.5052228111,4.7625,-177.8)) ;
#3248=CARTESIAN_POINT('Vertex',(-3.175,4.7625,-177.8)) ;
#3251=CARTESIAN_POINT('Axis2P3D Location',(-3.175,5.3290705182E-15,-177.8)) ;
#3255=CARTESIAN_POINT('Vertex',(-3.175,-4.7625,-177.8)) ;
#3258=CARTESIAN_POINT('Line Origine',(-10.5052228111,-4.7625,-177.8)) ;
#3271=CARTESIAN_POINT('Axis2P3D Location',(-10.5052228111,6.2172489379E-15,-177.8)) ;
#3276=CARTESIAN_POINT('Axis2P3D Location',(-3.175,6.2172489379E-15,-177.8)) ;
#3289=CARTESIAN_POINT('Axis2P3D Location',(-0.635,6.2172489379E-15,-177.8)) ;
#3294=CARTESIAN_POINT('Axis2P3D Location',(-0.635,6.2172489379E-15,-177.8)) ;
#3298=CARTESIAN_POINT('Vertex',(-0.635,4.40552627986,-177.8)) ;
#3300=CARTESIAN_POINT('Vertex',(-0.635,-4.40552627986,-177.8)) ;
#3303=CARTESIAN_POINT('Axis2P3D Location',(-0.635,5.3290705182E-15,-177.8)) ;
#3314=CARTESIAN_POINT('Axis2P3D Location',(-3.175,6.2172489379E-15,-177.8)) ;
#3319=CARTESIAN_POINT('Line Origine',(-1.905,4.58401313993,-177.8)) ;
#3324=CARTESIAN_POINT('Line Origine',(-1.905,-4.58401313993,-177.8)) ;
#3337=CARTESIAN_POINT('Axis2P3D Location',(-3.175,5.3290705182E-15,-177.8)) ;
#3350=CARTESIAN_POINT('Axis2P3D Location',(-10.5052228111,4.4408920985E-16,-93.8733759459)) ;
#3355=CARTESIAN_POINT('Line Origine',(-10.5052228111,4.7625,-93.8733759459)) ;
#3359=CARTESIAN_POINT('Vertex',(-3.175,4.7625,-93.8733759459)) ;
#3362=CARTESIAN_POINT('Axis2P3D Location',(-3.175,4.4408920985E-16,-93.8733759459)) ;
#3366=CARTESIAN_POINT('Vertex',(-3.175,-4.7625,-93.8733759459)) ;
#3369=CARTESIAN_POINT('Line Origine',(-10.5052228111,-4.7625,-93.8733759459)) ;
#3382=CARTESIAN_POINT('Axis2P3D Location',(-10.5052228111,0.,-93.8733759459)) ;
#3387=CARTESIAN_POINT('Axis2P3D Location',(-3.175,0.,-93.8733759459)) ;
#3400=CARTESIAN_POINT('Axis2P3D Location',(-0.635,0.,-93.8733759459)) ;
#3405=CARTESIAN_POINT('Axis2P3D Location',(-0.635,0.,-93.8733759459)) ;
#3409=CARTESIAN_POINT('Vertex',(-0.635,4.40552627986,-93.8733759459)) ;
#3411=CARTESIAN_POINT('Vertex',(-0.635,-4.40552627986,-93.8733759459)) ;
#3414=CARTESIAN_POINT('Axis2P3D Location',(-0.635,4.4408920985E-16,-93.8733759459)) ;
#3425=CARTESIAN_POINT('Axis2P3D Location',(-3.175,0.,-93.8733759459)) ;
#3430=CARTESIAN_POINT('Line Origine',(-1.905,4.58401313993,-93.8733759459)) ;
#3435=CARTESIAN_POINT('Line Origine',(-1.905,-4.58401313993,-93.8733759459)) ;
#3448=CARTESIAN_POINT('Axis2P3D Location',(-3.175,4.4408920985E-16,-93.8733759459)) ;
#3465=CARTESIAN_POINT('Axis2P3D Location',(6.35,0.,0.)) ;
#3470=CARTESIAN_POINT('Axis2P3D Location',(6.35,-11.0327241059,-70.0824641276)) ;
#3474=CARTESIAN_POINT('Vertex',(6.35,-15.7952241059,-70.0824641276)) ;
#3476=CARTESIAN_POINT('Vertex',(6.35,-13.5787373612,-66.0576383234)) ;
#3479=CARTESIAN_POINT('Axis2P3D Location',(6.35,-1.15463194561E-14,-87.5233759459)) ;
#3483=CARTESIAN_POINT('Vertex',(6.35,13.5787373612,-66.0576383234)) ;
#3486=CARTESIAN_POINT('Axis2P3D Location',(6.35,11.0327241059,-70.0824641276)) ;
#3490=CARTESIAN_POINT('Vertex',(6.35,15.7952241059,-70.0824641276)) ;
#3493=CARTESIAN_POINT('Line Origine',(6.35,15.7952241059,-121.417145867)) ;
#3497=CARTESIAN_POINT('Vertex',(6.35,15.7952241059,-172.751827606)) ;
#3500=CARTESIAN_POINT('Axis2P3D Location',(6.35,53.8952241059,-172.751827605)) ;
#3504=CARTESIAN_POINT('Vertex',(6.35,19.6690448212,-189.490365521)) ;
#3507=CARTESIAN_POINT('Axis2P3D Location',(6.35,11.1125,-193.675)) ;
#3511=CARTESIAN_POINT('Vertex',(6.35,11.1125,-203.2)) ;
#3514=CARTESIAN_POINT('Line Origine',(6.35,-3.5527136788E-15,-203.2)) ;
#3518=CARTESIAN_POINT('Vertex',(6.35,-11.1125,-203.2)) ;
#3521=CARTESIAN_POINT('Axis2P3D Location',(6.35,-11.1125,-193.675)) ;
#3525=CARTESIAN_POINT('Vertex',(6.35,-19.6690448212,-189.490365521)) ;
#3528=CARTESIAN_POINT('Axis2P3D Location',(6.35,-53.8952241059,-172.751827605)) ;
#3532=CARTESIAN_POINT('Vertex',(6.35,-15.7952241059,-172.751827606)) ;
#3535=CARTESIAN_POINT('Line Origine',(6.35,-15.7952241059,-121.417145867)) ;
#3552=CARTESIAN_POINT('Axis2P3D Location',(6.35,5.3290705182E-15,-177.8)) ;
#3556=CARTESIAN_POINT('Vertex',(6.35,-4.7625,-177.8)) ;
#3558=CARTESIAN_POINT('Vertex',(6.35,4.7625,-177.8)) ;
#3561=CARTESIAN_POINT('Axis2P3D Location',(6.35,6.2172489379E-15,-177.8)) ;
#3570=CARTESIAN_POINT('Axis2P3D Location',(6.35,4.4408920985E-16,-93.8733759459)) ;
#3574=CARTESIAN_POINT('Vertex',(6.35,-4.7625,-93.8733759459)) ;
#3576=CARTESIAN_POINT('Vertex',(6.35,4.7625,-93.8733759459)) ;
#3579=CARTESIAN_POINT('Axis2P3D Location',(6.35,0.,-93.8733759459)) ;
#3590=CARTESIAN_POINT('Axis2P3D Location',(6.62237193947,-11.1125,-193.675)) ;
#3594=CARTESIAN_POINT('Vertex',(6.62237193947,-19.6690448212,-189.490365521)) ;
#3596=CARTESIAN_POINT('Vertex',(6.62237193947,-11.1125,-203.2)) ;
#3599=CARTESIAN_POINT('Line Origine',(-7.75375000015,-19.6690448212,-189.490365521)) ;
#3604=CARTESIAN_POINT('Line Origine',(-7.75375000015,-11.1125,-203.2)) ;
#3617=CARTESIAN_POINT('Axis2P3D Location',(6.62237193947,-11.1125,-193.675)) ;
#3622=CARTESIAN_POINT('Axis2P3D Location',(6.62237193947,-11.1125,-200.025)) ;
#3626=CARTESIAN_POINT('Vertex',(8.86743596973,-11.1125,-202.27006403)) ;
#3629=CARTESIAN_POINT('Axis2P3D Location',(8.86743596973,-11.1125,-193.675)) ;
#3633=CARTESIAN_POINT('Vertex',(8.86743596973,-18.8336601697,-189.898915875)) ;
#3636=CARTESIAN_POINT('Axis2P3D Location',(6.62237193947,-16.8168632141,-190.885243681)) ;
#3649=CARTESIAN_POINT('Axis2P3D Location',(6.62237193947,11.1125,-193.675)) ;
#3653=CARTESIAN_POINT('Vertex',(6.62237193947,11.1125,-203.2)) ;
#3655=CARTESIAN_POINT('Vertex',(6.62237193947,19.6690448212,-189.490365521)) ;
#3658=CARTESIAN_POINT('Line Origine',(-7.75375000015,11.1125,-203.2)) ;
#3663=CARTESIAN_POINT('Line Origine',(-7.75375000015,19.6690448212,-189.490365521)) ;
#3676=CARTESIAN_POINT('Axis2P3D Location',(6.62237193947,11.1125,-193.675)) ;
#3681=CARTESIAN_POINT('Axis2P3D Location',(6.62237193947,16.8168632141,-190.885243681)) ;
#3685=CARTESIAN_POINT('Vertex',(8.86743596973,18.8336601697,-189.898915875)) ;
#3688=CARTESIAN_POINT('Axis2P3D Location',(8.86743596973,11.1125,-193.675)) ;
#3692=CARTESIAN_POINT('Vertex',(8.86743596973,11.1125,-202.27006403)) ;
#3695=CARTESIAN_POINT('Axis2P3D Location',(6.62237193947,11.1125,-200.025)) ;
#3708=CARTESIAN_POINT('Axis2P3D Location',(6.45697318536,-1.15463194561E-14,-87.5233759459)) ;
#3712=CARTESIAN_POINT('Vertex',(6.45697318512,13.5787373612,-66.0576383234)) ;
#3714=CARTESIAN_POINT('Vertex',(6.45697318536,-13.5787373612,-66.0576383234)) ;
#3717=CARTESIAN_POINT('Line Origine',(-7.75375000015,13.5787373612,-66.0576383234)) ;
#3722=CARTESIAN_POINT('Line Origine',(-7.75375000015,-13.5787373612,-66.0576383234)) ;
#3735=CARTESIAN_POINT('Axis2P3D Location',(6.45697318536,-1.06581410364E-14,-87.5233759459)) ;
#3740=CARTESIAN_POINT('Axis2P3D Location',(6.45697318536,-11.881395191,-68.7408555262)) ;
#3744=CARTESIAN_POINT('Vertex',(8.88916429226,-12.9724257074,-67.0161167541)) ;
#3747=CARTESIAN_POINT('Axis2P3D Location',(8.88916429226,-1.06581410364E-14,-87.5233759459)) ;
#3751=CARTESIAN_POINT('Vertex',(8.88916429202,12.9724257073,-67.0161167538)) ;
#3754=CARTESIAN_POINT('Axis2P3D Location',(6.45697318536,11.881395191,-68.7408555262)) ;
#3768=CARTESIAN_POINT('Control Point',(6.62237193941,-15.7952241059,-70.0824641276)) ;
#3769=CARTESIAN_POINT('Control Point',(6.62237193946,-15.7952241059,-70.0750723676)) ;
#3770=CARTESIAN_POINT('Control Point',(6.62237767577,-15.795206897,-70.0676806047)) ;
#3771=CARTESIAN_POINT('Control Point',(6.62238914827,-15.7951724795,-70.060288938)) ;
#3772=CARTESIAN_POINT('Vertex',(6.62239596316,-15.7951724796,-70.0602889485)) ;
#3774=CARTESIAN_POINT('Vertex',(6.62237193941,-15.7952241059,-70.0824641276)) ;
#3778=CARTESIAN_POINT('Control Point',(6.51935933655,-14.7115908436,-67.0580061965)) ;
#3779=CARTESIAN_POINT('Control Point',(6.58297163413,-15.206338951,-67.6598040819)) ;
#3780=CARTESIAN_POINT('Control Point',(6.61722283779,-15.5829405598,-68.3874816274)) ;
#3781=CARTESIAN_POINT('Control Point',(6.62373480195,-15.7911795925,-69.2027572742)) ;
#3782=CARTESIAN_POINT('Control Point',(6.62239596316,-15.7951724796,-70.0602889485)) ;
#3783=CARTESIAN_POINT('Vertex',(6.51935679199,-14.7115909755,-67.058006357)) ;
#3787=CARTESIAN_POINT('Control Point',(6.51935679199,-14.7115909755,-67.058006357)) ;
#3788=CARTESIAN_POINT('Control Point',(6.47818857177,-14.3913878465,-66.6685201178)) ;
#3789=CARTESIAN_POINT('Control Point',(6.45697318536,-14.0070624141,-66.3285870092)) ;
#3790=CARTESIAN_POINT('Control Point',(6.45697318536,-13.5787373612,-66.0576383234)) ;
#3792=CARTESIAN_POINT('Line Origine',(-7.18165057339,-15.7952241059,-70.0824641276)) ;
#3808=CARTESIAN_POINT('Control Point',(8.86743596968,-14.8652881363,-70.0824641277)) ;
#3809=CARTESIAN_POINT('Control Point',(8.42661867824,-15.306105428,-70.0824641275)) ;
#3810=CARTESIAN_POINT('Control Point',(7.86980848338,-15.6318023287,-70.0824641274)) ;
#3811=CARTESIAN_POINT('Control Point',(7.24578173165,-15.7952241062,-70.0824641273)) ;
#3812=CARTESIAN_POINT('Control Point',(6.62237193941,-15.7952241061,-70.0824641272)) ;
#3813=CARTESIAN_POINT('Control Point',(8.86743596973,-14.8652881362,-70.0799972331)) ;
#3814=CARTESIAN_POINT('Control Point',(8.42661867821,-15.3061054277,-70.0786272177)) ;
#3815=CARTESIAN_POINT('Control Point',(7.86980848335,-15.6318023284,-70.0772558464)) ;
#3816=CARTESIAN_POINT('Control Point',(7.24578173166,-15.7952241059,-70.0760321912)) ;
#3817=CARTESIAN_POINT('Control Point',(6.62237193946,-15.7952241059,-70.075063444)) ;
#3818=CARTESIAN_POINT('Control Point',(8.8674417199,-14.865282386,-70.0775303376)) ;
#3819=CARTESIAN_POINT('Control Point',(8.4266255888,-15.3060985171,-70.0747903062)) ;
#3820=CARTESIAN_POINT('Control Point',(7.86981547911,-15.6317931954,-70.072047563)) ;
#3821=CARTESIAN_POINT('Control Point',(7.24578809882,-15.7952113716,-70.0696002524)) ;
#3822=CARTESIAN_POINT('Control Point',(6.62237768963,-15.7952068554,-70.0676627576)) ;
#3823=CARTESIAN_POINT('Control Point',(8.86745322012,-14.8652708858,-70.0750634743)) ;
#3824=CARTESIAN_POINT('Control Point',(8.42663940985,-15.3060846961,-70.0709534325)) ;
#3825=CARTESIAN_POINT('Control Point',(7.86982947054,-15.6317749296,-70.066839323)) ;
#3826=CARTESIAN_POINT('Control Point',(7.24580083303,-15.7951859032,-70.0631683745)) ;
#3827=CARTESIAN_POINT('Control Point',(6.62238918985,-15.7951723548,-70.0602621676)) ;
#3829=CARTESIAN_POINT('Control Point',(8.86743596968,-14.8652881363,-70.0824641277)) ;
#3830=CARTESIAN_POINT('Control Point',(8.42661867824,-15.306105428,-70.0824641275)) ;
#3831=CARTESIAN_POINT('Control Point',(7.86980848338,-15.6318023287,-70.0824641274)) ;
#3832=CARTESIAN_POINT('Control Point',(7.24578173165,-15.7952241062,-70.0824641273)) ;
#3833=CARTESIAN_POINT('Control Point',(6.62237193941,-15.7952241061,-70.0824641272)) ;
#3834=CARTESIAN_POINT('Vertex',(8.86743596968,-14.8652881363,-70.0824641277)) ;
#3838=CARTESIAN_POINT('Control Point',(8.86743596968,-14.8652881363,-70.0824641277)) ;
#3839=CARTESIAN_POINT('Control Point',(8.86743596971,-14.8652881362,-70.0809839909)) ;
#3840=CARTESIAN_POINT('Control Point',(8.86743769477,-14.8652864112,-70.0795038539)) ;
#3841=CARTESIAN_POINT('Control Point',(8.86744114486,-14.8652829611,-70.0780237199)) ;
#3842=CARTESIAN_POINT('Control Point',(8.86744631998,-14.865277786,-70.0765435923)) ;
#3843=CARTESIAN_POINT('Control Point',(8.86745322012,-14.8652708858,-70.0750634743)) ;
#3844=CARTESIAN_POINT('Vertex',(8.86746000801,-14.8652640979,-70.0750686893)) ;
#3848=CARTESIAN_POINT('Control Point',(8.86745322012,-14.8652708858,-70.0750634743)) ;
#3849=CARTESIAN_POINT('Control Point',(8.42664062925,-15.3060834767,-70.0709534439)) ;
#3850=CARTESIAN_POINT('Control Point',(7.86983255107,-15.6317731277,-70.0668393458)) ;
#3851=CARTESIAN_POINT('Control Point',(7.24580601166,-15.7951845471,-70.0631684049)) ;
#3852=CARTESIAN_POINT('Control Point',(6.62239608786,-15.7951723549,-70.0602621998)) ;
#3863=CARTESIAN_POINT('Control Point',(8.95155279843,-13.3884989602,-67.3745089571)) ;
#3864=CARTESIAN_POINT('Control Point',(8.5208602008,-13.894912597,-67.0947477359)) ;
#3865=CARTESIAN_POINT('Control Point',(7.92167893281,-14.3243061443,-66.9317327414)) ;
#3866=CARTESIAN_POINT('Control Point',(7.2199124897,-14.60261522,-66.925455959)) ;
#3867=CARTESIAN_POINT('Control Point',(6.51936031424,-14.7115874948,-67.0580087751)) ;
#3868=CARTESIAN_POINT('Control Point',(9.10197966854,-13.9236221113,-67.9453184073)) ;
#3869=CARTESIAN_POINT('Control Point',(8.66362075756,-14.4672712369,-67.7066995094)) ;
#3870=CARTESIAN_POINT('Control Point',(8.04381439828,-14.9052962818,-67.564149368)) ;
#3871=CARTESIAN_POINT('Control Point',(7.31271330846,-15.1552766902,-67.5535137463)) ;
#3872=CARTESIAN_POINT('Control Point',(6.58297201937,-15.2063023005,-67.6597864941)) ;
#3873=CARTESIAN_POINT('Control Point',(9.13177167449,-14.3732498944,-68.6170907939)) ;
#3874=CARTESIAN_POINT('Control Point',(8.68861685098,-14.9313254809,-68.4561297478)) ;
#3875=CARTESIAN_POINT('Control Point',(8.06930317054,-15.360512155,-68.354207158)) ;
#3876=CARTESIAN_POINT('Control Point',(7.34262453142,-15.5786146785,-68.3333886436)) ;
#3877=CARTESIAN_POINT('Control Point',(6.6172228976,-15.582968952,-68.387490538)) ;
#3878=CARTESIAN_POINT('Control Point',(9.03897584034,-14.6937558711,-69.3462220262)) ;
#3879=CARTESIAN_POINT('Control Point',(8.58900958484,-15.2097407917,-69.2702656716)) ;
#3880=CARTESIAN_POINT('Control Point',(7.99177421832,-15.5972568304,-69.2170355464)) ;
#3881=CARTESIAN_POINT('Control Point',(7.30730124076,-15.7916406565,-69.1947274934)) ;
#3882=CARTESIAN_POINT('Control Point',(6.6237347968,-15.7911432676,-69.2027477868)) ;
#3883=CARTESIAN_POINT('Control Point',(8.86746037769,-14.8652670933,-70.0750718748)) ;
#3884=CARTESIAN_POINT('Control Point',(8.42664808964,-15.3060802164,-70.0709651813)) ;
#3885=CARTESIAN_POINT('Control Point',(7.86983817353,-15.6317682102,-70.0668543348)) ;
#3886=CARTESIAN_POINT('Control Point',(7.24580856447,-15.7951748584,-70.0631862063)) ;
#3887=CARTESIAN_POINT('Control Point',(6.62239596316,-15.7951554926,-70.0602821429)) ;
#3889=CARTESIAN_POINT('Control Point',(8.95155279843,-13.3884989602,-67.3745089571)) ;
#3890=CARTESIAN_POINT('Control Point',(9.03481573143,-13.6846955309,-67.6904582883)) ;
#3891=CARTESIAN_POINT('Control Point',(9.0831731997,-13.956336939,-68.0353296572)) ;
#3892=CARTESIAN_POINT('Control Point',(9.0970303506,-14.1976566635,-68.4035791461)) ;
#3893=CARTESIAN_POINT('Control Point',(9.06930113335,-14.4957691243,-68.960036088)) ;
#3894=CARTESIAN_POINT('Control Point',(8.98044867063,-14.7131942694,-69.5367231899)) ;
#3895=CARTESIAN_POINT('Control Point',(8.94761445121,-14.7722162793,-69.715736873)) ;
#3896=CARTESIAN_POINT('Control Point',(8.90973762361,-14.8229906959,-69.8954156923)) ;
#3897=CARTESIAN_POINT('Control Point',(8.86746118347,-14.8652662875,-70.0750684506)) ;
#3898=CARTESIAN_POINT('Vertex',(8.9515478989,-13.3884972943,-67.3745039327)) ;
#3902=CARTESIAN_POINT('Control Point',(8.95155279843,-13.3884989602,-67.3745089571)) ;
#3903=CARTESIAN_POINT('Control Point',(8.5208602008,-13.894912597,-67.0947477359)) ;
#3904=CARTESIAN_POINT('Control Point',(7.92167893281,-14.3243061443,-66.9317327414)) ;
#3905=CARTESIAN_POINT('Control Point',(7.2199124897,-14.60261522,-66.925455959)) ;
#3906=CARTESIAN_POINT('Control Point',(6.51936031424,-14.7115874948,-67.0580087751)) ;
#3917=CARTESIAN_POINT('Control Point',(8.9515478989,-13.3884942598,-67.3745035285)) ;
#3918=CARTESIAN_POINT('Control Point',(8.52085516968,-13.8949068954,-67.0947406245)) ;
#3919=CARTESIAN_POINT('Control Point',(7.92167420409,-14.3242997874,-66.9317238067)) ;
#3920=CARTESIAN_POINT('Control Point',(7.21990836731,-14.6026088536,-66.9254452288)) ;
#3921=CARTESIAN_POINT('Control Point',(6.51935679199,-14.7115817264,-67.057996539)) ;
#3922=CARTESIAN_POINT('Control Point',(8.91037967867,-13.269423745,-67.2364777188)) ;
#3923=CARTESIAN_POINT('Control Point',(8.46996819929,-13.7067014578,-66.894541909)) ;
#3924=CARTESIAN_POINT('Control Point',(7.86982606298,-14.0716443836,-66.6637767338)) ;
#3925=CARTESIAN_POINT('Control Point',(7.17346462024,-14.3044025006,-66.591321495)) ;
#3926=CARTESIAN_POINT('Control Point',(6.47818857177,-14.391377334,-66.6685096018)) ;
#3927=CARTESIAN_POINT('Control Point',(8.88916429226,-13.1283112982,-67.1147264331)) ;
#3928=CARTESIAN_POINT('Control Point',(8.44391974761,-13.4909029176,-66.716218954)) ;
#3929=CARTESIAN_POINT('Control Point',(7.84335678334,-13.7838231876,-66.4262644809)) ;
#3930=CARTESIAN_POINT('Control Point',(7.14965073224,-13.9585225624,-66.2978818031)) ;
#3931=CARTESIAN_POINT('Control Point',(6.45697318536,-14.0070624141,-66.3285870092)) ;
#3932=CARTESIAN_POINT('Control Point',(8.88916429226,-12.9724257074,-67.0161167541)) ;
#3933=CARTESIAN_POINT('Control Point',(8.44391974761,-13.2560939698,-66.5676841546)) ;
#3934=CARTESIAN_POINT('Control Point',(7.84335678334,-13.4708073662,-66.2282577921)) ;
#3935=CARTESIAN_POINT('Control Point',(7.14965073224,-13.5787373612,-66.0576383234)) ;
#3936=CARTESIAN_POINT('Control Point',(6.45697318536,-13.5787373612,-66.0576383234)) ;
#3938=CARTESIAN_POINT('Control Point',(8.9515478989,-13.3884942598,-67.3745035285)) ;
#3939=CARTESIAN_POINT('Control Point',(8.92684696676,-13.3170519509,-67.2916880427)) ;
#3940=CARTESIAN_POINT('Control Point',(8.90807441091,-13.239076161,-67.2137017556)) ;
#3941=CARTESIAN_POINT('Control Point',(8.89546817131,-13.1551349321,-67.1413306622)) ;
#3942=CARTESIAN_POINT('Control Point',(8.88916429226,-13.0659570619,-67.0752825615)) ;
#3943=CARTESIAN_POINT('Control Point',(8.88916429226,-12.9724257074,-67.0161167541)) ;
#3953=CARTESIAN_POINT('Axis2P3D Location',(7.18165057327,11.0327241059,-70.0824641276)) ;
#3959=CARTESIAN_POINT('Control Point',(6.45697318512,13.5787373612,-66.0576383234)) ;
#3960=CARTESIAN_POINT('Control Point',(6.45697319565,14.007053367,-66.3285812862)) ;
#3961=CARTESIAN_POINT('Control Point',(6.47818815189,14.3913814722,-66.6685134286)) ;
#3962=CARTESIAN_POINT('Control Point',(6.51935644973,14.7115869214,-67.0580014257)) ;
#3963=CARTESIAN_POINT('Vertex',(6.51936070453,14.7115996589,-67.0580169193)) ;
#3967=CARTESIAN_POINT('Control Point',(6.51936070453,14.7115996589,-67.0580169193)) ;
#3968=CARTESIAN_POINT('Control Point',(6.58297351838,15.2063474308,-67.6598179618)) ;
#3969=CARTESIAN_POINT('Control Point',(6.61722817568,15.5829527239,-68.3875243055)) ;
#3970=CARTESIAN_POINT('Control Point',(6.62373165209,15.791175004,-69.2027532322)) ;
#3971=CARTESIAN_POINT('Control Point',(6.62239495265,15.7951723613,-70.0602635704)) ;
#3972=CARTESIAN_POINT('Vertex',(6.62238918984,15.7951723551,-70.0602622433)) ;
#3976=CARTESIAN_POINT('Control Point',(6.62237193947,15.7952241059,-70.0824641276)) ;
#3977=CARTESIAN_POINT('Control Point',(6.62237193947,15.7952241059,-70.0750634667)) ;
#3978=CARTESIAN_POINT('Control Point',(6.62237768959,15.7952068556,-70.0676628059)) ;
#3979=CARTESIAN_POINT('Control Point',(6.62238918984,15.7951723551,-70.0602622433)) ;
#3980=CARTESIAN_POINT('Vertex',(6.62237193947,15.7952241059,-70.0824641276)) ;
#3983=CARTESIAN_POINT('Line Origine',(7.18165057339,15.7952241059,-70.0824641276)) ;
#3999=CARTESIAN_POINT('Control Point',(8.86743596973,14.8652881362,-70.0824641276)) ;
#4000=CARTESIAN_POINT('Control Point',(8.42661867821,15.3061054277,-70.0824641276)) ;
#4001=CARTESIAN_POINT('Control Point',(7.86980848335,15.6318023284,-70.0824641276)) ;
#4002=CARTESIAN_POINT('Control Point',(7.24578173166,15.7952241059,-70.0824641276)) ;
#4003=CARTESIAN_POINT('Control Point',(6.62237193947,15.7952241059,-70.0824641276)) ;
#4004=CARTESIAN_POINT('Control Point',(8.86743596973,14.8652881362,-70.0799972406)) ;
#4005=CARTESIAN_POINT('Control Point',(8.42661867821,15.3061054277,-70.0786272294)) ;
#4006=CARTESIAN_POINT('Control Point',(7.86980848335,15.6318023284,-70.0772558623)) ;
#4007=CARTESIAN_POINT('Control Point',(7.24578173166,15.7952241059,-70.076032211)) ;
#4008=CARTESIAN_POINT('Control Point',(6.62237193947,15.7952241059,-70.0750634667)) ;
#4009=CARTESIAN_POINT('Control Point',(8.86744171986,14.8652823861,-70.0775303537)) ;
#4010=CARTESIAN_POINT('Control Point',(8.42662558876,15.3060985172,-70.0747903312)) ;
#4011=CARTESIAN_POINT('Control Point',(7.86981547907,15.6317931955,-70.0720475971)) ;
#4012=CARTESIAN_POINT('Control Point',(7.24578809878,15.7952113717,-70.0696002944)) ;
#4013=CARTESIAN_POINT('Control Point',(6.62237768959,15.7952068555,-70.0676628059)) ;
#4014=CARTESIAN_POINT('Control Point',(8.8674532201,14.8652708858,-70.0750634999)) ;
#4015=CARTESIAN_POINT('Control Point',(8.42663940988,15.3060846962,-70.0709534723)) ;
#4016=CARTESIAN_POINT('Control Point',(7.86982947057,15.6317749297,-70.0668393769)) ;
#4017=CARTESIAN_POINT('Control Point',(7.24580083304,15.7951859033,-70.0631684409)) ;
#4018=CARTESIAN_POINT('Control Point',(6.62238918984,15.7951723548,-70.060262244)) ;
#4020=CARTESIAN_POINT('Control Point',(8.8674532201,14.8652708858,-70.0750634999)) ;
#4021=CARTESIAN_POINT('Control Point',(8.42663940988,15.3060846962,-70.0709534723)) ;
#4022=CARTESIAN_POINT('Control Point',(7.86982947057,15.6317749297,-70.0668393769)) ;
#4023=CARTESIAN_POINT('Control Point',(7.24580083304,15.7951859033,-70.0631684409)) ;
#4024=CARTESIAN_POINT('Control Point',(6.62238918984,15.7951723548,-70.060262244)) ;
#4025=CARTESIAN_POINT('Vertex',(8.8674532201,14.8652708858,-70.0750634999)) ;
#4029=CARTESIAN_POINT('Control Point',(8.86743596973,14.8652881362,-70.0824641276)) ;
#4030=CARTESIAN_POINT('Control Point',(8.86743596973,14.8652881362,-70.0809839954)) ;
#4031=CARTESIAN_POINT('Control Point',(8.86743769477,14.8652864112,-70.0795038633)) ;
#4032=CARTESIAN_POINT('Control Point',(8.86744114484,14.8652829611,-70.0780237344)) ;
#4033=CARTESIAN_POINT('Control Point',(8.86744631996,14.865277786,-70.0765436122)) ;
#4034=CARTESIAN_POINT('Control Point',(8.8674532201,14.8652708858,-70.0750634999)) ;
#4035=CARTESIAN_POINT('Vertex',(8.86743596973,14.8652881362,-70.0824641276)) ;
#4039=CARTESIAN_POINT('Control Point',(8.86743596973,14.8652881362,-70.0824641276)) ;
#4040=CARTESIAN_POINT('Control Point',(8.42661867821,15.3061054277,-70.0824641276)) ;
#4041=CARTESIAN_POINT('Control Point',(7.86980848335,15.6318023284,-70.0824641276)) ;
#4042=CARTESIAN_POINT('Control Point',(7.24578173166,15.7952241059,-70.0824641276)) ;
#4043=CARTESIAN_POINT('Control Point',(6.62237193947,15.7952241059,-70.0824641276)) ;
#4054=CARTESIAN_POINT('Control Point',(8.95155339816,13.3884992252,-67.3745095016)) ;
#4055=CARTESIAN_POINT('Control Point',(8.52086081884,13.89491279,-67.0947483614)) ;
#4056=CARTESIAN_POINT('Control Point',(7.92167950473,14.3243062168,-66.9317334672)) ;
#4057=CARTESIAN_POINT('Control Point',(7.21991297038,14.6026151121,-66.9254568039)) ;
#4058=CARTESIAN_POINT('Control Point',(6.51936070453,14.7115871715,-67.0580097358)) ;
#4059=CARTESIAN_POINT('Control Point',(9.10198270426,13.923625473,-67.9453231392)) ;
#4060=CARTESIAN_POINT('Control Point',(8.66362384473,14.4672744745,-67.7067048015)) ;
#4061=CARTESIAN_POINT('Control Point',(8.04381722263,14.9052990691,-67.5641551998)) ;
#4062=CARTESIAN_POINT('Control Point',(7.31271565061,15.1552786157,-67.5535200683)) ;
#4063=CARTESIAN_POINT('Control Point',(6.58297388337,15.2063030923,-67.659793178)) ;
#4064=CARTESIAN_POINT('Control Point',(9.13177728055,14.3732622752,-68.6171188722)) ;
#4065=CARTESIAN_POINT('Control Point',(8.68862292115,14.9313369142,-68.4561623627)) ;
#4066=CARTESIAN_POINT('Control Point',(8.06930928683,15.3605212739,-68.3542430797)) ;
#4067=CARTESIAN_POINT('Control Point',(7.34263043123,15.5786201127,-68.3334259718)) ;
#4068=CARTESIAN_POINT('Control Point',(6.61722858341,15.5829699083,-68.387527448)) ;
#4069=CARTESIAN_POINT('Control Point',(9.0389690303,14.6937608413,-69.3462334929)) ;
#4070=CARTESIAN_POINT('Control Point',(8.58900227611,15.2097444789,-69.2702773357)) ;
#4071=CARTESIAN_POINT('Control Point',(7.99176774889,15.5972602142,-69.2170469617)) ;
#4072=CARTESIAN_POINT('Control Point',(7.30729648868,15.7916453301,-69.1947381927)) ;
#4073=CARTESIAN_POINT('Control Point',(6.62373174885,15.7911505533,-69.2027574204)) ;
#4074=CARTESIAN_POINT('Control Point',(8.86745968142,14.8652673673,-70.0750690831)) ;
#4075=CARTESIAN_POINT('Control Point',(8.42664714079,15.3060807886,-70.0709617733)) ;
#4076=CARTESIAN_POINT('Control Point',(7.8698371255,15.6317692818,-70.0668503737)) ;
#4077=CARTESIAN_POINT('Control Point',(7.24580752066,15.7951766685,-70.0631818213)) ;
#4078=CARTESIAN_POINT('Control Point',(6.62239492197,15.7951581884,-70.0602774926)) ;
#4080=CARTESIAN_POINT('Control Point',(8.95155339816,13.3884992252,-67.3745095016)) ;
#4081=CARTESIAN_POINT('Control Point',(8.52086081884,13.89491279,-67.0947483614)) ;
#4082=CARTESIAN_POINT('Control Point',(7.92167950473,14.3243062168,-66.9317334672)) ;
#4083=CARTESIAN_POINT('Control Point',(7.21991297038,14.6026151121,-66.9254568039)) ;
#4084=CARTESIAN_POINT('Control Point',(6.51936070453,14.7115871715,-67.0580097358)) ;
#4085=CARTESIAN_POINT('Vertex',(8.95155075519,13.3884942924,-67.3745060249)) ;
#4089=CARTESIAN_POINT('Control Point',(8.95155339816,13.3884992252,-67.3745095016)) ;
#4090=CARTESIAN_POINT('Control Point',(9.03726731943,13.6934116805,-67.6997564662)) ;
#4091=CARTESIAN_POINT('Control Point',(9.08599235234,13.9723029699,-68.0556535726)) ;
#4092=CARTESIAN_POINT('Control Point',(9.09816925975,14.2188826542,-68.4361531125)) ;
#4093=CARTESIAN_POINT('Control Point',(9.06622107822,14.5125076976,-68.994727427)) ;
#4094=CARTESIAN_POINT('Control Point',(8.9738709051,14.7247893029,-69.5722237866)) ;
#4095=CARTESIAN_POINT('Control Point',(8.9425868901,14.7788911863,-69.7394838059)) ;
#4096=CARTESIAN_POINT('Control Point',(8.9069424177,14.8257851265,-69.9072854491)) ;
#4097=CARTESIAN_POINT('Control Point',(8.86746035862,14.8652666901,-70.0750662053)) ;
#4108=CARTESIAN_POINT('Control Point',(8.88916429202,12.9724257074,-67.0161167539)) ;
#4109=CARTESIAN_POINT('Control Point',(8.44391974755,13.2560939702,-66.5676841542)) ;
#4110=CARTESIAN_POINT('Control Point',(7.8433567833,13.4708073669,-66.2282577915)) ;
#4111=CARTESIAN_POINT('Control Point',(7.1496507321,13.578737362,-66.0576383229)) ;
#4112=CARTESIAN_POINT('Control Point',(6.45697318512,13.578737362,-66.0576383232)) ;
#4113=CARTESIAN_POINT('Control Point',(8.88916430255,13.1283086482,-67.1147247673)) ;
#4114=CARTESIAN_POINT('Control Point',(8.44391975033,13.4908989123,-66.7162164509)) ;
#4115=CARTESIAN_POINT('Control Point',(7.84335678537,13.7838178422,-66.4262611433)) ;
#4116=CARTESIAN_POINT('Control Point',(7.14965073845,13.9585160777,-66.2978777451)) ;
#4117=CARTESIAN_POINT('Control Point',(6.45697319565,14.0070551065,-66.3285824189)) ;
#4118=CARTESIAN_POINT('Control Point',(8.91037943646,13.2694230433,-67.2364766149)) ;
#4119=CARTESIAN_POINT('Control Point',(8.46996782578,13.7067004788,-66.8945405739)) ;
#4120=CARTESIAN_POINT('Control Point',(7.8698256761,14.0716431877,-66.6637750922)) ;
#4121=CARTESIAN_POINT('Control Point',(7.17346430659,14.3044012511,-66.5913194842)) ;
#4122=CARTESIAN_POINT('Control Point',(6.47818832955,14.3913761976,-66.668507231)) ;
#4123=CARTESIAN_POINT('Control Point',(8.95154806914,13.3884947444,-67.3745037991)) ;
#4124=CARTESIAN_POINT('Control Point',(8.52085541321,13.8949078764,-67.0947411756)) ;
#4125=CARTESIAN_POINT('Control Point',(7.92167445486,14.3243012349,-66.931724685)) ;
#4126=CARTESIAN_POINT('Control Point',(7.21990857733,14.6026106342,-66.925446455)) ;
#4127=CARTESIAN_POINT('Control Point',(6.51935696224,14.7115836718,-67.05799808)) ;
#4129=CARTESIAN_POINT('Control Point',(8.88916429202,12.9724257074,-67.0161167539)) ;
#4130=CARTESIAN_POINT('Control Point',(8.88916429216,12.9745026612,-67.0174305878)) ;
#4131=CARTESIAN_POINT('Control Point',(8.88916740071,12.9765774689,-67.0187478157)) ;
#4132=CARTESIAN_POINT('Control Point',(8.88917361768,12.9786501208,-67.0200684315)) ;
#4133=CARTESIAN_POINT('Control Point',(8.88959356067,13.0718886529,-67.0796909371)) ;
#4134=CARTESIAN_POINT('Control Point',(8.89631698513,13.1607164976,-67.1461588914)) ;
#4135=CARTESIAN_POINT('Control Point',(8.90891088019,13.2425350073,-67.2171665315)) ;
#4136=CARTESIAN_POINT('Control Point',(8.92739541233,13.3186382118,-67.2935265358)) ;
#4137=CARTESIAN_POINT('Control Point',(8.95154806914,13.3884947444,-67.3745037991)) ;
#4147=CARTESIAN_POINT('Line Origine',(6.48618596973,-15.7952241059,-172.751827606)) ;
#4151=CARTESIAN_POINT('Vertex',(6.62237193947,-15.7952241059,-172.751827606)) ;
#4154=CARTESIAN_POINT('Line Origine',(6.62237193947,-15.7952241059,-121.417145867)) ;
#4167=CARTESIAN_POINT('Axis2P3D Location',(6.62237193947,-12.6202241059,-121.076815949)) ;
#4172=CARTESIAN_POINT('Axis2P3D Location',(6.62237193947,-12.6202241059,-172.751827626)) ;
#4176=CARTESIAN_POINT('Vertex',(8.86743596973,-14.8652881362,-172.751827626)) ;
#4179=CARTESIAN_POINT('Line Origine',(8.86743596973,-14.8652881362,-121.076815949)) ;
#4192=CARTESIAN_POINT('Axis2P3D Location',(6.62237193947,-53.8952241059,-172.751827605)) ;
#4205=CARTESIAN_POINT('Axis2P3D Location',(6.62237193947,-53.8952241059,-172.751827605)) ;
#4210=CARTESIAN_POINT('Axis2P3D Location',(8.86743596973,-53.8952241059,-172.751827605)) ;
#4223=CARTESIAN_POINT('Line Origine',(6.62237193947,15.7952241059,-121.417145867)) ;
#4227=CARTESIAN_POINT('Vertex',(6.62237193947,15.7952241059,-172.751827606)) ;
#4230=CARTESIAN_POINT('Line Origine',(6.48618596973,15.7952241059,-172.751827606)) ;
#4243=CARTESIAN_POINT('Axis2P3D Location',(6.62237193947,12.6202241059,-121.076815955)) ;
#4248=CARTESIAN_POINT('Line Origine',(8.86743596973,14.8652881362,-121.076815955)) ;
#4252=CARTESIAN_POINT('Vertex',(8.86743596973,14.8652881362,-172.751827605)) ;
#4255=CARTESIAN_POINT('Axis2P3D Location',(6.62237193947,12.6202241059,-172.751827606)) ;
#4268=CARTESIAN_POINT('Axis2P3D Location',(6.62237193947,53.8952241059,-172.751827605)) ;
#4281=CARTESIAN_POINT('Axis2P3D Location',(6.62237193947,53.8952241059,-172.751827605)) ;
#4286=CARTESIAN_POINT('Axis2P3D Location',(8.86743596973,53.8952241059,-172.751827605)) ;
#4299=CARTESIAN_POINT('Line Origine',(6.62237193947,-3.5527136788E-15,-203.2)) ;
#4312=CARTESIAN_POINT('Axis2P3D Location',(6.62237193947,-7.1054273576E-15,-200.025)) ;
#4317=CARTESIAN_POINT('Line Origine',(8.86743596973,-7.1054273576E-15,-202.27006403)) ;
#4330=CARTESIAN_POINT('Axis2P3D Location',(7.9375,53.8952241059,-172.751827605)) ;
#4335=CARTESIAN_POINT('Line Origine',(3535522.79343,-3535499.06071,-172.751827603)) ;
#4339=CARTESIAN_POINT('Vertex',(14.3843199512,9.34840415475,-172.751827605)) ;
#4343=CARTESIAN_POINT('Control Point',(14.3843199511,9.34840415483,-172.751827605)) ;
#4344=CARTESIAN_POINT('Control Point',(14.3843199511,9.34840415484,-177.81740912)) ;
#4345=CARTESIAN_POINT('Control Point',(14.3843199511,10.1165536488,-182.883579933)) ;
#4346=CARTESIAN_POINT('Control Point',(14.3843199511,11.6522352747,-187.772119827)) ;
#4347=CARTESIAN_POINT('Control Point',(14.3843199511,13.8777058327,-192.322657914)) ;
#4348=CARTESIAN_POINT('Vertex',(14.3843199511,13.8777058327,-192.322657914)) ;
#4351=CARTESIAN_POINT('Line Origine',(3535522.79343,-3176021.41555,-1553453.25595)) ;
#4364=CARTESIAN_POINT('Axis2P3D Location',(12.1392559208,53.8952241059,-172.751827605)) ;
#4369=CARTESIAN_POINT('Axis2P3D Location',(14.8788243858,53.8952241059,-172.751827605)) ;
#4373=CARTESIAN_POINT('Vertex',(14.878824386,8.70814217625,-172.751827606)) ;
#4375=CARTESIAN_POINT('Vertex',(14.8788243858,13.3025425449,-192.6039453)) ;
#4378=CARTESIAN_POINT('Axis2P3D Location',(12.1392559208,11.8609088772,-193.30898572)) ;
#4383=CARTESIAN_POINT('Axis2P3D Location',(12.1392559208,7.10334012456,-172.751827605)) ;
#4396=CARTESIAN_POINT('Axis2P3D Location',(7.9375,11.1125,-193.675)) ;
#4401=CARTESIAN_POINT('Axis2P3D Location',(14.3843199512,11.1125,-193.675)) ;
#4405=CARTESIAN_POINT('Vertex',(14.3843199512,11.1125,-196.753180049)) ;
#4408=CARTESIAN_POINT('Line Origine',(-3535521.20593,11.1124999931,-3535732.34343)) ;
#4421=CARTESIAN_POINT('Axis2P3D Location',(12.1392559209,11.1125,-193.675)) ;
#4426=CARTESIAN_POINT('Axis2P3D Location',(14.878824386,11.1125,-193.675)) ;
#4430=CARTESIAN_POINT('Vertex',(14.878824386,11.1125,-196.11291807)) ;
#4433=CARTESIAN_POINT('Axis2P3D Location',(12.1392559209,11.1125,-194.508116019)) ;
#4446=CARTESIAN_POINT('Axis2P3D Location',(7.9375,-3.5527136788E-15,-203.2)) ;
#4451=CARTESIAN_POINT('Line Origine',(14.3843199512,0.,-196.753180049)) ;
#4455=CARTESIAN_POINT('Vertex',(14.3843199512,-11.1125,-196.753180049)) ;
#4458=CARTESIAN_POINT('Line Origine',(7.9375,-11.1125,-203.2)) ;
#4471=CARTESIAN_POINT('Axis2P3D Location',(12.1392559209,-1.86517468137E-14,-194.508116019)) ;
#4476=CARTESIAN_POINT('Line Origine',(14.878824386,-1.7763568394E-14,-196.11291807)) ;
#4480=CARTESIAN_POINT('Vertex',(14.878824386,-11.1125,-196.11291807)) ;
#4483=CARTESIAN_POINT('Axis2P3D Location',(12.1392559209,-11.1125,-194.508116019)) ;
#4496=CARTESIAN_POINT('Axis2P3D Location',(7.9375,-11.1125,-193.675)) ;
#4501=CARTESIAN_POINT('Axis2P3D Location',(14.3843199512,-11.1125,-193.675)) ;
#4505=CARTESIAN_POINT('Vertex',(14.3843199512,-13.8777058326,-192.322657914)) ;
#4508=CARTESIAN_POINT('Line Origine',(-3535521.20593,-3176073.58846,1553080.55217)) ;
#4521=CARTESIAN_POINT('Axis2P3D Location',(12.1392559209,-11.1125,-193.675)) ;
#4526=CARTESIAN_POINT('Axis2P3D Location',(14.878824386,-11.1125,-193.675)) ;
#4530=CARTESIAN_POINT('Vertex',(14.878824386,-13.3025425448,-192.6039453)) ;
#4533=CARTESIAN_POINT('Axis2P3D Location',(12.1392559209,-11.8609088771,-193.30898572)) ;
#4546=CARTESIAN_POINT('Axis2P3D Location',(7.9375,-53.8952241059,-172.751827605)) ;
#4551=CARTESIAN_POINT('Axis2P3D Location',(14.3843199511,-53.8952241059,-172.751827605)) ;
#4555=CARTESIAN_POINT('Vertex',(14.3843199511,-9.3484041548,-172.751827626)) ;
#4558=CARTESIAN_POINT('Line Origine',(3535522.79343,3535499.06071,-172.751827599)) ;
#4571=CARTESIAN_POINT('Axis2P3D Location',(12.1392559208,-53.8952241059,-172.751827605)) ;
#4576=CARTESIAN_POINT('Axis2P3D Location',(14.8788243859,-53.8952241059,-172.751827605)) ;
#4580=CARTESIAN_POINT('Vertex',(14.8788243859,-8.70814217631,-172.751827605)) ;
#4583=CARTESIAN_POINT('Axis2P3D Location',(12.1392559209,-7.10334012454,-172.751827605)) ;
#4596=CARTESIAN_POINT('Axis2P3D Location',(15.7952241059,7.9375,0.)) ;
#4602=CARTESIAN_POINT('Control Point',(15.7952241059,-7.14375,-74.8562374005)) ;
#4603=CARTESIAN_POINT('Control Point',(15.7952241059,-7.14375000044,-74.6563810563)) ;
#4604=CARTESIAN_POINT('Control Point',(15.7952241059,-7.12494037519,-74.4555080371)) ;
#4605=CARTESIAN_POINT('Control Point',(15.7952241059,-7.08490344118,-74.2565470094)) ;
#4606=CARTESIAN_POINT('Control Point',(15.7952241059,-6.96033467374,-73.8696345749)) ;
#4607=CARTESIAN_POINT('Control Point',(15.7952241059,-6.75433878319,-73.5178538279)) ;
#4608=CARTESIAN_POINT('Control Point',(15.7952241059,-6.63271583635,-73.3537301234)) ;
#4609=CARTESIAN_POINT('Control Point',(15.7952241059,-6.27611203848,-72.9591699257)) ;
#4610=CARTESIAN_POINT('Control Point',(15.7952241059,-5.83637676303,-72.6523882509)) ;
#4611=CARTESIAN_POINT('Control Point',(15.7952241059,-5.54433555227,-72.495542696)) ;
#4612=CARTESIAN_POINT('Control Point',(15.7952241059,-5.23167961132,-72.3635247317)) ;
#4613=CARTESIAN_POINT('Control Point',(15.7952241059,-4.91027090649,-72.258187968)) ;
#4614=CARTESIAN_POINT('Control Point',(15.7952241059,-4.90063232355,-72.2550554806)) ;
#4615=CARTESIAN_POINT('Control Point',(15.7952241059,-4.89098631087,-72.2519468031)) ;
#4616=CARTESIAN_POINT('Control Point',(15.7952241059,-4.88133281413,-72.2488617991)) ;
#4617=CARTESIAN_POINT('Vertex',(15.7952241059,-4.88133281413,-72.2488617991)) ;
#4619=CARTESIAN_POINT('Vertex',(15.7952241059,-7.14375,-74.8562374005)) ;
#4622=CARTESIAN_POINT('Line Origine',(15.7952241059,-7.14375,-123.804032513)) ;
#4626=CARTESIAN_POINT('Vertex',(15.7952241059,-7.14375,-172.751827605)) ;
#4629=CARTESIAN_POINT('Axis2P3D Location',(15.7952241059,-53.8952241059,-172.751827605)) ;
#4633=CARTESIAN_POINT('Vertex',(15.7952241059,-11.8972100751,-193.291232381)) ;
#4636=CARTESIAN_POINT('Axis2P3D Location',(15.7952241059,-11.1125,-193.675)) ;
#4640=CARTESIAN_POINT('Vertex',(15.7952241059,-11.1125,-194.548525894)) ;
#4643=CARTESIAN_POINT('Line Origine',(15.7952241059,-1.7763568394E-14,-194.548525894)) ;
#4647=CARTESIAN_POINT('Vertex',(15.7952241059,11.1125,-194.548525894)) ;
#4650=CARTESIAN_POINT('Axis2P3D Location',(15.7952241059,11.1125,-193.675)) ;
#4654=CARTESIAN_POINT('Vertex',(15.7952241059,11.8972100751,-193.291232381)) ;
#4657=CARTESIAN_POINT('Axis2P3D Location',(15.7952241059,53.8952241059,-172.751827605)) ;
#4661=CARTESIAN_POINT('Vertex',(15.7952241059,7.14375,-172.751827606)) ;
#4664=CARTESIAN_POINT('Line Origine',(15.7952241059,7.14375,-123.804032503)) ;
#4668=CARTESIAN_POINT('Vertex',(15.7952241059,7.14375,-74.8562374002)) ;
#4672=CARTESIAN_POINT('Control Point',(15.7952241059,7.14375,-74.8562374002)) ;
#4673=CARTESIAN_POINT('Control Point',(15.7952241059,7.14375000044,-74.6563810558)) ;
#4674=CARTESIAN_POINT('Control Point',(15.7952241059,7.12494037517,-74.4555080365)) ;
#4675=CARTESIAN_POINT('Control Point',(15.7952241059,7.08490344121,-74.256547009)) ;
#4676=CARTESIAN_POINT('Control Point',(15.7952241059,6.96033467372,-73.8696345743)) ;
#4677=CARTESIAN_POINT('Control Point',(15.7952241059,6.75433878308,-73.5178538274)) ;
#4678=CARTESIAN_POINT('Control Point',(15.7952241059,6.63271583633,-73.3537301231)) ;
#4679=CARTESIAN_POINT('Control Point',(15.7952241059,6.27611203889,-72.9591699261)) ;
#4680=CARTESIAN_POINT('Control Point',(15.7952241059,5.83637676409,-72.6523882517)) ;
#4681=CARTESIAN_POINT('Control Point',(15.7952241059,5.54433555241,-72.4955426963)) ;
#4682=CARTESIAN_POINT('Control Point',(15.7952241059,5.23167961333,-72.3635247322)) ;
#4683=CARTESIAN_POINT('Control Point',(15.7952241059,4.91027090536,-72.2581879678)) ;
#4684=CARTESIAN_POINT('Control Point',(15.7952241059,4.90063232303,-72.2550554804)) ;
#4685=CARTESIAN_POINT('Control Point',(15.7952241059,4.89098631082,-72.2519468031)) ;
#4686=CARTESIAN_POINT('Control Point',(15.7952241059,4.88133281455,-72.2488617992)) ;
#4687=CARTESIAN_POINT('Vertex',(15.7952241059,4.88133281455,-72.2488617992)) ;
#4690=CARTESIAN_POINT('Axis2P3D Location',(15.7952241059,-1.06581410364E-14,-87.5233759459)) ;
#4709=CARTESIAN_POINT('Axis2P3D Location',(7.9375,15.7952241059,-120.191862796)) ;
#4715=CARTESIAN_POINT('Control Point',(14.3843199512,9.34840415475,-74.5108534668)) ;
#4716=CARTESIAN_POINT('Control Point',(13.0634542774,10.6692698286,-73.3854926646)) ;
#4717=CARTESIAN_POINT('Control Point',(11.6808359401,12.0518881659,-72.2623832098)) ;
#4718=CARTESIAN_POINT('Control Point',(10.284198927,13.4485251789,-71.1635168746)) ;
#4719=CARTESIAN_POINT('Control Point',(8.8674532201,14.8652708858,-70.0750634999)) ;
#4720=CARTESIAN_POINT('Vertex',(14.3843199512,9.34840415475,-74.5108534668)) ;
#4723=CARTESIAN_POINT('Line Origine',(14.3843199512,9.34840415475,-120.191862796)) ;
#4737=CARTESIAN_POINT('Axis2P3D Location',(12.1392559209,7.10334012448,-121.076815955)) ;
#4742=CARTESIAN_POINT('Line Origine',(14.878824386,8.70814217625,-121.076815955)) ;
#4746=CARTESIAN_POINT('Vertex',(14.878824386,8.70814217625,-74.5108534668)) ;
#4749=CARTESIAN_POINT('Axis2P3D Location',(12.1392559209,7.10334012448,-74.5108534668)) ;
#4763=CARTESIAN_POINT('Control Point',(14.6650051968,7.25929907806,-71.7293161211)) ;
#4764=CARTESIAN_POINT('Control Point',(14.8572668071,7.92843266893,-72.2890403448)) ;
#4765=CARTESIAN_POINT('Control Point',(14.8783569365,8.53808074233,-72.9798549631)) ;
#4766=CARTESIAN_POINT('Control Point',(14.7102751824,9.02245477848,-73.7456691008)) ;
#4767=CARTESIAN_POINT('Control Point',(14.3843145819,9.34840952407,-74.5108488923)) ;
#4768=CARTESIAN_POINT('Control Point',(13.5716779837,8.47002660486,-70.8517751201)) ;
#4769=CARTESIAN_POINT('Control Point',(13.7451682705,9.10495796877,-71.4102580274)) ;
#4770=CARTESIAN_POINT('Control Point',(13.7591505922,9.67888893764,-72.0883144854)) ;
#4771=CARTESIAN_POINT('Control Point',(13.5986338701,10.1340970582,-72.8340982981)) ;
#4772=CARTESIAN_POINT('Control Point',(13.2909873688,10.4417367372,-73.5793481106)) ;
#4773=CARTESIAN_POINT('Control Point',(12.4362569522,9.70049409148,-69.9708394265)) ;
#4774=CARTESIAN_POINT('Control Point',(12.5948607598,10.3069108025,-70.5261913105)) ;
#4775=CARTESIAN_POINT('Control Point',(12.6033061868,10.8520200741,-71.191955028)) ;
#4776=CARTESIAN_POINT('Control Point',(12.448692108,11.2840311763,-71.9198135855)) ;
#4777=CARTESIAN_POINT('Control Point',(12.1555663373,11.5771577687,-72.647208211)) ;
#4778=CARTESIAN_POINT('Control Point',(11.2899129952,10.9251393442,-69.1023811233)) ;
#4779=CARTESIAN_POINT('Control Point',(11.4363792475,11.5077396977,-69.654035543)) ;
#4780=CARTESIAN_POINT('Control Point',(11.4403486996,12.0291520903,-70.3086895251)) ;
#4781=CARTESIAN_POINT('Control Point',(11.2905100132,12.4422132967,-71.0209351129)) ;
#4782=CARTESIAN_POINT('Control Point',(11.0092223802,12.7235017257,-71.7327699494)) ;
#4783=CARTESIAN_POINT('Control Point',(10.1256461852,12.1564903798,-68.2358377189)) ;
#4784=CARTESIAN_POINT('Control Point',(10.2618072375,12.7184396377,-68.7835103855)) ;
#4785=CARTESIAN_POINT('Control Point',(10.2620062635,13.2195825359,-69.4279187523)) ;
#4786=CARTESIAN_POINT('Control Point',(10.1161931567,13.6165308476,-70.1261550877)) ;
#4787=CARTESIAN_POINT('Control Point',(9.84495557023,13.8877685357,-70.8240229155)) ;
#4788=CARTESIAN_POINT('Control Point',(8.95155075518,13.3884939033,-67.3745061267)) ;
#4789=CARTESIAN_POINT('Control Point',(9.0788763328,13.9324546933,-67.9181419205)) ;
#4790=CARTESIAN_POINT('Control Point',(9.0758619747,14.4161234341,-68.553177905)) ;
#4791=CARTESIAN_POINT('Control Point',(8.93348162133,14.7992423394,-69.2388621613)) ;
#4792=CARTESIAN_POINT('Control Point',(8.67086014023,15.0618639657,-69.9242121842)) ;
#4794=CARTESIAN_POINT('Control Point',(14.5207701234,7.41883805729,-71.6137567174)) ;
#4795=CARTESIAN_POINT('Control Point',(13.8419471293,8.16883155103,-71.0708621293)) ;
#4796=CARTESIAN_POINT('Control Point',(13.1482078008,8.92536120575,-70.5273255751)) ;
#4797=CARTESIAN_POINT('Control Point',(12.4449591663,9.68434800228,-69.9854890677)) ;
#4798=CARTESIAN_POINT('Control Point',(11.3293763685,10.8785779585,-69.1377221342)) ;
#4799=CARTESIAN_POINT('Control Point',(10.1984780405,12.0763114484,-68.2940802305)) ;
#4800=CARTESIAN_POINT('Control Point',(9.78425140522,12.513514016,-67.9869448701)) ;
#4801=CARTESIAN_POINT('Control Point',(9.36854937719,12.950928303,-67.6804217089)) ;
#4802=CARTESIAN_POINT('Control Point',(8.95155075519,13.3884939033,-67.3745061267)) ;
#4803=CARTESIAN_POINT('Vertex',(14.5207701234,7.41883805729,-71.6137567174)) ;
#4807=CARTESIAN_POINT('Control Point',(14.5207701234,7.41883805729,-71.6137567174)) ;
#4808=CARTESIAN_POINT('Control Point',(14.5249302873,7.42977362834,-71.6243266103)) ;
#4809=CARTESIAN_POINT('Control Point',(14.5290408405,7.44069248623,-71.6349347064)) ;
#4810=CARTESIAN_POINT('Control Point',(14.5336159386,7.44954504208,-71.6452724133)) ;
#4811=CARTESIAN_POINT('Control Point',(14.5414293372,7.47494737241,-71.6681198135)) ;
#4812=CARTESIAN_POINT('Control Point',(14.5493619271,7.49939859359,-71.6912110906)) ;
#4813=CARTESIAN_POINT('Control Point',(14.5536180649,7.5127134837,-71.7038610328)) ;
#4814=CARTESIAN_POINT('Control Point',(14.5627006347,7.54125143036,-71.7312740007)) ;
#4815=CARTESIAN_POINT('Control Point',(14.5714968551,7.56954642478,-71.758931173)) ;
#4816=CARTESIAN_POINT('Control Point',(14.5761257729,7.58467639345,-71.7738383984)) ;
#4817=CARTESIAN_POINT('Control Point',(14.5897377399,7.62991689778,-71.8187622943)) ;
#4818=CARTESIAN_POINT('Control Point',(14.6025109621,7.6747380902,-71.8642864469)) ;
#4819=CARTESIAN_POINT('Control Point',(14.6106435439,7.70444882639,-71.8948959175)) ;
#4820=CARTESIAN_POINT('Control Point',(14.6557871173,7.87652786937,-72.0747156506)) ;
#4821=CARTESIAN_POINT('Control Point',(14.6878051437,8.04261411393,-72.2629942634)) ;
#4822=CARTESIAN_POINT('Control Point',(14.7051456198,8.17564205878,-72.4241331466)) ;
#4823=CARTESIAN_POINT('Control Point',(14.7251566896,8.49234516911,-72.834136254)) ;
#4824=CARTESIAN_POINT('Control Point',(14.6885951099,8.77510501522,-73.267740711)) ;
#4825=CARTESIAN_POINT('Control Point',(14.6467931653,8.92997183492,-73.5323580101)) ;
#4826=CARTESIAN_POINT('Control Point',(14.5853652373,9.0698833085,-73.8008629245)) ;
#4827=CARTESIAN_POINT('Control Point',(14.505019802,9.19379768853,-74.0709270524)) ;
#4828=CARTESIAN_POINT('Vertex',(14.5050193195,9.19379831425,-74.0709277538)) ;
#4832=CARTESIAN_POINT('Control Point',(14.3843145819,9.34840952407,-74.5108488923)) ;
#4833=CARTESIAN_POINT('Control Point',(14.4224182045,9.31030692806,-74.3604479651)) ;
#4834=CARTESIAN_POINT('Control Point',(14.4628564804,9.25882459768,-74.2126479414)) ;
#4835=CARTESIAN_POINT('Control Point',(14.5050193195,9.19379831425,-74.0709277538)) ;
#4847=CARTESIAN_POINT('Control Point',(14.5207730494,7.41883704768,-71.6137518667)) ;
#4848=CARTESIAN_POINT('Control Point',(14.5207730494,7.41883704768,-71.6137518667)) ;
#4849=CARTESIAN_POINT('Control Point',(14.5207730494,7.41883704768,-71.6137518667)) ;
#4850=CARTESIAN_POINT('Control Point',(14.5207730494,7.41883704768,-71.6137518667)) ;
#4851=CARTESIAN_POINT('Control Point',(14.5357126415,7.45810784883,-71.6517094788)) ;
#4852=CARTESIAN_POINT('Control Point',(14.5380471733,7.45454142773,-71.6531161331)) ;
#4853=CARTESIAN_POINT('Control Point',(14.5403817051,7.45097500663,-71.6545227873)) ;
#4854=CARTESIAN_POINT('Control Point',(14.5427162369,7.44740858553,-71.6559294416)) ;
#4855=CARTESIAN_POINT('Control Point',(14.5500403649,7.4933878127,-71.6883731888)) ;
#4856=CARTESIAN_POINT('Control Point',(14.5557030831,7.48794019261,-71.6932703461)) ;
#4857=CARTESIAN_POINT('Control Point',(14.5613471403,7.48248595459,-71.6981816934)) ;
#4858=CARTESIAN_POINT('Control Point',(14.56697253,7.47702509262,-71.7031072193)) ;
#4859=CARTESIAN_POINT('Control Point',(14.5611303518,7.5379586491,-71.7266154937)) ;
#4860=CARTESIAN_POINT('Control Point',(14.5685752534,7.52797155043,-71.7316308691)) ;
#4861=CARTESIAN_POINT('Control Point',(14.5759653488,7.51796407984,-71.7366868154)) ;
#4862=CARTESIAN_POINT('Control Point',(14.5833003526,7.5079365988,-71.741783125)) ;
#4863=CARTESIAN_POINT('Control Point',(14.5833028975,7.6053747773,-71.7947188767)) ;
#4864=CARTESIAN_POINT('Control Point',(14.5955184534,7.5900378656,-71.8033050966)) ;
#4865=CARTESIAN_POINT('Control Point',(14.6075810577,7.57464080439,-71.8120006445)) ;
#4866=CARTESIAN_POINT('Control Point',(14.6194889349,7.55918590368,-71.820804261)) ;
#4867=CARTESIAN_POINT('Control Point',(14.6022741239,7.67542629148,-71.8643013178)) ;
#4868=CARTESIAN_POINT('Control Point',(14.6188537976,7.65397811131,-71.8754247776)) ;
#4869=CARTESIAN_POINT('Control Point',(14.6351235159,7.63240034921,-71.8867607026)) ;
#4870=CARTESIAN_POINT('Control Point',(14.6510773862,7.61070071955,-71.8983049383)) ;
#4871=CARTESIAN_POINT('Control Point',(14.6106435439,7.70444882639,-71.8948959175)) ;
#4872=CARTESIAN_POINT('Control Point',(14.6293202218,7.68065100503,-71.9075101863)) ;
#4873=CARTESIAN_POINT('Control Point',(14.6476069987,7.65668714796,-71.9203881383)) ;
#4874=CARTESIAN_POINT('Control Point',(14.6654955558,7.63256815442,-71.9335239138)) ;
#4875=CARTESIAN_POINT('Control Point',(14.6370895565,7.80525618829,-72.0002379313)) ;
#4876=CARTESIAN_POINT('Control Point',(14.6626526847,7.77293992737,-72.017259538)) ;
#4877=CARTESIAN_POINT('Control Point',(14.6875144849,7.74031091606,-72.0347387831)) ;
#4878=CARTESIAN_POINT('Control Point',(14.7116557752,7.70739431935,-72.0526621751)) ;
#4879=CARTESIAN_POINT('Control Point',(14.6590310758,7.90400691053,-72.1084829072)) ;
#4880=CARTESIAN_POINT('Control Point',(14.6916054379,7.86327535261,-72.1298508001)) ;
#4881=CARTESIAN_POINT('Control Point',(14.7230349016,7.82200319988,-72.1519302842)) ;
#4882=CARTESIAN_POINT('Control Point',(14.7532791455,7.78024339348,-72.1746930279)) ;
#4883=CARTESIAN_POINT('Control Point',(14.6722697449,7.97274123653,-72.1863860044)) ;
#4884=CARTESIAN_POINT('Control Point',(14.7098583939,7.9261204572,-72.210798189)) ;
#4885=CARTESIAN_POINT('Control Point',(14.7459226171,7.87875163617,-72.2361244888)) ;
#4886=CARTESIAN_POINT('Control Point',(14.7804002451,7.83071642398,-72.2623212392)) ;
#4887=CARTESIAN_POINT('Control Point',(14.6941680373,8.10792519283,-72.3447786382)) ;
#4888=CARTESIAN_POINT('Control Point',(14.7418879621,8.04966497228,-72.3752294122)) ;
#4889=CARTESIAN_POINT('Control Point',(14.7871953942,7.99013893874,-72.4070299811)) ;
#4890=CARTESIAN_POINT('Control Point',(14.8299672805,7.92950875202,-72.4400939643)) ;
#4891=CARTESIAN_POINT('Control Point',(14.7068715895,8.23829835307,-72.5080187896)) ;
#4892=CARTESIAN_POINT('Control Point',(14.764900512,8.16871100961,-72.5444258063)) ;
#4893=CARTESIAN_POINT('Control Point',(14.8193814373,8.09711810357,-72.5826479441)) ;
#4894=CARTESIAN_POINT('Control Point',(14.8700899686,8.02381450648,-72.6225277655)) ;
#4895=CARTESIAN_POINT('Control Point',(14.7109152277,8.30222252618,-72.5907691951)) ;
#4896=CARTESIAN_POINT('Control Point',(14.7741360884,8.22705817921,-72.6301380273)) ;
#4897=CARTESIAN_POINT('Control Point',(14.8331819955,8.14945886087,-72.6715541602)) ;
#4898=CARTESIAN_POINT('Control Point',(14.887766249,8.06980134966,-72.714816486)) ;
#4899=CARTESIAN_POINT('Control Point',(14.7177615513,8.54946413332,-72.9217445261)) ;
#4900=CARTESIAN_POINT('Control Point',(14.8016063795,8.45264772633,-72.9727693482)) ;
#4901=CARTESIAN_POINT('Control Point',(14.8785812787,8.35145295772,-73.0267243452)) ;
#4902=CARTESIAN_POINT('Control Point',(14.9481021327,8.24664766377,-73.0832000099)) ;
#4903=CARTESIAN_POINT('Control Point',(14.688589007,8.77510781865,-73.2677403195)) ;
#4904=CARTESIAN_POINT('Control Point',(14.7933795605,8.65822833987,-73.3303306147)) ;
#4905=CARTESIAN_POINT('Control Point',(14.8878191581,8.53402299532,-73.3964754744)) ;
#4906=CARTESIAN_POINT('Control Point',(14.9708065997,8.40393990501,-73.4654034604)) ;
#4907=CARTESIAN_POINT('Control Point',(14.6467903176,8.92997939041,-73.5323580752)) ;
#4908=CARTESIAN_POINT('Control Point',(14.7671798896,8.79919455932,-73.6036792847)) ;
#4909=CARTESIAN_POINT('Control Point',(14.8743059716,8.65827464419,-73.6786727364)) ;
#4910=CARTESIAN_POINT('Control Point',(14.9665300388,8.5093749107,-73.7561911746)) ;
#4911=CARTESIAN_POINT('Control Point',(14.5853652174,9.06988329226,-73.8008629281)) ;
#4912=CARTESIAN_POINT('Control Point',(14.7209874687,8.92635968974,-73.8811170965)) ;
#4913=CARTESIAN_POINT('Control Point',(14.8403328438,8.76933739605,-73.9646259949)) ;
#4914=CARTESIAN_POINT('Control Point',(14.941066537,8.60188816794,-74.0497557251)) ;
#4915=CARTESIAN_POINT('Control Point',(14.505019748,9.1937976402,-74.0709270574)) ;
#4916=CARTESIAN_POINT('Control Point',(14.6551776895,9.03869467647,-74.1603189419)) ;
#4917=CARTESIAN_POINT('Control Point',(14.7861634192,8.86632420182,-74.251930949)) ;
#4918=CARTESIAN_POINT('Control Point',(14.8948078057,8.68085662977,-74.3435465739)) ;
#4920=CARTESIAN_POINT('Control Point',(14.5207730494,7.41883704768,-71.6137518667)) ;
#4921=CARTESIAN_POINT('Control Point',(14.5268834745,7.42679324091,-71.6254968746)) ;
#4922=CARTESIAN_POINT('Control Point',(14.5329459664,7.43473158768,-71.6372778342)) ;
#4923=CARTESIAN_POINT('Control Point',(14.5404615266,7.44232261996,-71.6509394224)) ;
#4924=CARTESIAN_POINT('Control Point',(14.552608142,7.46124278527,-71.6764618331)) ;
#4925=CARTESIAN_POINT('Control Point',(14.5650573402,7.47954846957,-71.7026259174)) ;
#4926=CARTESIAN_POINT('Control Point',(14.5717776049,7.48950950208,-71.7169517265)) ;
#4927=CARTESIAN_POINT('Control Point',(14.5862042302,7.51086192212,-71.748040146)) ;
#4928=CARTESIAN_POINT('Control Point',(14.6003682886,7.53201515997,-71.7794240793)) ;
#4929=CARTESIAN_POINT('Control Point',(14.6078799164,7.54331852594,-71.7963366822)) ;
#4930=CARTESIAN_POINT('Control Point',(14.6301463966,7.57709280309,-71.8472911171)) ;
#4931=CARTESIAN_POINT('Control Point',(14.6515857609,7.61047662646,-71.8988736011)) ;
#4932=CARTESIAN_POINT('Control Point',(14.6654955558,7.63256815442,-71.9335239138)) ;
#4933=CARTESIAN_POINT('Control Point',(14.8137192375,7.8728401849,-72.316085174)) ;
#4934=CARTESIAN_POINT('Control Point',(14.9151636102,8.0927264942,-72.7284718539)) ;
#4935=CARTESIAN_POINT('Control Point',(14.9659642591,8.27264677036,-73.1212133261)) ;
#4936=CARTESIAN_POINT('Control Point',(14.9769387622,8.46039962778,-73.6062708958)) ;
#4937=CARTESIAN_POINT('Control Point',(14.9286393835,8.61166733864,-74.0979474456)) ;
#4938=CARTESIAN_POINT('Control Point',(14.9189838816,8.6357741772,-74.1797592296)) ;
#4939=CARTESIAN_POINT('Control Point',(14.9077037481,8.65884191577,-74.2616439845)) ;
#4940=CARTESIAN_POINT('Control Point',(14.8948078063,8.68085662876,-74.3435465701)) ;
#4941=CARTESIAN_POINT('Vertex',(14.8948076702,8.68085700333,-74.3435464731)) ;
#4945=CARTESIAN_POINT('Control Point',(14.505019748,9.1937976402,-74.0709270574)) ;
#4946=CARTESIAN_POINT('Control Point',(14.6551776895,9.03869467647,-74.1603189419)) ;
#4947=CARTESIAN_POINT('Control Point',(14.7861634192,8.86632420182,-74.251930949)) ;
#4948=CARTESIAN_POINT('Control Point',(14.8948078057,8.68085662977,-74.3435465739)) ;
#4958=CARTESIAN_POINT('Control Point',(14.3843145819,9.34840952407,-74.5108488923)) ;
#4959=CARTESIAN_POINT('Control Point',(14.5755179867,9.15720703386,-74.5108447827)) ;
#4960=CARTESIAN_POINT('Control Point',(14.7421499399,8.94146004986,-74.5108405356)) ;
#4961=CARTESIAN_POINT('Control Point',(14.8788243859,8.70814217637,-74.5108362882)) ;
#4962=CARTESIAN_POINT('Control Point',(14.4224182045,9.31030692806,-74.3604479651)) ;
#4963=CARTESIAN_POINT('Control Point',(14.5976750189,9.12856035556,-74.389607661)) ;
#4964=CARTESIAN_POINT('Control Point',(14.751228474,8.92596202287,-74.4197435947)) ;
#4965=CARTESIAN_POINT('Control Point',(14.8788239019,8.70814300252,-74.4498816623)) ;
#4966=CARTESIAN_POINT('Control Point',(14.4628569496,9.25882492912,-74.2126477631)) ;
#4967=CARTESIAN_POINT('Control Point',(14.6242359623,9.08916256571,-74.2719054363)) ;
#4968=CARTESIAN_POINT('Control Point',(14.7658167141,8.90105944259,-74.3327384055)) ;
#4969=CARTESIAN_POINT('Control Point',(14.8840296819,8.69925618032,-74.393574109)) ;
#4970=CARTESIAN_POINT('Control Point',(14.5050195109,9.19379844836,-74.0709276799)) ;
#4971=CARTESIAN_POINT('Control Point',(14.6551776951,9.03869550609,-74.1603193106)) ;
#4972=CARTESIAN_POINT('Control Point',(14.7861634698,8.86632487107,-74.2519310822)) ;
#4973=CARTESIAN_POINT('Control Point',(14.8948076702,8.68085700333,-74.3435464731)) ;
#4975=CARTESIAN_POINT('Control Point',(14.8788243859,8.70814217637,-74.5108362882)) ;
#4976=CARTESIAN_POINT('Control Point',(14.8788240955,8.70814267206,-74.4742635127)) ;
#4977=CARTESIAN_POINT('Control Point',(14.8803692935,8.70550485416,-74.4390728099)) ;
#4978=CARTESIAN_POINT('Control Point',(14.8835276167,8.70011325923,-74.4054507048)) ;
#4979=CARTESIAN_POINT('Control Point',(14.8883408772,8.69189650953,-74.3735630546)) ;
#4980=CARTESIAN_POINT('Control Point',(14.8948076702,8.68085700333,-74.3435464731)) ;
#4990=CARTESIAN_POINT('Axis2P3D Location',(7.9375,-15.7952241059,-120.191862806)) ;
#4995=CARTESIAN_POINT('Line Origine',(14.3843199512,-9.34840415475,-120.191862805)) ;
#4999=CARTESIAN_POINT('Vertex',(14.3843199512,-9.34840415475,-74.5108536539)) ;
#5003=CARTESIAN_POINT('Control Point',(14.3843199512,-9.34840415475,-74.5108536539)) ;
#5004=CARTESIAN_POINT('Control Point',(13.063442649,-10.6692814569,-73.3854828973)) ;
#5005=CARTESIAN_POINT('Control Point',(11.68082146,-12.0519026459,-72.2623717881)) ;
#5006=CARTESIAN_POINT('Control Point',(10.2841960484,-13.4485280576,-71.1635147598)) ;
#5007=CARTESIAN_POINT('Control Point',(8.86746000801,-14.8652640979,-70.0750686893)) ;
#5018=CARTESIAN_POINT('Axis2P3D Location',(12.1392559209,-7.10334012448,-121.076815949)) ;
#5023=CARTESIAN_POINT('Line Origine',(14.878824386,-8.70814217625,-121.076815949)) ;
#5027=CARTESIAN_POINT('Vertex',(14.878824386,-8.70814217625,-74.5108536539)) ;
#5030=CARTESIAN_POINT('Axis2P3D Location',(12.1392559209,-7.10334012448,-74.5108536539)) ;
#5044=CARTESIAN_POINT('Control Point',(14.6650051569,-7.2592993024,-71.729316219)) ;
#5045=CARTESIAN_POINT('Control Point',(14.8572667614,-7.92843285168,-72.2890404578)) ;
#5046=CARTESIAN_POINT('Control Point',(14.8783568892,-8.53808087605,-72.9798550908)) ;
#5047=CARTESIAN_POINT('Control Point',(14.7102751388,-9.02245486149,-73.7456692428)) ;
#5048=CARTESIAN_POINT('Control Point',(14.3843145457,-9.34840956022,-74.5108490485)) ;
#5049=CARTESIAN_POINT('Control Point',(13.5716664585,-8.47003954092,-70.8517659528)) ;
#5050=CARTESIAN_POINT('Control Point',(13.7451565419,-9.1049705044,-71.4102488642)) ;
#5051=CARTESIAN_POINT('Control Point',(13.7591387871,-9.67890105064,-72.088305205)) ;
#5052=CARTESIAN_POINT('Control Point',(13.5986221481,-10.1341088165,-72.8340888236)) ;
#5053=CARTESIAN_POINT('Control Point',(13.290975847,-10.441748259,-73.5793384431)) ;
#5054=CARTESIAN_POINT('Control Point',(12.4362349778,-9.70051763813,-69.970822544)) ;
#5055=CARTESIAN_POINT('Control Point',(12.5948385354,-10.3069338659,-70.5261743529)) ;
#5056=CARTESIAN_POINT('Control Point',(12.6032838707,-10.8520426584,-71.1919378401)) ;
#5057=CARTESIAN_POINT('Control Point',(12.4486698913,-11.2840533807,-71.9197960731)) ;
#5058=CARTESIAN_POINT('Control Point',(12.1555443659,-11.57717974,-72.6471903752)) ;
#5059=CARTESIAN_POINT('Control Point',(11.2899025305,-10.9251503313,-69.1023734072)) ;
#5060=CARTESIAN_POINT('Control Point',(11.4363687042,-11.5077505231,-69.6540277947)) ;
#5061=CARTESIAN_POINT('Control Point',(11.4403381282,-12.0291627576,-70.3086816975)) ;
#5062=CARTESIAN_POINT('Control Point',(11.2904994733,-12.4422238379,-71.0209271777)) ;
#5063=CARTESIAN_POINT('Control Point',(11.0092119184,-12.7235121875,-71.732761907)) ;
#5064=CARTESIAN_POINT('Control Point',(10.1256381663,-12.1564987924,-68.2358318107)) ;
#5065=CARTESIAN_POINT('Control Point',(10.2617991586,-12.7184479274,-68.7835044496)) ;
#5066=CARTESIAN_POINT('Control Point',(10.2619981632,-13.2195907059,-69.427912752)) ;
#5067=CARTESIAN_POINT('Control Point',(10.1161850807,-13.6165389229,-70.126149001)) ;
#5068=CARTESIAN_POINT('Control Point',(9.84494755404,-13.8877765519,-70.8240167426)) ;
#5069=CARTESIAN_POINT('Control Point',(8.95154887529,-13.3884958564,-67.3745047416)) ;
#5070=CARTESIAN_POINT('Control Point',(9.07887444026,-13.9324566218,-67.9181405239)) ;
#5071=CARTESIAN_POINT('Control Point',(9.07586007798,-14.4161253391,-68.553176488)) ;
#5072=CARTESIAN_POINT('Control Point',(8.9334797304,-14.7992442268,-69.2388607186)) ;
#5073=CARTESIAN_POINT('Control Point',(8.67085826283,-15.0618658431,-69.9242107159)) ;
#5075=CARTESIAN_POINT('Control Point',(14.505019323,-9.19379831351,-74.07092779)) ;
#5076=CARTESIAN_POINT('Control Point',(14.4628565165,-9.25882454796,-74.2126478861)) ;
#5077=CARTESIAN_POINT('Control Point',(14.4224180782,-9.31030706123,-74.3604484723)) ;
#5078=CARTESIAN_POINT('Control Point',(14.3843145457,-9.34840956022,-74.5108490485)) ;
#5079=CARTESIAN_POINT('Vertex',(14.505019323,-9.19379831351,-74.07092779)) ;
#5083=CARTESIAN_POINT('Control Point',(14.5050212549,-9.19379621934,-74.0709281736)) ;
#5084=CARTESIAN_POINT('Control Point',(14.6172990195,-9.02063480963,-73.69354016)) ;
#5085=CARTESIAN_POINT('Control Point',(14.6926404952,-8.81622859563,-73.3191890276)) ;
#5086=CARTESIAN_POINT('Control Point',(14.7290749632,-8.58344180331,-72.9542348705)) ;
#5087=CARTESIAN_POINT('Control Point',(14.7249184906,-8.24875208941,-72.4997423643)) ;
#5088=CARTESIAN_POINT('Control Point',(14.6547722237,-7.88038778271,-72.0813554943)) ;
#5089=CARTESIAN_POINT('Control Point',(14.6350365034,-7.7933423982,-71.9865704065)) ;
#5090=CARTESIAN_POINT('Control Point',(14.6078605795,-7.69014873599,-71.8785729878)) ;
#5091=CARTESIAN_POINT('Control Point',(14.5761261409,-7.58467510068,-71.7738382274)) ;
#5092=CARTESIAN_POINT('Control Point',(14.5714972735,-7.56954498553,-71.7589310006)) ;
#5093=CARTESIAN_POINT('Control Point',(14.5627013153,-7.54125028721,-71.7312743726)) ;
#5094=CARTESIAN_POINT('Control Point',(14.553619141,-7.51271234854,-71.7038619595)) ;
#5095=CARTESIAN_POINT('Control Point',(14.5493633242,-7.49939767835,-71.6912125671)) ;
#5096=CARTESIAN_POINT('Control Point',(14.5414312206,-7.47494640882,-71.6681219072)) ;
#5097=CARTESIAN_POINT('Control Point',(14.5336190117,-7.44954242865,-71.6452752777)) ;
#5098=CARTESIAN_POINT('Control Point',(14.5290425013,-7.44069429642,-71.6349378139)) ;
#5099=CARTESIAN_POINT('Control Point',(14.5249314988,-7.42977575534,-71.6243292538)) ;
#5100=CARTESIAN_POINT('Control Point',(14.5207708845,-7.41884050119,-71.6137588978)) ;
#5101=CARTESIAN_POINT('Vertex',(14.5207708845,-7.41884050119,-71.6137588978)) ;
#5105=CARTESIAN_POINT('Control Point',(14.5207698768,-7.41883852512,-71.6137566513)) ;
#5106=CARTESIAN_POINT('Control Point',(13.8419479971,-8.16883077081,-71.0708629235)) ;
#5107=CARTESIAN_POINT('Control Point',(13.1482114082,-8.92535736011,-70.5273284655)) ;
#5108=CARTESIAN_POINT('Control Point',(12.4449694292,-9.68433684508,-69.9854970705)) ;
#5109=CARTESIAN_POINT('Control Point',(11.3293907872,-10.8785625693,-69.137733038)) ;
#5110=CARTESIAN_POINT('Control Point',(10.1984966071,-12.0762918566,-68.2940939913)) ;
#5111=CARTESIAN_POINT('Control Point',(9.78426297881,-12.5135018406,-67.9869533989)) ;
#5112=CARTESIAN_POINT('Control Point',(9.36855415749,-12.9509232872,-67.6804252117)) ;
#5113=CARTESIAN_POINT('Control Point',(8.95154887778,-13.388495867,-67.3745047522)) ;
#5125=CARTESIAN_POINT('Control Point',(14.5050191306,-9.19379452563,-74.070928598)) ;
#5126=CARTESIAN_POINT('Control Point',(14.6551773344,-9.03869184728,-74.160320912)) ;
#5127=CARTESIAN_POINT('Control Point',(14.7861633034,-8.86632163599,-74.2519333499)) ;
#5128=CARTESIAN_POINT('Control Point',(14.8948078947,-8.68085430633,-74.3435493928)) ;
#5129=CARTESIAN_POINT('Control Point',(14.5611563994,-9.10721256388,-73.8822349478)) ;
#5130=CARTESIAN_POINT('Control Point',(14.7011586729,-8.96020066369,-73.9652430556)) ;
#5131=CARTESIAN_POINT('Control Point',(14.8240116763,-8.79855450489,-74.0511941751)) ;
#5132=CARTESIAN_POINT('Control Point',(14.9271292056,-8.6256768665,-74.1382788468)) ;
#5133=CARTESIAN_POINT('Control Point',(14.6080591271,-9.01281908321,-73.6943006765)) ;
#5134=CARTESIAN_POINT('Control Point',(14.7375655008,-8.87446473809,-73.7710252016)) ;
#5135=CARTESIAN_POINT('Control Point',(14.8520031415,-8.7239114932,-73.8511143238)) ;
#5136=CARTESIAN_POINT('Control Point',(14.9493013601,-8.56388344342,-73.9331187614)) ;
#5137=CARTESIAN_POINT('Control Point',(14.6454831529,-8.91097374302,-73.5079202375)) ;
#5138=CARTESIAN_POINT('Control Point',(14.7642654027,-8.78184438411,-73.5784591476)) ;
#5139=CARTESIAN_POINT('Control Point',(14.8700427009,-8.64270321826,-73.6525111038)) ;
#5140=CARTESIAN_POINT('Control Point',(14.9611854748,-8.49569374595,-73.7289351983)) ;
#5141=CARTESIAN_POINT('Control Point',(14.7010362026,-8.69323358109,-73.1398502956)) ;
#5142=CARTESIAN_POINT('Control Point',(14.7981348658,-8.5836478593,-73.1981594242)) ;
#5143=CARTESIAN_POINT('Control Point',(14.8861756963,-8.46787022611,-73.2598372092)) ;
#5144=CARTESIAN_POINT('Control Point',(14.964261577,-8.34708033925,-73.3242550476)) ;
#5145=CARTESIAN_POINT('Control Point',(14.7176521343,-8.44930914865,-72.784236444)) ;
#5146=CARTESIAN_POINT('Control Point',(14.7929735744,-8.36127997791,-72.8304453372)) ;
#5147=CARTESIAN_POINT('Control Point',(14.8625916759,-8.26975436069,-72.8792502181)) ;
#5148=CARTESIAN_POINT('Control Point',(14.9260634878,-8.17531459489,-72.9303405067)) ;
#5149=CARTESIAN_POINT('Control Point',(14.7161390421,-8.32127953797,-72.6103120954)) ;
#5150=CARTESIAN_POINT('Control Point',(14.7806431121,-8.24448870757,-72.6504650983)) ;
#5151=CARTESIAN_POINT('Control Point',(14.8409146456,-8.16526360619,-72.6927341058)) ;
#5152=CARTESIAN_POINT('Control Point',(14.8966734109,-8.08397255978,-72.7369225535)) ;
#5153=CARTESIAN_POINT('Control Point',(14.7013834072,-8.14746540439,-72.3900021503)) ;
#5154=CARTESIAN_POINT('Control Point',(14.7520048322,-8.08581195097,-72.4222034004)) ;
#5155=CARTESIAN_POINT('Control Point',(14.7999838208,-8.02276143621,-72.4558705827)) ;
#5156=CARTESIAN_POINT('Control Point',(14.84518241,-7.95849513881,-72.4909068679)) ;
#5157=CARTESIAN_POINT('Control Point',(14.6701303238,-7.96523262262,-72.1787186143)) ;
#5158=CARTESIAN_POINT('Control Point',(14.7072140408,-7.919245075,-72.2028040344)) ;
#5159=CARTESIAN_POINT('Control Point',(14.7427913964,-7.87251422108,-72.2277878627)) ;
#5160=CARTESIAN_POINT('Control Point',(14.7767997132,-7.82512238416,-72.253626082)) ;
#5161=CARTESIAN_POINT('Control Point',(14.6620146397,-7.92259155769,-72.1302988119)) ;
#5162=CARTESIAN_POINT('Control Point',(14.6959842194,-7.88025871301,-72.1524962891)) ;
#5163=CARTESIAN_POINT('Control Point',(14.7286856184,-7.83731443188,-72.1754670614)) ;
#5164=CARTESIAN_POINT('Control Point',(14.7600703768,-7.79382234919,-72.1991770857)) ;
#5165=CARTESIAN_POINT('Control Point',(14.6440233996,-7.83647221611,-72.034503326)) ;
#5166=CARTESIAN_POINT('Control Point',(14.6718070941,-7.80149585429,-72.0529023527)) ;
#5167=CARTESIAN_POINT('Control Point',(14.6987485318,-7.7661351832,-72.0718406828)) ;
#5168=CARTESIAN_POINT('Control Point',(14.7248220631,-7.73042386102,-72.0913002817)) ;
#5169=CARTESIAN_POINT('Control Point',(14.6225284728,-7.74873923293,-71.9408705)) ;
#5170=CARTESIAN_POINT('Control Point',(14.6442157819,-7.72120409662,-71.9554224137)) ;
#5171=CARTESIAN_POINT('Control Point',(14.665385246,-7.69344381455,-71.9703190699)) ;
#5172=CARTESIAN_POINT('Control Point',(14.686024432,-7.66547468601,-71.9855517168)) ;
#5173=CARTESIAN_POINT('Control Point',(14.6103762116,-7.70603313391,-71.8946468852)) ;
#5174=CARTESIAN_POINT('Control Point',(14.6288350231,-7.68188935628,-71.9068245419)) ;
#5175=CARTESIAN_POINT('Control Point',(14.6469127816,-7.65758438331,-71.9192611654)) ;
#5176=CARTESIAN_POINT('Control Point',(14.6646016788,-7.6331284444,-71.9319512548)) ;
#5177=CARTESIAN_POINT('Control Point',(14.5881278727,-7.62003826775,-71.8095352335)) ;
#5178=CARTESIAN_POINT('Control Point',(14.6013817694,-7.60353812762,-71.8188992528)) ;
#5179=CARTESIAN_POINT('Control Point',(14.6144613619,-7.58696918393,-71.8283875591)) ;
#5180=CARTESIAN_POINT('Control Point',(14.6273645505,-7.57033417056,-71.837998664)) ;
#5181=CARTESIAN_POINT('Control Point',(14.5611304802,-7.53796054275,-71.7266166519)) ;
#5182=CARTESIAN_POINT('Control Point',(14.5685751804,-7.52797311174,-71.7316316166)) ;
#5183=CARTESIAN_POINT('Control Point',(14.5759650733,-7.51796530829,-71.736687153)) ;
#5184=CARTESIAN_POINT('Control Point',(14.5832998733,-7.5079374939,-71.7417830535)) ;
#5185=CARTESIAN_POINT('Control Point',(14.55004399,-7.49337954341,-71.6883741222)) ;
#5186=CARTESIAN_POINT('Control Point',(14.5557082783,-7.48793387138,-71.6932743149)) ;
#5187=CARTESIAN_POINT('Control Point',(14.5613539023,-7.48248158023,-71.6981887003)) ;
#5188=CARTESIAN_POINT('Control Point',(14.5669808555,-7.47702266392,-71.7031172666)) ;
#5189=CARTESIAN_POINT('Control Point',(14.5357148851,-7.45810878184,-71.651712954)) ;
#5190=CARTESIAN_POINT('Control Point',(14.5380491267,-7.45454170076,-71.6531189176)) ;
#5191=CARTESIAN_POINT('Control Point',(14.5403833682,-7.45097461967,-71.6545248812)) ;
#5192=CARTESIAN_POINT('Control Point',(14.5427176098,-7.44740753858,-71.6559308448)) ;
#5193=CARTESIAN_POINT('Control Point',(14.5207738165,-7.41883948865,-71.6137540366)) ;
#5194=CARTESIAN_POINT('Control Point',(14.5207738165,-7.41883948865,-71.6137540366)) ;
#5195=CARTESIAN_POINT('Control Point',(14.5207738165,-7.41883948865,-71.6137540366)) ;
#5196=CARTESIAN_POINT('Control Point',(14.5207738165,-7.41883948865,-71.6137540366)) ;
#5198=CARTESIAN_POINT('Control Point',(14.8948082057,-8.68085377539,-74.3435474176)) ;
#5199=CARTESIAN_POINT('Control Point',(14.9594506091,-8.57049890004,-73.9330067223)) ;
#5200=CARTESIAN_POINT('Control Point',(14.9834964615,-8.43368014773,-73.5229078888)) ;
#5201=CARTESIAN_POINT('Control Point',(14.9658347022,-8.27215518606,-73.1201793897)) ;
#5202=CARTESIAN_POINT('Control Point',(14.8888134204,-8.03333477269,-72.6147238204)) ;
#5203=CARTESIAN_POINT('Control Point',(14.7442254545,-7.76293307132,-72.1442077982)) ;
#5204=CARTESIAN_POINT('Control Point',(14.7072078532,-7.69867740406,-72.037339021)) ;
#5205=CARTESIAN_POINT('Control Point',(14.6597917082,-7.62205898989,-71.9151309695)) ;
#5206=CARTESIAN_POINT('Control Point',(14.6078804253,-7.54331779914,-71.7963370295)) ;
#5207=CARTESIAN_POINT('Control Point',(14.6003688733,-7.53201434328,-71.7794244861)) ;
#5208=CARTESIAN_POINT('Control Point',(14.5862052305,-7.51086136203,-71.7480412784)) ;
#5209=CARTESIAN_POINT('Control Point',(14.5717792127,-7.48950902509,-71.7169537295)) ;
#5210=CARTESIAN_POINT('Control Point',(14.5650594433,-7.47954820574,-71.7026286953)) ;
#5211=CARTESIAN_POINT('Control Point',(14.5526109841,-7.46124258181,-71.6764656113)) ;
#5212=CARTESIAN_POINT('Control Point',(14.5404661642,-7.44232151009,-71.6509451143)) ;
#5213=CARTESIAN_POINT('Control Point',(14.5329471886,-7.43473223796,-71.6372797969)) ;
#5214=CARTESIAN_POINT('Control Point',(14.5268844678,-7.42679478555,-71.6254989416)) ;
#5215=CARTESIAN_POINT('Control Point',(14.5207738165,-7.41883948865,-71.6137540366)) ;
#5216=CARTESIAN_POINT('Vertex',(14.8948076744,-8.68085699614,-74.3435464887)) ;
#5220=CARTESIAN_POINT('Control Point',(14.5050191306,-9.19379452563,-74.070928598)) ;
#5221=CARTESIAN_POINT('Control Point',(14.6551773344,-9.03869184728,-74.160320912)) ;
#5222=CARTESIAN_POINT('Control Point',(14.7861633034,-8.86632163599,-74.2519333499)) ;
#5223=CARTESIAN_POINT('Control Point',(14.8948078947,-8.68085430633,-74.3435493928)) ;
#5233=CARTESIAN_POINT('Control Point',(14.505019505,-9.19379843913,-74.0709277173)) ;
#5234=CARTESIAN_POINT('Control Point',(14.6551776911,-9.03869549632,-74.1603193408)) ;
#5235=CARTESIAN_POINT('Control Point',(14.7861634691,-8.86632486209,-74.251931105)) ;
#5236=CARTESIAN_POINT('Control Point',(14.8948076744,-8.68085699614,-74.3435464887)) ;
#5237=CARTESIAN_POINT('Control Point',(14.4628569628,-9.25882485853,-74.2126477104)) ;
#5238=CARTESIAN_POINT('Control Point',(14.6242359712,-9.08916250436,-74.2719053945)) ;
#5239=CARTESIAN_POINT('Control Point',(14.7658167238,-8.90105939569,-74.3327383748)) ;
#5240=CARTESIAN_POINT('Control Point',(14.8840296987,-8.69925615152,-74.3935740895)) ;
#5241=CARTESIAN_POINT('Control Point',(14.4224180782,-9.31030706123,-74.3604484723)) ;
#5242=CARTESIAN_POINT('Control Point',(14.5976749436,-9.12856045611,-74.3896080711)) ;
#5243=CARTESIAN_POINT('Control Point',(14.7512284408,-8.92596207952,-74.4197439047)) ;
#5244=CARTESIAN_POINT('Control Point',(14.8788238987,-8.70814300808,-74.4498818723)) ;
#5245=CARTESIAN_POINT('Control Point',(14.3843145457,-9.34840956022,-74.5108490485)) ;
#5246=CARTESIAN_POINT('Control Point',(14.5755179656,-9.15720706104,-74.5108449113)) ;
#5247=CARTESIAN_POINT('Control Point',(14.7421499313,-8.94146006457,-74.5108406356)) ;
#5248=CARTESIAN_POINT('Control Point',(14.8788243859,-8.70814217637,-74.5108363596)) ;
#5250=CARTESIAN_POINT('Control Point',(14.8948076744,-8.68085699614,-74.3435464887)) ;
#5251=CARTESIAN_POINT('Control Point',(14.888340889,-8.69189648937,-74.3735630492)) ;
#5252=CARTESIAN_POINT('Control Point',(14.8835276132,-8.70011326509,-74.4054507508)) ;
#5253=CARTESIAN_POINT('Control Point',(14.8803692626,-8.70550490682,-74.439072978)) ;
#5254=CARTESIAN_POINT('Control Point',(14.8788240936,-8.7081426754,-74.4742636672)) ;
#5255=CARTESIAN_POINT('Control Point',(14.8788243859,-8.70814217637,-74.5108363596)) ;
#5265=CARTESIAN_POINT('Axis2P3D Location',(7.9375,-1.06581410364E-14,-87.5233759459)) ;
#5271=CARTESIAN_POINT('Control Point',(14.5207760198,-7.4188364831,-71.6137461491)) ;
#5272=CARTESIAN_POINT('Control Point',(14.9646756107,-6.54821455326,-71.7914740772)) ;
#5273=CARTESIAN_POINT('Control Point',(15.3906012801,-5.7004114901,-72.004382129)) ;
#5274=CARTESIAN_POINT('Control Point',(15.7952241059,-4.88133281413,-72.2488617991)) ;
#5277=CARTESIAN_POINT('Control Point',(14.5207762529,7.41883602115,-71.6137462402)) ;
#5278=CARTESIAN_POINT('Control Point',(14.964675758,6.54821425865,-71.7914741506)) ;
#5279=CARTESIAN_POINT('Control Point',(15.3906013353,5.70041137681,-72.0043821618)) ;
#5280=CARTESIAN_POINT('Control Point',(15.7952241059,4.88133281455,-72.2488617992)) ;
#5295=CARTESIAN_POINT('Control Point',(14.4337418258,-7.58937917586,-71.5794400838)) ;
#5296=CARTESIAN_POINT('Control Point',(14.7523198389,-7.95228381601,-72.1726691353)) ;
#5297=CARTESIAN_POINT('Control Point',(14.9454815245,-8.27007039205,-72.8612972908)) ;
#5298=CARTESIAN_POINT('Control Point',(14.9908373524,-8.51692421943,-73.6025898072)) ;
#5299=CARTESIAN_POINT('Control Point',(14.8948078483,-8.68085669926,-74.3435466979)) ;
#5300=CARTESIAN_POINT('Control Point',(14.9090498284,-6.65886713364,-71.7638616645)) ;
#5301=CARTESIAN_POINT('Control Point',(15.2414713637,-7.05348035792,-72.3626493475)) ;
#5302=CARTESIAN_POINT('Control Point',(15.4402449352,-7.40413272256,-73.0650799144)) ;
#5303=CARTESIAN_POINT('Control Point',(15.4805169505,-7.68098882732,-73.8250660408)) ;
#5304=CARTESIAN_POINT('Control Point',(15.3701158487,-7.86945518872,-74.5846649856)) ;
#5305=CARTESIAN_POINT('Control Point',(15.3642259664,-5.75380300101,-71.9884457646)) ;
#5306=CARTESIAN_POINT('Control Point',(15.711723146,-6.18174102707,-72.590681794)) ;
#5307=CARTESIAN_POINT('Control Point',(15.916668662,-6.567751346,-73.3055401191)) ;
#5308=CARTESIAN_POINT('Control Point',(15.9513407252,-6.87724231526,-74.0833699153)) ;
#5309=CARTESIAN_POINT('Control Point',(15.8252919843,-7.0924209209,-74.8607506048)) ;
#5310=CARTESIAN_POINT('Control Point',(15.795224106,-4.88133283557,-72.2488617919)) ;
#5311=CARTESIAN_POINT('Control Point',(16.1591103715,-5.3437429289,-72.8519048325)) ;
#5312=CARTESIAN_POINT('Control Point',(16.370856478,-5.76753617695,-73.5771404942)) ;
#5313=CARTESIAN_POINT('Control Point',(16.3993451376,-6.11245093089,-74.3712601991)) ;
#5314=CARTESIAN_POINT('Control Point',(16.2562901212,-6.35666107868,-75.1648557425)) ;
#5316=CARTESIAN_POINT('Control Point',(14.894807863,-8.68085667416,-74.3435465844)) ;
#5317=CARTESIAN_POINT('Control Point',(15.0802169842,-8.36434350603,-74.4376024999)) ;
#5318=CARTESIAN_POINT('Control Point',(15.2630811001,-8.05217493382,-74.5360767611)) ;
#5319=CARTESIAN_POINT('Control Point',(15.4432797291,-7.74455663234,-74.6387986219)) ;
#5320=CARTESIAN_POINT('Control Point',(15.6206967142,-7.44168689385,-74.7455845219)) ;
#5321=CARTESIAN_POINT('Control Point',(15.7952241059,-7.14375,-74.8562374005)) ;
#5332=CARTESIAN_POINT('Control Point',(14.4337418261,7.58937917328,-71.5794400762)) ;
#5333=CARTESIAN_POINT('Control Point',(14.7523198271,7.9522838,-72.1726691039)) ;
#5334=CARTESIAN_POINT('Control Point',(14.94548151,8.27007036612,-72.8612972279)) ;
#5335=CARTESIAN_POINT('Control Point',(14.9908373475,8.51692419007,-73.6025897106)) ;
#5336=CARTESIAN_POINT('Control Point',(14.8948078633,8.6808566737,-74.3435465713)) ;
#5337=CARTESIAN_POINT('Control Point',(14.9090498269,6.65886713579,-71.7638616607)) ;
#5338=CARTESIAN_POINT('Control Point',(15.2414713495,7.05348034506,-72.3626493203)) ;
#5339=CARTESIAN_POINT('Control Point',(15.4402449184,7.40413269806,-73.0650798558)) ;
#5340=CARTESIAN_POINT('Control Point',(15.4805169443,7.68098879805,-73.8250659482)) ;
#5341=CARTESIAN_POINT('Control Point',(15.370115864,7.86945516251,-74.5846648632)) ;
#5342=CARTESIAN_POINT('Control Point',(15.3642259498,5.75380303378,-71.9884457537)) ;
#5343=CARTESIAN_POINT('Control Point',(15.7117231155,6.18174104239,-72.5906817602)) ;
#5344=CARTESIAN_POINT('Control Point',(15.9166686289,6.56775134695,-73.3055400535)) ;
#5345=CARTESIAN_POINT('Control Point',(15.951340704,6.87724230916,-74.0833698148)) ;
#5346=CARTESIAN_POINT('Control Point',(15.8252919869,7.09242091646,-74.8607504743)) ;
#5347=CARTESIAN_POINT('Control Point',(15.795224106,4.8813328358,-72.2488617921)) ;
#5348=CARTESIAN_POINT('Control Point',(16.1591103576,5.34374291142,-72.8519048097)) ;
#5349=CARTESIAN_POINT('Control Point',(16.3708564618,5.76753614467,-73.5771404389)) ;
#5350=CARTESIAN_POINT('Control Point',(16.3993451344,6.11245089147,-74.3712601082)) ;
#5351=CARTESIAN_POINT('Control Point',(16.2562901431,6.35666104139,-75.1648556213)) ;
#5353=CARTESIAN_POINT('Control Point',(14.8948078633,8.68085667363,-74.3435465711)) ;
#5354=CARTESIAN_POINT('Control Point',(15.0802169844,8.36434350572,-74.4376024895)) ;
#5355=CARTESIAN_POINT('Control Point',(15.2630811,8.05217493397,-74.5360767546)) ;
#5356=CARTESIAN_POINT('Control Point',(15.4432797288,7.74455663285,-74.6387986189)) ;
#5357=CARTESIAN_POINT('Control Point',(15.620696714,7.44168689424,-74.7455845208)) ;
#5358=CARTESIAN_POINT('Control Point',(15.7952241059,7.14375,-74.8562374002)) ;
#5368=CARTESIAN_POINT('Axis2P3D Location',(-11.5911553644,53.8952241059,-172.751827605)) ;
#5373=CARTESIAN_POINT('Line Origine',(2527235.73446,-4314227.15208,-172.751825101)) ;
#5378=CARTESIAN_POINT('Line Origine',(2527235.73446,-3875572.26251,-1895573.19516)) ;
#5391=CARTESIAN_POINT('Axis2P3D Location',(16.3069237276,11.1125,-193.675)) ;
#5396=CARTESIAN_POINT('Line Origine',(-2527231.0187,11.1124999778,-4314474.72231)) ;
#5409=CARTESIAN_POINT('Axis2P3D Location',(15.7952241059,5.3290705182E-15,-194.548525894)) ;
#5414=CARTESIAN_POINT('Line Origine',(15.7952241059,-11.1125,-194.548525894)) ;
#5427=CARTESIAN_POINT('Axis2P3D Location',(16.3069237276,-11.1125,-193.675)) ;
#5432=CARTESIAN_POINT('Line Origine',(-2527231.0187,-3875637.27024,1895206.76833)) ;
#5445=CARTESIAN_POINT('Axis2P3D Location',(-11.5911553644,-53.8952241059,-172.751827605)) ;
#5450=CARTESIAN_POINT('Line Origine',(2527235.73446,4314227.15208,-172.751828505)) ;
#5463=CARTESIAN_POINT('Axis2P3D Location',(15.7952241059,-7.14375,-133.360536877)) ;
#5477=CARTESIAN_POINT('Axis2P3D Location',(15.7952241059,7.14375,-133.360536879)) ;
#5491=CARTESIAN_POINT('Line Origine',(-10.5052228111,-4.7625,-177.8)) ;
#5495=CARTESIAN_POINT('Vertex',(3.175,-4.7625,-177.8)) ;
#5498=CARTESIAN_POINT('Axis2P3D Location',(3.175,5.3290705182E-15,-177.8)) ;
#5502=CARTESIAN_POINT('Vertex',(3.175,4.7625,-177.8)) ;
#5505=CARTESIAN_POINT('Line Origine',(-10.5052228111,4.7625,-177.8)) ;
#5518=CARTESIAN_POINT('Axis2P3D Location',(3.175,6.2172489379E-15,-177.8)) ;
#5531=CARTESIAN_POINT('Axis2P3D Location',(0.635,6.2172489379E-15,-177.8)) ;
#5536=CARTESIAN_POINT('Axis2P3D Location',(0.635,5.3290705182E-15,-177.8)) ;
#5540=CARTESIAN_POINT('Vertex',(0.635,-4.40552627986,-177.8)) ;
#5542=CARTESIAN_POINT('Vertex',(0.635,4.40552627986,-177.8)) ;
#5545=CARTESIAN_POINT('Axis2P3D Location',(0.635,6.2172489379E-15,-177.8)) ;
#5556=CARTESIAN_POINT('Axis2P3D Location',(3.175,6.2172489379E-15,-177.8)) ;
#5561=CARTESIAN_POINT('Line Origine',(1.905,-4.58401313993,-177.8)) ;
#5566=CARTESIAN_POINT('Line Origine',(1.905,4.58401313993,-177.8)) ;
#5579=CARTESIAN_POINT('Axis2P3D Location',(3.175,5.3290705182E-15,-177.8)) ;
#5592=CARTESIAN_POINT('Line Origine',(-10.5052228111,-4.7625,-93.8733759459)) ;
#5596=CARTESIAN_POINT('Vertex',(3.175,-4.7625,-93.8733759459)) ;
#5599=CARTESIAN_POINT('Axis2P3D Location',(3.175,4.4408920985E-16,-93.8733759459)) ;
#5603=CARTESIAN_POINT('Vertex',(3.175,4.7625,-93.8733759459)) ;
#5606=CARTESIAN_POINT('Line Origine',(-10.5052228111,4.7625,-93.8733759459)) ;
#5619=CARTESIAN_POINT('Axis2P3D Location',(3.175,0.,-93.8733759459)) ;
#5632=CARTESIAN_POINT('Axis2P3D Location',(0.635,0.,-93.8733759459)) ;
#5637=CARTESIAN_POINT('Axis2P3D Location',(0.635,4.4408920985E-16,-93.8733759459)) ;
#5641=CARTESIAN_POINT('Vertex',(0.635,-4.40552627986,-93.8733759459)) ;
#5643=CARTESIAN_POINT('Vertex',(0.635,4.40552627986,-93.8733759459)) ;
#5646=CARTESIAN_POINT('Axis2P3D Location',(0.635,0.,-93.8733759459)) ;
#5657=CARTESIAN_POINT('Axis2P3D Location',(3.175,0.,-93.8733759459)) ;
#5662=CARTESIAN_POINT('Line Origine',(1.905,-4.58401313993,-93.8733759459)) ;
#5667=CARTESIAN_POINT('Line Origine',(1.905,4.58401313993,-93.8733759459)) ;
#5680=CARTESIAN_POINT('Axis2P3D Location',(3.175,4.4408920985E-16,-93.8733759459)) ;
#138=DIRECTION('Axis2P3D Direction',(0.,-0.997227955812,0.0744070167804)) ;
#139=DIRECTION('Axis2P3D XDirection',(0.,-0.0744070167804,-0.997227955812)) ;
#143=DIRECTION('Vector Direction',(1.,0.,0.)) ;
#152=DIRECTION('Vector Direction',(0.,-0.0744070167804,-0.997227955812)) ;
#159=DIRECTION('Vector Direction',(1.,0.,0.)) ;
#166=DIRECTION('Vector Direction',(0.,-0.0744070167804,-0.997227955812)) ;
#186=DIRECTION('Axis2P3D Direction',(1.,0.,-0.)) ;
#187=DIRECTION('Axis2P3D XDirection',(0.,0.997227955812,-0.0744070167804)) ;
#191=DIRECTION('Axis2P3D Direction',(1.,0.,-0.)) ;
#198=DIRECTION('Axis2P3D Direction',(1.,0.,-0.)) ;
#205=DIRECTION('Vector Direction',(1.,0.,0.)) ;
#218=DIRECTION('Axis2P3D Direction',(1.,0.,0.)) ;
#219=DIRECTION('Axis2P3D XDirection',(0.,1.,0.)) ;
#222=DIRECTION('Vector Direction',(1.,0.,0.)) ;
#264=DIRECTION('Vector Direction',(1.,0.,0.)) ;
#277=DIRECTION('Axis2P3D Direction',(-1.,-0.,0.)) ;
#278=DIRECTION('Axis2P3D XDirection',(0.,-0.997227955812,-0.0744070167804)) ;
#282=DIRECTION('Axis2P3D Direction',(-1.,-0.,0.)) ;
#289=DIRECTION('Axis2P3D Direction',(-1.,-0.,0.)) ;
#296=DIRECTION('Vector Direction',(-1.,0.,0.)) ;
#309=DIRECTION('Axis2P3D Direction',(0.,-0.997227955812,-0.0744070167804)) ;
#310=DIRECTION('Axis2P3D XDirection',(0.,0.0744070167804,-0.997227955812)) ;
#314=DIRECTION('Vector Direction',(0.,0.0744070167804,-0.997227955812)) ;
#321=DIRECTION('Vector Direction',(1.,0.,0.)) ;
#328=DIRECTION('Vector Direction',(0.,0.0744070167804,-0.997227955812)) ;
#341=DIRECTION('Axis2P3D Direction',(1.,0.,0.)) ;
#342=DIRECTION('Axis2P3D XDirection',(-0.,-0.997227955812,-0.0744070167804)) ;
#346=DIRECTION('Axis2P3D Direction',(1.,0.,0.)) ;
#353=DIRECTION('Vector Direction',(1.,0.,0.)) ;
#360=DIRECTION('Axis2P3D Direction',(1.,0.,0.)) ;
#373=DIRECTION('Axis2P3D Direction',(0.,-0.77228681125,-0.635274020538)) ;
#374=DIRECTION('Axis2P3D XDirection',(0.,0.635274020538,-0.77228681125)) ;
#378=DIRECTION('Vector Direction',(0.,0.635274020538,-0.77228681125)) ;
#385=DIRECTION('Vector Direction',(1.,0.,0.)) ;
#392=DIRECTION('Vector Direction',(0.,0.635274020538,-0.77228681125)) ;
#405=DIRECTION('Axis2P3D Direction',(1.,0.,0.)) ;
#406=DIRECTION('Axis2P3D XDirection',(0.,1.,0.)) ;
#410=DIRECTION('Axis2P3D Direction',(1.,0.,0.)) ;
#417=DIRECTION('Axis2P3D Direction',(1.,0.,0.)) ;
#424=DIRECTION('Vector Direction',(1.,0.,0.)) ;
#437=DIRECTION('Axis2P3D Direction',(0.,-1.,0.)) ;
#438=DIRECTION('Axis2P3D XDirection',(0.,0.,-1.)) ;
#442=DIRECTION('Vector Direction',(0.,0.,-1.)) ;
#449=DIRECTION('Vector Direction',(1.,0.,0.)) ;
#456=DIRECTION('Vector Direction',(0.,0.,-1.)) ;
#469=DIRECTION('Axis2P3D Direction',(1.,0.,0.)) ;
#470=DIRECTION('Axis2P3D XDirection',(0.,0.89832491561,-0.439331703834)) ;
#474=DIRECTION('Axis2P3D Direction',(1.,0.,0.)) ;
#481=DIRECTION('Axis2P3D Direction',(1.,0.,0.)) ;
#488=DIRECTION('Vector Direction',(1.,0.,0.)) ;
#501=DIRECTION('Axis2P3D Direction',(1.,0.,0.)) ;
#502=DIRECTION('Axis2P3D XDirection',(0.,-0.89832491561,0.439331703834)) ;
#506=DIRECTION('Axis2P3D Direction',(1.,0.,0.)) ;
#513=DIRECTION('Vector Direction',(1.,0.,0.)) ;
#520=DIRECTION('Axis2P3D Direction',(1.,0.,0.)) ;
#533=DIRECTION('Axis2P3D Direction',(-0.,0.,1.)) ;
#534=DIRECTION('Axis2P3D XDirection',(0.,-1.,0.)) ;
#538=DIRECTION('Vector Direction',(0.,-1.,0.)) ;
#545=DIRECTION('Vector Direction',(0.,-1.,0.)) ;
#552=DIRECTION('Vector Direction',(1.,0.,0.)) ;
#565=DIRECTION('Axis2P3D Direction',(1.,0.,0.)) ;
#566=DIRECTION('Axis2P3D XDirection',(-0.,-1.83697019872E-16,-1.)) ;
#570=DIRECTION('Axis2P3D Direction',(1.,0.,0.)) ;
#577=DIRECTION('Vector Direction',(1.,0.,0.)) ;
#584=DIRECTION('Axis2P3D Direction',(1.,0.,0.)) ;
#597=DIRECTION('Axis2P3D Direction',(1.,0.,0.)) ;
#598=DIRECTION('Axis2P3D XDirection',(0.,-1.,1.22464679915E-16)) ;
#602=DIRECTION('Axis2P3D Direction',(1.,0.,0.)) ;
#609=DIRECTION('Axis2P3D Direction',(1.,0.,0.)) ;
#616=DIRECTION('Vector Direction',(1.,0.,0.)) ;
#629=DIRECTION('Axis2P3D Direction',(0.,-1.,0.)) ;
#630=DIRECTION('Axis2P3D XDirection',(0.,0.,-1.)) ;
#634=DIRECTION('Vector Direction',(0.,0.,-1.)) ;
#641=DIRECTION('Vector Direction',(0.,0.,-1.)) ;
#648=DIRECTION('Vector Direction',(1.,0.,0.)) ;
#661=DIRECTION('Axis2P3D Direction',(1.,0.,0.)) ;
#662=DIRECTION('Axis2P3D XDirection',(0.,-0.77228681125,0.635274020538)) ;
#666=DIRECTION('Axis2P3D Direction',(1.,0.,0.)) ;
#673=DIRECTION('Axis2P3D Direction',(1.,0.,0.)) ;
#680=DIRECTION('Vector Direction',(1.,0.,0.)) ;
#693=DIRECTION('Axis2P3D Direction',(0.,-0.77228681125,0.635274020538)) ;
#694=DIRECTION('Axis2P3D XDirection',(0.,-0.635274020538,-0.77228681125)) ;
#698=DIRECTION('Vector Direction',(0.,-0.635274020538,-0.77228681125)) ;
#705=DIRECTION('Vector Direction',(0.,-0.635274020538,-0.77228681125)) ;
#712=DIRECTION('Vector Direction',(1.,0.,0.)) ;
#725=DIRECTION('Axis2P3D Direction',(1.,0.,0.)) ;
#726=DIRECTION('Axis2P3D XDirection',(0.,0.77228681125,-0.635274020538)) ;
#730=DIRECTION('Axis2P3D Direction',(1.,0.,0.)) ;
#735=DIRECTION('Axis2P3D Direction',(1.,0.,0.)) ;
#748=DIRECTION('Axis2P3D Direction',(1.,0.,0.)) ;
#749=DIRECTION('Axis2P3D XDirection',(0.,-1.,1.22464679915E-16)) ;
#753=DIRECTION('Axis2P3D Direction',(1.,0.,0.)) ;
#762=DIRECTION('Vector Direction',(1.,0.,0.)) ;
#769=DIRECTION('Axis2P3D Direction',(1.,0.,0.)) ;
#776=DIRECTION('Vector Direction',(1.,0.,0.)) ;
#789=DIRECTION('Axis2P3D Direction',(1.,0.,0.)) ;
#790=DIRECTION('Axis2P3D XDirection',(0.,1.,0.)) ;
#794=DIRECTION('Axis2P3D Direction',(1.,0.,0.)) ;
#799=DIRECTION('Axis2P3D Direction',(1.,0.,0.)) ;
#812=DIRECTION('Axis2P3D Direction',(0.,-0.77228681125,0.635274020538)) ;
#813=DIRECTION('Axis2P3D XDirection',(0.,-0.635274020538,-0.77228681125)) ;
#817=DIRECTION('Vector Direction',(0.,-0.635274020538,-0.77228681125)) ;
#826=DIRECTION('Vector Direction',(1.,0.,0.)) ;
#833=DIRECTION('Vector Direction',(0.,-0.635274020538,-0.77228681125)) ;
#840=DIRECTION('Vector Direction',(1.,0.,0.)) ;
#853=DIRECTION('Axis2P3D Direction',(1.,0.,0.)) ;
#854=DIRECTION('Axis2P3D XDirection',(0.,0.77228681125,-0.635274020538)) ;
#858=DIRECTION('Axis2P3D Direction',(1.,0.,0.)) ;
#865=DIRECTION('Vector Direction',(1.,0.,0.)) ;
#872=DIRECTION('Axis2P3D Direction',(1.,0.,0.)) ;
#885=DIRECTION('Axis2P3D Direction',(1.,0.,0.)) ;
#886=DIRECTION('Axis2P3D XDirection',(-0.,-0.772286811738,-0.635274019944)) ;
#890=DIRECTION('Axis2P3D Direction',(1.,0.,0.)) ;
#897=DIRECTION('Axis2P3D Direction',(1.,0.,0.)) ;
#904=DIRECTION('Vector Direction',(1.,0.,0.)) ;
#917=DIRECTION('Axis2P3D Direction',(0.,-0.77228681125,-0.635274020538)) ;
#918=DIRECTION('Axis2P3D XDirection',(0.,0.635274020538,-0.77228681125)) ;
#922=DIRECTION('Vector Direction',(-1.,0.,0.)) ;
#931=DIRECTION('Vector Direction',(0.,0.635274020538,-0.77228681125)) ;
#936=DIRECTION('Vector Direction',(0.,0.635274020538,-0.77228681125)) ;
#949=DIRECTION('Axis2P3D Direction',(-1.,0.,0.)) ;
#950=DIRECTION('Axis2P3D XDirection',(-0.,-0.77228681125,-0.635274020538)) ;
#954=DIRECTION('Vector Direction',(-1.,0.,0.)) ;
#963=DIRECTION('Axis2P3D Direction',(-1.,0.,0.)) ;
#968=DIRECTION('Axis2P3D Direction',(-1.,0.,0.)) ;
#981=DIRECTION('Axis2P3D Direction',(1.,0.,0.)) ;
#982=DIRECTION('Axis2P3D XDirection',(0.,1.,0.)) ;
#985=DIRECTION('Vector Direction',(1.,0.,0.)) ;
#1013=DIRECTION('Axis2P3D Direction',(1.,0.,0.)) ;
#1014=DIRECTION('Axis2P3D XDirection',(0.,-1.,1.22464679915E-16)) ;
#1018=DIRECTION('Axis2P3D Direction',(1.,0.,0.)) ;
#1027=DIRECTION('Vector Direction',(1.,0.,0.)) ;
#1034=DIRECTION('Axis2P3D Direction',(1.,0.,0.)) ;
#1041=DIRECTION('Vector Direction',(1.,0.,0.)) ;
#1054=DIRECTION('Axis2P3D Direction',(1.,0.,0.)) ;
#1055=DIRECTION('Axis2P3D XDirection',(0.,1.,0.)) ;
#1059=DIRECTION('Axis2P3D Direction',(1.,0.,0.)) ;
#1064=DIRECTION('Axis2P3D Direction',(1.,0.,0.)) ;
#1077=DIRECTION('Axis2P3D Direction',(1.,0.,0.)) ;
#1078=DIRECTION('Axis2P3D XDirection',(0.,1.,0.)) ;
#1120=DIRECTION('Axis2P3D Direction',(1.,0.,0.)) ;
#1121=DIRECTION('Axis2P3D XDirection',(0.,1.,0.)) ;
#1167=DIRECTION('Vector Direction',(0.,0.,-1.)) ;
#1176=DIRECTION('Axis2P3D Direction',(1.,0.,0.)) ;
#1183=DIRECTION('Axis2P3D Direction',(1.,0.,0.)) ;
#1190=DIRECTION('Vector Direction',(0.,-1.,0.)) ;
#1197=DIRECTION('Axis2P3D Direction',(1.,0.,0.)) ;
#1204=DIRECTION('Axis2P3D Direction',(1.,0.,0.)) ;
#1211=DIRECTION('Vector Direction',(0.,0.,-1.)) ;
#1218=DIRECTION('Axis2P3D Direction',(1.,0.,0.)) ;
#1225=DIRECTION('Axis2P3D Direction',(1.,0.,0.)) ;
#1232=DIRECTION('Axis2P3D Direction',(1.,0.,0.)) ;
#1249=DIRECTION('Axis2P3D Direction',(1.,0.,0.)) ;
#1258=DIRECTION('Axis2P3D Direction',(1.,0.,0.)) ;
#1267=DIRECTION('Axis2P3D Direction',(1.,0.,0.)) ;
#1276=DIRECTION('Axis2P3D Direction',(1.,0.,0.)) ;
#1294=DIRECTION('Axis2P3D Direction',(1.,0.,0.)) ;
#1295=DIRECTION('Axis2P3D XDirection',(0.,0.848331215928,0.529465908329)) ;
#1299=DIRECTION('Vector Direction',(1.,0.,0.)) ;
#1306=DIRECTION('Vector Direction',(1.,0.,0.)) ;
#1313=DIRECTION('Axis2P3D Direction',(1.,0.,0.)) ;
#1326=DIRECTION('Axis2P3D Direction',(-1.,0.,-0.)) ;
#1327=DIRECTION('Axis2P3D XDirection',(0.,0.394138411081,-0.919051093743)) ;
#1331=DIRECTION('Axis2P3D Direction',(0.,-0.439331703834,-0.89832491561)) ;
#1338=DIRECTION('Axis2P3D Direction',(-1.,0.,-0.)) ;
#1345=DIRECTION('Axis2P3D Direction',(0.,1.,-1.22124532709E-15)) ;
#1358=DIRECTION('Axis2P3D Direction',(1.,0.,0.)) ;
#1359=DIRECTION('Axis2P3D XDirection',(0.,-0.848331215928,0.529465908329)) ;
#1363=DIRECTION('Vector Direction',(1.,0.,0.)) ;
#1370=DIRECTION('Vector Direction',(1.,0.,0.)) ;
#1377=DIRECTION('Axis2P3D Direction',(1.,0.,0.)) ;
#1390=DIRECTION('Axis2P3D Direction',(-1.,-0.,0.)) ;
#1391=DIRECTION('Axis2P3D XDirection',(0.,0.652448996542,0.757832637798)) ;
#1395=DIRECTION('Axis2P3D Direction',(-0.,1.,-2.33146835171E-15)) ;
#1402=DIRECTION('Axis2P3D Direction',(-1.,-0.,0.)) ;
#1409=DIRECTION('Axis2P3D Direction',(0.,-0.439331703834,0.89832491561)) ;
#1422=DIRECTION('Axis2P3D Direction',(1.,0.,0.)) ;
#1423=DIRECTION('Axis2P3D XDirection',(-0.,-8.26946079743E-16,-1.)) ;
#1427=DIRECTION('Vector Direction',(1.,0.,0.)) ;
#1434=DIRECTION('Vector Direction',(1.,0.,0.)) ;
#1441=DIRECTION('Axis2P3D Direction',(1.,0.,0.)) ;
#1454=DIRECTION('Axis2P3D Direction',(-1.,-0.,0.)) ;
#1455=DIRECTION('Axis2P3D XDirection',(0.,-0.710100837126,0.70409999369)) ;
#1459=DIRECTION('Axis2P3D Direction',(0.,-0.845107780412,0.5345959591)) ;
#1466=DIRECTION('Axis2P3D Direction',(-1.,-0.,0.)) ;
#1473=DIRECTION('Axis2P3D Direction',(0.,-0.845107780412,-0.534595959101)) ;
#1486=DIRECTION('Axis2P3D Direction',(-1.,0.,0.)) ;
#1487=DIRECTION('Axis2P3D XDirection',(0.,0.875955466648,-0.482391978011)) ;
#1491=DIRECTION('Vector Direction',(-1.,0.,0.)) ;
#1677=DIRECTION('Axis2P3D Direction',(1.,0.,0.)) ;
#1678=DIRECTION('Axis2P3D XDirection',(-0.,-0.875955466648,-0.482391978011)) ;
#1682=DIRECTION('Vector Direction',(1.,0.,0.)) ;
#1871=DIRECTION('Axis2P3D Direction',(0.,1.,0.)) ;
#1872=DIRECTION('Axis2P3D XDirection',(0.,0.,-1.)) ;
#1876=DIRECTION('Vector Direction',(0.,0.,-1.)) ;
#1883=DIRECTION('Vector Direction',(-1.,0.,0.)) ;
#1896=DIRECTION('Axis2P3D Direction',(-0.,0.,-1.)) ;
#1897=DIRECTION('Axis2P3D XDirection',(-9.43689570931E-16,-1.,0.)) ;
#1901=DIRECTION('Vector Direction',(0.,0.,-1.)) ;
#1908=DIRECTION('Axis2P3D Direction',(-0.,0.,-1.)) ;
#1921=DIRECTION('Axis2P3D Direction',(1.,0.,0.)) ;
#1922=DIRECTION('Axis2P3D XDirection',(0.,-0.974249689661,0.225471821288)) ;
#1926=DIRECTION('Axis2P3D Direction',(1.,0.,0.)) ;
#1939=DIRECTION('Axis2P3D Direction',(-1.,-3.48083473355E-18,8.10724064041E-19)) ;
#1940=DIRECTION('Axis2P3D XDirection',(0.,0.995864998673,0.0908454975151)) ;
#1944=DIRECTION('Axis2P3D Direction',(-1.,-3.48083473355E-18,8.10724064041E-19)) ;
#1957=DIRECTION('Axis2P3D Direction',(0.,1.,0.)) ;
#1958=DIRECTION('Axis2P3D XDirection',(0.,0.,-1.)) ;
#1962=DIRECTION('Vector Direction',(-1.,0.,0.)) ;
#1969=DIRECTION('Vector Direction',(0.,0.,-1.)) ;
#1982=DIRECTION('Axis2P3D Direction',(0.,0.,-1.)) ;
#1983=DIRECTION('Axis2P3D XDirection',(-0.707106781187,0.707106781187,0.)) ;
#1987=DIRECTION('Axis2P3D Direction',(0.,0.,-1.)) ;
#1994=DIRECTION('Vector Direction',(0.,0.,-1.)) ;
#2007=DIRECTION('Axis2P3D Direction',(1.,0.,0.)) ;
#2008=DIRECTION('Axis2P3D XDirection',(0.,0.974249689661,0.225471821288)) ;
#2012=DIRECTION('Axis2P3D Direction',(1.,0.,0.)) ;
#2025=DIRECTION('Axis2P3D Direction',(-1.,-1.59362506121E-19,-1.74741379333E-18)) ;
#2026=DIRECTION('Axis2P3D XDirection',(0.,-0.854699033683,-0.519123840545)) ;
#2030=DIRECTION('Axis2P3D Direction',(-1.,-1.59362506121E-19,-1.74741379333E-18)) ;
#2043=DIRECTION('Axis2P3D Direction',(-0.,-0.,-1.)) ;
#2044=DIRECTION('Axis2P3D XDirection',(0.,-1.,0.)) ;
#2048=DIRECTION('Vector Direction',(0.,-1.,0.)) ;
#2061=DIRECTION('Axis2P3D Direction',(0.,-1.,-0.)) ;
#2062=DIRECTION('Axis2P3D XDirection',(-0.707106781187,0.,-0.707106781187)) ;
#2066=DIRECTION('Vector Direction',(0.,-1.,0.)) ;
#2079=DIRECTION('Axis2P3D Direction',(-1.,-0.,-0.)) ;
#2080=DIRECTION('Axis2P3D XDirection',(0.,0.974249689661,0.225471821288)) ;
#2084=DIRECTION('Vector Direction',(-0.707106781187,-0.635211639537,-0.310654426971)) ;
#2100=DIRECTION('Vector Direction',(-0.707106781187,-0.707106781187,4.0061320454E-16)) ;
#2113=DIRECTION('Axis2P3D Direction',(1.,-1.23693072638E-12,1.47911664615E-12)) ;
#2114=DIRECTION('Axis2P3D XDirection',(-1.36619767116E-12,-0.995864998673,0.0908454975137)) ;
#2118=DIRECTION('Axis2P3D Direction',(-1.47911664616E-12,-9.65436064424E-13,1.)) ;
#2125=DIRECTION('Axis2P3D Direction',(-1.87215021988E-12,-0.439331703836,0.898324915609)) ;
#2132=DIRECTION('Axis2P3D Direction',(1.,-1.23693072638E-12,1.47911664615E-12)) ;
#2145=DIRECTION('Axis2P3D Direction',(1.,0.,0.)) ;
#2146=DIRECTION('Axis2P3D XDirection',(0.,-0.848331215928,0.529465908329)) ;
#2150=DIRECTION('Vector Direction',(0.707106781187,-1.38596733912E-15,-0.707106781187)) ;
#2157=DIRECTION('Axis2P3D Direction',(1.,0.,0.)) ;
#2170=DIRECTION('Axis2P3D Direction',(-1.,-0.,0.)) ;
#2171=DIRECTION('Axis2P3D XDirection',(0.,0.652448996542,0.757832637798)) ;
#2175=DIRECTION('Axis2P3D Direction',(-0.,1.,-5.88418203051E-15)) ;
#2182=DIRECTION('Axis2P3D Direction',(-1.,-0.,0.)) ;
#2195=DIRECTION('Axis2P3D Direction',(0.707106781187,0.,0.707106781187)) ;
#2196=DIRECTION('Axis2P3D XDirection',(0.,-1.,0.)) ;
#2200=DIRECTION('Vector Direction',(0.707106781187,0.,-0.707106781187)) ;
#2207=DIRECTION('Vector Direction',(0.,-1.,0.)) ;
#2220=DIRECTION('Axis2P3D Direction',(0.,1.,0.)) ;
#2221=DIRECTION('Axis2P3D XDirection',(-0.707106781187,0.,-0.707106781187)) ;
#2225=DIRECTION('Axis2P3D Direction',(0.,1.,0.)) ;
#2232=DIRECTION('Vector Direction',(0.,1.,0.)) ;
#2245=DIRECTION('Axis2P3D Direction',(1.,0.,0.)) ;
#2246=DIRECTION('Axis2P3D XDirection',(0.,0.848331215928,0.529465908329)) ;
#2250=DIRECTION('Vector Direction',(0.707106781187,-0.635211639537,0.310654426971)) ;
#2257=DIRECTION('Axis2P3D Direction',(1.,0.,0.)) ;
#2270=DIRECTION('Axis2P3D Direction',(-1.,0.,-0.)) ;
#2271=DIRECTION('Axis2P3D XDirection',(0.,0.394138411081,-0.919051093743)) ;
#2275=DIRECTION('Axis2P3D Direction',(0.,-0.439331703834,-0.89832491561)) ;
#2282=DIRECTION('Axis2P3D Direction',(-1.,0.,-0.)) ;
#2295=DIRECTION('Axis2P3D Direction',(-1.,-0.,-0.)) ;
#2296=DIRECTION('Axis2P3D XDirection',(0.,-0.974249689661,0.225471821288)) ;
#2300=DIRECTION('Vector Direction',(-0.707106781187,0.707106781187,1.08288403192E-15)) ;
#2307=DIRECTION('Axis2P3D Direction',(1.,0.,0.)) ;
#2320=DIRECTION('Axis2P3D Direction',(1.,2.27111166425E-13,-4.79158193115E-13)) ;
#2321=DIRECTION('Axis2P3D XDirection',(-4.42824936172E-13,0.854699033683,-0.519123840544)) ;
#2325=DIRECTION('Axis2P3D Direction',(-4.79158193115E-13,4.81781281536E-13,-1.)) ;
#2332=DIRECTION('Axis2P3D Direction',(1.,2.27111166425E-13,-4.79158193115E-13)) ;
#2345=DIRECTION('Axis2P3D Direction',(-1.,0.,0.)) ;
#2346=DIRECTION('Axis2P3D XDirection',(0.,1.,0.)) ;
#2350=DIRECTION('Axis2P3D Direction',(-1.,0.,0.)) ;
#2378=DIRECTION('Vector Direction',(0.,0.,1.)) ;
#2385=DIRECTION('Axis2P3D Direction',(-1.,0.,0.)) ;
#2392=DIRECTION('Axis2P3D Direction',(-1.,0.,0.)) ;
#2399=DIRECTION('Vector Direction',(0.,1.,0.)) ;
#2406=DIRECTION('Axis2P3D Direction',(-1.,0.,0.)) ;
#2413=DIRECTION('Axis2P3D Direction',(-1.,0.,0.)) ;
#2420=DIRECTION('Vector Direction',(0.,0.,1.)) ;
#2458=DIRECTION('Axis2P3D Direction',(0.707106781187,-0.707106781187,0.)) ;
#2459=DIRECTION('Axis2P3D XDirection',(0.,0.,-1.)) ;
#2463=DIRECTION('Vector Direction',(0.,0.,-1.)) ;
#2486=DIRECTION('Axis2P3D Direction',(0.,0.,1.)) ;
#2487=DIRECTION('Axis2P3D XDirection',(-0.707106781187,0.707106781187,0.)) ;
#2491=DIRECTION('Axis2P3D Direction',(0.,0.,1.)) ;
#2498=DIRECTION('Vector Direction',(0.,0.,1.)) ;
#2739=DIRECTION('Axis2P3D Direction',(-0.707106781187,-0.707106781187,-0.)) ;
#2740=DIRECTION('Axis2P3D XDirection',(0.,0.,-1.)) ;
#2753=DIRECTION('Vector Direction',(0.,0.,-1.)) ;
#2767=DIRECTION('Axis2P3D Direction',(0.,0.,1.)) ;
#2768=DIRECTION('Axis2P3D XDirection',(-0.862856209461,-0.505449465124,0.)) ;
#2772=DIRECTION('Axis2P3D Direction',(0.,0.,1.)) ;
#2779=DIRECTION('Vector Direction',(0.,0.,1.)) ;
#3014=DIRECTION('Axis2P3D Direction',(1.,0.,0.)) ;
#3015=DIRECTION('Axis2P3D XDirection',(0.,-1.96005385927E-15,-1.)) ;
#3117=DIRECTION('Axis2P3D Direction',(-1.,1.50649753264E-12,1.7723500384E-13)) ;
#3118=DIRECTION('Axis2P3D XDirection',(1.50677053709E-12,0.973027659239,0.230688479029)) ;
#3122=DIRECTION('Vector Direction',(-0.505449465124,-0.775125231548,-0.379080088667)) ;
#3127=DIRECTION('Vector Direction',(-0.505449465124,-0.862856209461,5.00838189055E-13)) ;
#3140=DIRECTION('Axis2P3D Direction',(1.,9.49473234858E-15,-2.53192862629E-14)) ;
#3141=DIRECTION('Axis2P3D XDirection',(1.46791399029E-14,-0.976813336197,0.214092751462)) ;
#3145=DIRECTION('Vector Direction',(0.505449465124,-4.43961365448E-15,-0.862856209461)) ;
#3158=DIRECTION('Axis2P3D Direction',(-0.862856209461,0.,-0.505449465124)) ;
#3159=DIRECTION('Axis2P3D XDirection',(0.,1.,0.)) ;
#3163=DIRECTION('Vector Direction',(0.505449465124,0.,-0.862856209461)) ;
#3176=DIRECTION('Axis2P3D Direction',(1.,0.,2.53192862629E-14)) ;
#3177=DIRECTION('Axis2P3D XDirection',(-3.5618501235E-15,0.990353338132,0.13856502319)) ;
#3181=DIRECTION('Vector Direction',(0.505449465124,-0.775125231548,0.379080088667)) ;
#3194=DIRECTION('Axis2P3D Direction',(-1.,-7.0894001536E-13,-7.59578587886E-14)) ;
#3195=DIRECTION('Axis2P3D XDirection',(6.92941751299E-13,-0.991389538765,0.130945723212)) ;
#3199=DIRECTION('Vector Direction',(-0.505449465124,0.862856209461,-1.80064881761E-13)) ;
#3212=DIRECTION('Axis2P3D Direction',(0.862856209461,0.505449465124,-0.)) ;
#3213=DIRECTION('Axis2P3D XDirection',(0.,0.,1.)) ;
#3226=DIRECTION('Axis2P3D Direction',(-0.862856209461,0.505449465124,0.)) ;
#3227=DIRECTION('Axis2P3D XDirection',(0.,0.,1.)) ;
#3240=DIRECTION('Axis2P3D Direction',(1.,0.,0.)) ;
#3241=DIRECTION('Axis2P3D XDirection',(0.,-1.,5.38572590718E-14)) ;
#3245=DIRECTION('Vector Direction',(1.,0.,0.)) ;
#3252=DIRECTION('Axis2P3D Direction',(1.,0.,0.)) ;
#3259=DIRECTION('Vector Direction',(1.,0.,0.)) ;
#3272=DIRECTION('Axis2P3D Direction',(1.,0.,0.)) ;
#3273=DIRECTION('Axis2P3D XDirection',(0.,1.,-5.35356345418E-14)) ;
#3277=DIRECTION('Axis2P3D Direction',(1.,0.,0.)) ;
#3290=DIRECTION('Axis2P3D Direction',(1.,0.,0.)) ;
#3291=DIRECTION('Axis2P3D XDirection',(0.,1.,0.)) ;
#3295=DIRECTION('Axis2P3D Direction',(1.,0.,0.)) ;
#3304=DIRECTION('Axis2P3D Direction',(1.,0.,0.)) ;
#3315=DIRECTION('Axis2P3D Direction',(-1.,-0.,-0.)) ;
#3316=DIRECTION('Axis2P3D XDirection',(0.,1.,-5.35356322098E-14)) ;
#3320=DIRECTION('Vector Direction',(-0.990268068742,0.13917310096,-1.10807524835E-14)) ;
#3325=DIRECTION('Vector Direction',(-0.990268068742,-0.13917310096,-1.10807524835E-14)) ;
#3338=DIRECTION('Axis2P3D Direction',(-1.,-0.,-0.)) ;
#3339=DIRECTION('Axis2P3D XDirection',(0.,-1.,5.38572546835E-14)) ;
#3351=DIRECTION('Axis2P3D Direction',(1.,0.,0.)) ;
#3352=DIRECTION('Axis2P3D XDirection',(0.,-1.,5.65217943309E-14)) ;
#3356=DIRECTION('Vector Direction',(1.,0.,0.)) ;
#3363=DIRECTION('Axis2P3D Direction',(1.,0.,0.)) ;
#3370=DIRECTION('Vector Direction',(1.,0.,0.)) ;
#3383=DIRECTION('Axis2P3D Direction',(1.,0.,0.)) ;
#3384=DIRECTION('Axis2P3D XDirection',(0.,1.,-5.97528834797E-14)) ;
#3388=DIRECTION('Axis2P3D Direction',(1.,0.,0.)) ;
#3401=DIRECTION('Axis2P3D Direction',(1.,0.,0.)) ;
#3402=DIRECTION('Axis2P3D XDirection',(0.,1.,0.)) ;
#3406=DIRECTION('Axis2P3D Direction',(1.,0.,0.)) ;
#3415=DIRECTION('Axis2P3D Direction',(1.,0.,0.)) ;
#3426=DIRECTION('Axis2P3D Direction',(-1.,-0.,-0.)) ;
#3427=DIRECTION('Axis2P3D XDirection',(0.,1.,-6.06410607309E-14)) ;
#3431=DIRECTION('Vector Direction',(-0.990268068742,0.13917310096,-5.54037624173E-15)) ;
#3436=DIRECTION('Vector Direction',(-0.990268068742,-0.13917310096,-5.54037624173E-15)) ;
#3449=DIRECTION('Axis2P3D Direction',(-1.,-0.,-0.)) ;
#3450=DIRECTION('Axis2P3D XDirection',(0.,-1.,5.65217954844E-14)) ;
#3466=DIRECTION('Axis2P3D Direction',(1.,0.,0.)) ;
#3467=DIRECTION('Axis2P3D XDirection',(0.,1.,0.)) ;
#3471=DIRECTION('Axis2P3D Direction',(1.,0.,0.)) ;
#3480=DIRECTION('Axis2P3D Direction',(1.,0.,0.)) ;
#3487=DIRECTION('Axis2P3D Direction',(1.,0.,0.)) ;
#3494=DIRECTION('Vector Direction',(0.,0.,-1.)) ;
#3501=DIRECTION('Axis2P3D Direction',(1.,0.,0.)) ;
#3508=DIRECTION('Axis2P3D Direction',(1.,0.,0.)) ;
#3515=DIRECTION('Vector Direction',(0.,-1.,0.)) ;
#3522=DIRECTION('Axis2P3D Direction',(1.,0.,0.)) ;
#3529=DIRECTION('Axis2P3D Direction',(1.,0.,0.)) ;
#3536=DIRECTION('Vector Direction',(0.,0.,-1.)) ;
#3553=DIRECTION('Axis2P3D Direction',(1.,0.,0.)) ;
#3562=DIRECTION('Axis2P3D Direction',(1.,0.,0.)) ;
#3571=DIRECTION('Axis2P3D Direction',(1.,0.,0.)) ;
#3580=DIRECTION('Axis2P3D Direction',(1.,0.,0.)) ;
#3591=DIRECTION('Axis2P3D Direction',(1.,0.,0.)) ;
#3600=DIRECTION('Vector Direction',(1.,0.,0.)) ;
#3605=DIRECTION('Vector Direction',(1.,0.,0.)) ;
#3618=DIRECTION('Axis2P3D Direction',(1.,0.,0.)) ;
#3619=DIRECTION('Axis2P3D XDirection',(0.,0.394138411081,-0.919051093743)) ;
#3623=DIRECTION('Axis2P3D Direction',(0.,-1.,1.22124532709E-15)) ;
#3630=DIRECTION('Axis2P3D Direction',(-1.,0.,0.)) ;
#3637=DIRECTION('Axis2P3D Direction',(-0.,0.439331703834,0.89832491561)) ;
#3650=DIRECTION('Axis2P3D Direction',(1.,0.,0.)) ;
#3659=DIRECTION('Vector Direction',(1.,0.,0.)) ;
#3664=DIRECTION('Vector Direction',(1.,0.,0.)) ;
#3677=DIRECTION('Axis2P3D Direction',(1.,0.,0.)) ;
#3678=DIRECTION('Axis2P3D XDirection',(0.,0.652448996542,0.757832637798)) ;
#3682=DIRECTION('Axis2P3D Direction',(0.,0.439331703834,-0.89832491561)) ;
#3689=DIRECTION('Axis2P3D Direction',(-1.,0.,0.)) ;
#3696=DIRECTION('Axis2P3D Direction',(0.,-1.,2.33146835171E-15)) ;
#3709=DIRECTION('Axis2P3D Direction',(1.,0.,0.)) ;
#3718=DIRECTION('Vector Direction',(1.,0.,0.)) ;
#3723=DIRECTION('Vector Direction',(1.,0.,0.)) ;
#3736=DIRECTION('Axis2P3D Direction',(1.,0.,0.)) ;
#3737=DIRECTION('Axis2P3D XDirection',(0.,-0.710100837126,0.70409999369)) ;
#3741=DIRECTION('Axis2P3D Direction',(-0.,0.845107780412,0.534595959101)) ;
#3748=DIRECTION('Axis2P3D Direction',(-1.,0.,0.)) ;
#3755=DIRECTION('Axis2P3D Direction',(0.,0.845107780412,-0.5345959591)) ;
#3793=DIRECTION('Vector Direction',(-1.,0.,0.)) ;
#3954=DIRECTION('Axis2P3D Direction',(1.,0.,0.)) ;
#3955=DIRECTION('Axis2P3D XDirection',(-0.,-0.875955466648,-0.482391978011)) ;
#3984=DIRECTION('Vector Direction',(1.,0.,0.)) ;
#4148=DIRECTION('Vector Direction',(-1.,0.,0.)) ;
#4155=DIRECTION('Vector Direction',(0.,0.,-1.)) ;
#4168=DIRECTION('Axis2P3D Direction',(-0.,0.,1.)) ;
#4169=DIRECTION('Axis2P3D XDirection',(9.43689570931E-16,-1.,0.)) ;
#4173=DIRECTION('Axis2P3D Direction',(-0.,0.,1.)) ;
#4180=DIRECTION('Vector Direction',(0.,0.,1.)) ;
#4193=DIRECTION('Axis2P3D Direction',(1.,0.,0.)) ;
#4206=DIRECTION('Axis2P3D Direction',(1.,-3.48083473355E-18,8.10724064041E-19)) ;
#4207=DIRECTION('Axis2P3D XDirection',(0.,0.995864998673,0.0908454975151)) ;
#4211=DIRECTION('Axis2P3D Direction',(-1.,3.48083473355E-18,-8.10724064041E-19)) ;
#4224=DIRECTION('Vector Direction',(0.,0.,-1.)) ;
#4231=DIRECTION('Vector Direction',(-1.,0.,0.)) ;
#4244=DIRECTION('Axis2P3D Direction',(0.,-0.,1.)) ;
#4245=DIRECTION('Axis2P3D XDirection',(0.707106781187,0.707106781187,0.)) ;
#4249=DIRECTION('Vector Direction',(0.,0.,1.)) ;
#4256=DIRECTION('Axis2P3D Direction',(0.,-0.,1.)) ;
#4269=DIRECTION('Axis2P3D Direction',(1.,0.,0.)) ;
#4282=DIRECTION('Axis2P3D Direction',(1.,-1.59362506121E-19,-1.74741379333E-18)) ;
#4283=DIRECTION('Axis2P3D XDirection',(0.,-0.854699033683,-0.519123840545)) ;
#4287=DIRECTION('Axis2P3D Direction',(-1.,1.59362506121E-19,1.74741379333E-18)) ;
#4300=DIRECTION('Vector Direction',(0.,-1.,0.)) ;
#4313=DIRECTION('Axis2P3D Direction',(0.,1.,0.)) ;
#4314=DIRECTION('Axis2P3D XDirection',(0.707106781187,0.,-0.707106781187)) ;
#4318=DIRECTION('Vector Direction',(0.,1.,0.)) ;
#4331=DIRECTION('Axis2P3D Direction',(1.,-0.,-0.)) ;
#4332=DIRECTION('Axis2P3D XDirection',(0.,0.974249689661,0.225471821288)) ;
#4336=DIRECTION('Vector Direction',(0.707106781187,-0.707106781187,4.0061320454E-16)) ;
#4352=DIRECTION('Vector Direction',(0.707106781187,-0.635211639537,-0.310654426971)) ;
#4365=DIRECTION('Axis2P3D Direction',(-1.,-1.23693072638E-12,1.47911664615E-12)) ;
#4366=DIRECTION('Axis2P3D XDirection',(1.36619767116E-12,-0.995864998673,0.0908454975137)) ;
#4370=DIRECTION('Axis2P3D Direction',(1.,1.23693072638E-12,-1.47911664615E-12)) ;
#4379=DIRECTION('Axis2P3D Direction',(-1.87215021988E-12,0.439331703836,-0.898324915609)) ;
#4384=DIRECTION('Axis2P3D Direction',(-1.47911664616E-12,9.65436064424E-13,-1.)) ;
#4397=DIRECTION('Axis2P3D Direction',(-1.,0.,0.)) ;
#4398=DIRECTION('Axis2P3D XDirection',(0.,-0.848331215928,0.529465908329)) ;
#4402=DIRECTION('Axis2P3D Direction',(1.,0.,0.)) ;
#4409=DIRECTION('Vector Direction',(-0.707106781187,-1.38596733912E-15,-0.707106781187)) ;
#4422=DIRECTION('Axis2P3D Direction',(1.,0.,0.)) ;
#4423=DIRECTION('Axis2P3D XDirection',(0.,0.652448996542,0.757832637798)) ;
#4427=DIRECTION('Axis2P3D Direction',(-1.,0.,0.)) ;
#4434=DIRECTION('Axis2P3D Direction',(0.,-1.,5.88418203051E-15)) ;
#4447=DIRECTION('Axis2P3D Direction',(0.707106781187,0.,-0.707106781187)) ;
#4448=DIRECTION('Axis2P3D XDirection',(0.,-1.,0.)) ;
#4452=DIRECTION('Vector Direction',(0.,-1.,0.)) ;
#4459=DIRECTION('Vector Direction',(-0.707106781187,0.,-0.707106781187)) ;
#4472=DIRECTION('Axis2P3D Direction',(0.,-1.,0.)) ;
#4473=DIRECTION('Axis2P3D XDirection',(0.707106781187,0.,-0.707106781187)) ;
#4477=DIRECTION('Vector Direction',(0.,-1.,0.)) ;
#4484=DIRECTION('Axis2P3D Direction',(0.,-1.,0.)) ;
#4497=DIRECTION('Axis2P3D Direction',(-1.,0.,0.)) ;
#4498=DIRECTION('Axis2P3D XDirection',(0.,0.848331215928,0.529465908329)) ;
#4502=DIRECTION('Axis2P3D Direction',(1.,0.,0.)) ;
#4509=DIRECTION('Vector Direction',(-0.707106781187,-0.635211639537,0.310654426971)) ;
#4522=DIRECTION('Axis2P3D Direction',(1.,0.,0.)) ;
#4523=DIRECTION('Axis2P3D XDirection',(0.,0.394138411081,-0.919051093743)) ;
#4527=DIRECTION('Axis2P3D Direction',(-1.,0.,0.)) ;
#4534=DIRECTION('Axis2P3D Direction',(-0.,0.439331703834,0.89832491561)) ;
#4547=DIRECTION('Axis2P3D Direction',(1.,-0.,-0.)) ;
#4548=DIRECTION('Axis2P3D XDirection',(0.,-0.974249689661,0.225471821288)) ;
#4552=DIRECTION('Axis2P3D Direction',(1.,0.,0.)) ;
#4559=DIRECTION('Vector Direction',(0.707106781187,0.707106781187,1.08288403192E-15)) ;
#4572=DIRECTION('Axis2P3D Direction',(-1.,2.27111166425E-13,-4.79158193115E-13)) ;
#4573=DIRECTION('Axis2P3D XDirection',(4.42824936172E-13,0.854699033683,-0.519123840544)) ;
#4577=DIRECTION('Axis2P3D Direction',(1.,-2.27111166425E-13,4.79158193115E-13)) ;
#4584=DIRECTION('Axis2P3D Direction',(-4.79158193115E-13,-4.81781281536E-13,1.)) ;
#4597=DIRECTION('Axis2P3D Direction',(-1.,0.,0.)) ;
#4598=DIRECTION('Axis2P3D XDirection',(0.,1.,0.)) ;
#4623=DIRECTION('Vector Direction',(0.,0.,1.)) ;
#4630=DIRECTION('Axis2P3D Direction',(-1.,0.,0.)) ;
#4637=DIRECTION('Axis2P3D Direction',(-1.,0.,0.)) ;
#4644=DIRECTION('Vector Direction',(0.,1.,0.)) ;
#4651=DIRECTION('Axis2P3D Direction',(-1.,0.,0.)) ;
#4658=DIRECTION('Axis2P3D Direction',(-1.,0.,0.)) ;
#4665=DIRECTION('Vector Direction',(0.,0.,1.)) ;
#4691=DIRECTION('Axis2P3D Direction',(-1.,0.,0.)) ;
#4710=DIRECTION('Axis2P3D Direction',(0.707106781187,0.707106781187,0.)) ;
#4711=DIRECTION('Axis2P3D XDirection',(0.,0.,-1.)) ;
#4724=DIRECTION('Vector Direction',(0.,0.,-1.)) ;
#4738=DIRECTION('Axis2P3D Direction',(0.,0.,-1.)) ;
#4739=DIRECTION('Axis2P3D XDirection',(0.707106781187,0.707106781187,0.)) ;
#4743=DIRECTION('Vector Direction',(0.,0.,-1.)) ;
#4750=DIRECTION('Axis2P3D Direction',(0.,0.,-1.)) ;
#4991=DIRECTION('Axis2P3D Direction',(-0.707106781187,0.707106781187,0.)) ;
#4992=DIRECTION('Axis2P3D XDirection',(0.,0.,-1.)) ;
#4996=DIRECTION('Vector Direction',(0.,0.,-1.)) ;
#5019=DIRECTION('Axis2P3D Direction',(0.,-0.,-1.)) ;
#5020=DIRECTION('Axis2P3D XDirection',(0.862856209461,-0.505449465124,0.)) ;
#5024=DIRECTION('Vector Direction',(0.,0.,-1.)) ;
#5031=DIRECTION('Axis2P3D Direction',(0.,-0.,-1.)) ;
#5266=DIRECTION('Axis2P3D Direction',(-1.,0.,0.)) ;
#5267=DIRECTION('Axis2P3D XDirection',(0.,-1.96005385927E-15,-1.)) ;
#5369=DIRECTION('Axis2P3D Direction',(1.,1.50649753264E-12,1.7723500384E-13)) ;
#5370=DIRECTION('Axis2P3D XDirection',(-1.50677053709E-12,0.973027659239,0.230688479029)) ;
#5374=DIRECTION('Vector Direction',(0.505449465124,-0.862856209461,5.00838189055E-13)) ;
#5379=DIRECTION('Vector Direction',(0.505449465124,-0.775125231548,-0.379080088667)) ;
#5392=DIRECTION('Axis2P3D Direction',(-1.,9.49473234858E-15,-2.53192862629E-14)) ;
#5393=DIRECTION('Axis2P3D XDirection',(-1.46791399029E-14,-0.976813336197,0.214092751462)) ;
#5397=DIRECTION('Vector Direction',(-0.505449465124,-4.43961365448E-15,-0.862856209461)) ;
#5410=DIRECTION('Axis2P3D Direction',(-0.862856209461,0.,0.505449465124)) ;
#5411=DIRECTION('Axis2P3D XDirection',(0.,1.,0.)) ;
#5415=DIRECTION('Vector Direction',(-0.505449465124,0.,-0.862856209461)) ;
#5428=DIRECTION('Axis2P3D Direction',(-1.,0.,2.53192862629E-14)) ;
#5429=DIRECTION('Axis2P3D XDirection',(3.5618501235E-15,0.990353338132,0.13856502319)) ;
#5433=DIRECTION('Vector Direction',(-0.505449465124,-0.775125231548,0.379080088667)) ;
#5446=DIRECTION('Axis2P3D Direction',(1.,-7.0894001536E-13,-7.59578587886E-14)) ;
#5447=DIRECTION('Axis2P3D XDirection',(-6.92941751299E-13,-0.991389538765,0.130945723212)) ;
#5451=DIRECTION('Vector Direction',(0.505449465124,0.862856209461,-1.80064881761E-13)) ;
#5464=DIRECTION('Axis2P3D Direction',(0.862856209461,-0.505449465124,0.)) ;
#5465=DIRECTION('Axis2P3D XDirection',(0.,0.,1.)) ;
#5478=DIRECTION('Axis2P3D Direction',(-0.862856209461,-0.505449465124,0.)) ;
#5479=DIRECTION('Axis2P3D XDirection',(0.,0.,1.)) ;
#5492=DIRECTION('Vector Direction',(1.,0.,0.)) ;
#5499=DIRECTION('Axis2P3D Direction',(1.,0.,0.)) ;
#5506=DIRECTION('Vector Direction',(1.,0.,0.)) ;
#5519=DIRECTION('Axis2P3D Direction',(1.,0.,0.)) ;
#5532=DIRECTION('Axis2P3D Direction',(1.,0.,0.)) ;
#5533=DIRECTION('Axis2P3D XDirection',(0.,1.,0.)) ;
#5537=DIRECTION('Axis2P3D Direction',(1.,0.,0.)) ;
#5546=DIRECTION('Axis2P3D Direction',(1.,0.,0.)) ;
#5557=DIRECTION('Axis2P3D Direction',(1.,-0.,-0.)) ;
#5558=DIRECTION('Axis2P3D XDirection',(0.,1.,-5.35356322098E-14)) ;
#5562=DIRECTION('Vector Direction',(0.990268068742,-0.13917310096,-1.10807524835E-14)) ;
#5567=DIRECTION('Vector Direction',(0.990268068742,0.13917310096,-1.10807524835E-14)) ;
#5580=DIRECTION('Axis2P3D Direction',(1.,-0.,-0.)) ;
#5581=DIRECTION('Axis2P3D XDirection',(0.,-1.,5.38572546835E-14)) ;
#5593=DIRECTION('Vector Direction',(1.,0.,0.)) ;
#5600=DIRECTION('Axis2P3D Direction',(1.,0.,0.)) ;
#5607=DIRECTION('Vector Direction',(1.,0.,0.)) ;
#5620=DIRECTION('Axis2P3D Direction',(1.,0.,0.)) ;
#5633=DIRECTION('Axis2P3D Direction',(1.,0.,0.)) ;
#5634=DIRECTION('Axis2P3D XDirection',(0.,1.,0.)) ;
#5638=DIRECTION('Axis2P3D Direction',(1.,0.,0.)) ;
#5647=DIRECTION('Axis2P3D Direction',(1.,0.,0.)) ;
#5658=DIRECTION('Axis2P3D Direction',(1.,-0.,-0.)) ;
#5659=DIRECTION('Axis2P3D XDirection',(0.,1.,-6.06410607309E-14)) ;
#5663=DIRECTION('Vector Direction',(0.990268068742,-0.13917310096,-5.54037624173E-15)) ;
#5668=DIRECTION('Vector Direction',(0.990268068742,0.13917310096,-5.54037624173E-15)) ;
#5681=DIRECTION('Axis2P3D Direction',(1.,-0.,-0.)) ;
#5682=DIRECTION('Axis2P3D XDirection',(0.,-1.,5.65217954844E-14)) ;
#6=PRODUCT_RELATED_PRODUCT_CATEGORY('part',$,(#16)) ;
#5=PRODUCT_CATEGORY('part','specification') ;
#26=STYLED_ITEM(' ',(#25),#21) ;
#34=STYLED_ITEM(' ',(#33),#30) ;
#40=STYLED_ITEM(' ',(#39),#36) ;
#46=STYLED_ITEM(' ',(#45),#42) ;
#52=STYLED_ITEM(' ',(#51),#48) ;
#58=STYLED_ITEM(' ',(#57),#54) ;
#64=STYLED_ITEM(' ',(#63),#60) ;
#70=STYLED_ITEM(' ',(#69),#66) ;
#76=STYLED_ITEM(' ',(#75),#72) ;
#82=STYLED_ITEM(' ',(#81),#78) ;
#88=STYLED_ITEM(' ',(#87),#84) ;
#94=STYLED_ITEM(' ',(#93),#90) ;
#100=STYLED_ITEM(' ',(#99),#96) ;
#106=STYLED_ITEM(' ',(#105),#102) ;
#112=STYLED_ITEM(' ',(#111),#108) ;
#118=STYLED_ITEM(' ',(#117),#114) ;
#124=STYLED_ITEM(' ',(#123),#120) ;
#130=STYLED_ITEM(' ',(#129),#126) ;
#134=STYLED_ITEM(' ',(#133),#132) ;
#1163=STYLED_ITEM(' ',(#133),#1162) ;
#3462=STYLED_ITEM(' ',(#133),#3461) ;
#25=PRESENTATION_STYLE_ASSIGNMENT((#24)) ;
#33=PRESENTATION_STYLE_ASSIGNMENT((#32)) ;
#39=PRESENTATION_STYLE_ASSIGNMENT((#38)) ;
#45=PRESENTATION_STYLE_ASSIGNMENT((#44)) ;
#51=PRESENTATION_STYLE_ASSIGNMENT((#50)) ;
#57=PRESENTATION_STYLE_ASSIGNMENT((#56)) ;
#63=PRESENTATION_STYLE_ASSIGNMENT((#62)) ;
#69=PRESENTATION_STYLE_ASSIGNMENT((#68)) ;
#75=PRESENTATION_STYLE_ASSIGNMENT((#74)) ;
#81=PRESENTATION_STYLE_ASSIGNMENT((#80)) ;
#87=PRESENTATION_STYLE_ASSIGNMENT((#86)) ;
#93=PRESENTATION_STYLE_ASSIGNMENT((#92)) ;
#99=PRESENTATION_STYLE_ASSIGNMENT((#98)) ;
#105=PRESENTATION_STYLE_ASSIGNMENT((#104)) ;
#111=PRESENTATION_STYLE_ASSIGNMENT((#110)) ;
#117=PRESENTATION_STYLE_ASSIGNMENT((#116)) ;
#123=PRESENTATION_STYLE_ASSIGNMENT((#122)) ;
#129=PRESENTATION_STYLE_ASSIGNMENT((#128)) ;
#133=PRESENTATION_STYLE_ASSIGNMENT(()) ;
#183=PRESENTATION_STYLE_ASSIGNMENT((#182)) ;
#1291=PRESENTATION_STYLE_ASSIGNMENT((#1290)) ;
#24=POINT_STYLE(' ',#22,POSITIVE_LENGTH_MEASURE(1.),#23) ;
#32=POINT_STYLE(' ',#31,POSITIVE_LENGTH_MEASURE(1.),#23) ;
#38=POINT_STYLE(' ',#37,POSITIVE_LENGTH_MEASURE(1.),#23) ;
#44=POINT_STYLE(' ',#43,POSITIVE_LENGTH_MEASURE(1.),#23) ;
#50=POINT_STYLE(' ',#49,POSITIVE_LENGTH_MEASURE(1.),#23) ;
#56=POINT_STYLE(' ',#55,POSITIVE_LENGTH_MEASURE(1.),#23) ;
#62=POINT_STYLE(' ',#61,POSITIVE_LENGTH_MEASURE(1.),#23) ;
#68=POINT_STYLE(' ',#67,POSITIVE_LENGTH_MEASURE(1.),#23) ;
#74=POINT_STYLE(' ',#73,POSITIVE_LENGTH_MEASURE(1.),#23) ;
#80=POINT_STYLE(' ',#79,POSITIVE_LENGTH_MEASURE(1.),#23) ;
#86=POINT_STYLE(' ',#85,POSITIVE_LENGTH_MEASURE(1.),#23) ;
#92=POINT_STYLE(' ',#91,POSITIVE_LENGTH_MEASURE(1.),#23) ;
#98=POINT_STYLE(' ',#97,POSITIVE_LENGTH_MEASURE(1.),#23) ;
#104=POINT_STYLE(' ',#103,POSITIVE_LENGTH_MEASURE(1.),#23) ;
#110=POINT_STYLE(' ',#109,POSITIVE_LENGTH_MEASURE(1.),#23) ;
#116=POINT_STYLE(' ',#115,POSITIVE_LENGTH_MEASURE(1.),#23) ;
#122=POINT_STYLE(' ',#121,POSITIVE_LENGTH_MEASURE(1.),#23) ;
#128=POINT_STYLE(' ',#127,POSITIVE_LENGTH_MEASURE(1.),#23) ;
#22=PRE_DEFINED_MARKER('X') ;
#31=PRE_DEFINED_MARKER('X') ;
#37=PRE_DEFINED_MARKER('X') ;
#43=PRE_DEFINED_MARKER('X') ;
#49=PRE_DEFINED_MARKER('X') ;
#55=PRE_DEFINED_MARKER('X') ;
#61=PRE_DEFINED_MARKER('X') ;
#67=PRE_DEFINED_MARKER('X') ;
#73=PRE_DEFINED_MARKER('X') ;
#79=PRE_DEFINED_MARKER('X') ;
#85=PRE_DEFINED_MARKER('X') ;
#91=PRE_DEFINED_MARKER('X') ;
#97=PRE_DEFINED_MARKER('X') ;
#103=PRE_DEFINED_MARKER('X') ;
#109=PRE_DEFINED_MARKER('X') ;
#115=PRE_DEFINED_MARKER('X') ;
#121=PRE_DEFINED_MARKER('X') ;
#127=PRE_DEFINED_MARKER('X') ;
#182=SURFACE_STYLE_USAGE(.BOTH.,#181) ;
#1290=SURFACE_STYLE_USAGE(.BOTH.,#1289) ;
#181=SURFACE_SIDE_STYLE(' ',(#180)) ;
#1289=SURFACE_SIDE_STYLE(' ',(#1288)) ;
#180=SURFACE_STYLE_FILL_AREA(#179) ;
#1288=SURFACE_STYLE_FILL_AREA(#1287) ;
#179=FILL_AREA_STYLE(' ',(#178)) ;
#1287=FILL_AREA_STYLE(' ',(#1286)) ;
#178=FILL_AREA_STYLE_COLOUR(' ',#177) ;
#1286=FILL_AREA_STYLE_COLOUR(' ',#1285) ;
#144=VECTOR('Line Direction',#143,1.) ;
#153=VECTOR('Line Direction',#152,1.) ;
#160=VECTOR('Line Direction',#159,1.) ;
#167=VECTOR('Line Direction',#166,1.) ;
#206=VECTOR('Line Direction',#205,1.) ;
#223=VECTOR('Extrusion Surface Vector',#222,1.) ;
#265=VECTOR('Line Direction',#264,1.) ;
#297=VECTOR('Line Direction',#296,1.) ;
#315=VECTOR('Line Direction',#314,1.) ;
#322=VECTOR('Line Direction',#321,1.) ;
#329=VECTOR('Line Direction',#328,1.) ;
#354=VECTOR('Line Direction',#353,1.) ;
#379=VECTOR('Line Direction',#378,1.) ;
#386=VECTOR('Line Direction',#385,1.) ;
#393=VECTOR('Line Direction',#392,1.) ;
#425=VECTOR('Line Direction',#424,1.) ;
#443=VECTOR('Line Direction',#442,1.) ;
#450=VECTOR('Line Direction',#449,1.) ;
#457=VECTOR('Line Direction',#456,1.) ;
#489=VECTOR('Line Direction',#488,1.) ;
#514=VECTOR('Line Direction',#513,1.) ;
#539=VECTOR('Line Direction',#538,1.) ;
#546=VECTOR('Line Direction',#545,1.) ;
#553=VECTOR('Line Direction',#552,1.) ;
#578=VECTOR('Line Direction',#577,1.) ;
#617=VECTOR('Line Direction',#616,1.) ;
#635=VECTOR('Line Direction',#634,1.) ;
#642=VECTOR('Line Direction',#641,1.) ;
#649=VECTOR('Line Direction',#648,1.) ;
#681=VECTOR('Line Direction',#680,1.) ;
#699=VECTOR('Line Direction',#698,1.) ;
#706=VECTOR('Line Direction',#705,1.) ;
#713=VECTOR('Line Direction',#712,1.) ;
#763=VECTOR('Line Direction',#762,1.) ;
#777=VECTOR('Line Direction',#776,1.) ;
#818=VECTOR('Line Direction',#817,1.) ;
#827=VECTOR('Line Direction',#826,1.) ;
#834=VECTOR('Line Direction',#833,1.) ;
#841=VECTOR('Line Direction',#840,1.) ;
#866=VECTOR('Line Direction',#865,1.) ;
#905=VECTOR('Line Direction',#904,1.) ;
#923=VECTOR('Line Direction',#922,1.) ;
#932=VECTOR('Line Direction',#931,1.) ;
#937=VECTOR('Line Direction',#936,1.) ;
#955=VECTOR('Line Direction',#954,1.) ;
#986=VECTOR('Extrusion Surface Vector',#985,1.) ;
#1028=VECTOR('Line Direction',#1027,1.) ;
#1042=VECTOR('Line Direction',#1041,1.) ;
#1168=VECTOR('Line Direction',#1167,1.) ;
#1191=VECTOR('Line Direction',#1190,1.) ;
#1212=VECTOR('Line Direction',#1211,1.) ;
#1300=VECTOR('Line Direction',#1299,1.) ;
#1307=VECTOR('Line Direction',#1306,1.) ;
#1364=VECTOR('Line Direction',#1363,1.) ;
#1371=VECTOR('Line Direction',#1370,1.) ;
#1428=VECTOR('Line Direction',#1427,1.) ;
#1435=VECTOR('Line Direction',#1434,1.) ;
#1492=VECTOR('Line Direction',#1491,1.) ;
#1683=VECTOR('Line Direction',#1682,1.) ;
#1877=VECTOR('Line Direction',#1876,1.) ;
#1884=VECTOR('Line Direction',#1883,1.) ;
#1902=VECTOR('Line Direction',#1901,1.) ;
#1963=VECTOR('Line Direction',#1962,1.) ;
#1970=VECTOR('Line Direction',#1969,1.) ;
#1995=VECTOR('Line Direction',#1994,1.) ;
#2049=VECTOR('Line Direction',#2048,1.) ;
#2067=VECTOR('Line Direction',#2066,1.) ;
#2085=VECTOR('Line Direction',#2084,1.) ;
#2101=VECTOR('Line Direction',#2100,1.) ;
#2151=VECTOR('Line Direction',#2150,1.) ;
#2201=VECTOR('Line Direction',#2200,1.) ;
#2208=VECTOR('Line Direction',#2207,1.) ;
#2233=VECTOR('Line Direction',#2232,1.) ;
#2251=VECTOR('Line Direction',#2250,1.) ;
#2301=VECTOR('Line Direction',#2300,1.) ;
#2379=VECTOR('Line Direction',#2378,1.) ;
#2400=VECTOR('Line Direction',#2399,1.) ;
#2421=VECTOR('Line Direction',#2420,1.) ;
#2464=VECTOR('Line Direction',#2463,1.) ;
#2499=VECTOR('Line Direction',#2498,1.) ;
#2754=VECTOR('Line Direction',#2753,1.) ;
#2780=VECTOR('Line Direction',#2779,1.) ;
#3123=VECTOR('Line Direction',#3122,1.) ;
#3128=VECTOR('Line Direction',#3127,1.) ;
#3146=VECTOR('Line Direction',#3145,1.) ;
#3164=VECTOR('Line Direction',#3163,1.) ;
#3182=VECTOR('Line Direction',#3181,1.) ;
#3200=VECTOR('Line Direction',#3199,1.) ;
#3246=VECTOR('Line Direction',#3245,1.) ;
#3260=VECTOR('Line Direction',#3259,1.) ;
#3321=VECTOR('Line Direction',#3320,1.) ;
#3326=VECTOR('Line Direction',#3325,1.) ;
#3357=VECTOR('Line Direction',#3356,1.) ;
#3371=VECTOR('Line Direction',#3370,1.) ;
#3432=VECTOR('Line Direction',#3431,1.) ;
#3437=VECTOR('Line Direction',#3436,1.) ;
#3495=VECTOR('Line Direction',#3494,1.) ;
#3516=VECTOR('Line Direction',#3515,1.) ;
#3537=VECTOR('Line Direction',#3536,1.) ;
#3601=VECTOR('Line Direction',#3600,1.) ;
#3606=VECTOR('Line Direction',#3605,1.) ;
#3660=VECTOR('Line Direction',#3659,1.) ;
#3665=VECTOR('Line Direction',#3664,1.) ;
#3719=VECTOR('Line Direction',#3718,1.) ;
#3724=VECTOR('Line Direction',#3723,1.) ;
#3794=VECTOR('Line Direction',#3793,1.) ;
#3985=VECTOR('Line Direction',#3984,1.) ;
#4149=VECTOR('Line Direction',#4148,1.) ;
#4156=VECTOR('Line Direction',#4155,1.) ;
#4181=VECTOR('Line Direction',#4180,1.) ;
#4225=VECTOR('Line Direction',#4224,1.) ;
#4232=VECTOR('Line Direction',#4231,1.) ;
#4250=VECTOR('Line Direction',#4249,1.) ;
#4301=VECTOR('Line Direction',#4300,1.) ;
#4319=VECTOR('Line Direction',#4318,1.) ;
#4337=VECTOR('Line Direction',#4336,1.) ;
#4353=VECTOR('Line Direction',#4352,1.) ;
#4410=VECTOR('Line Direction',#4409,1.) ;
#4453=VECTOR('Line Direction',#4452,1.) ;
#4460=VECTOR('Line Direction',#4459,1.) ;
#4478=VECTOR('Line Direction',#4477,1.) ;
#4510=VECTOR('Line Direction',#4509,1.) ;
#4560=VECTOR('Line Direction',#4559,1.) ;
#4624=VECTOR('Line Direction',#4623,1.) ;
#4645=VECTOR('Line Direction',#4644,1.) ;
#4666=VECTOR('Line Direction',#4665,1.) ;
#4725=VECTOR('Line Direction',#4724,1.) ;
#4744=VECTOR('Line Direction',#4743,1.) ;
#4997=VECTOR('Line Direction',#4996,1.) ;
#5025=VECTOR('Line Direction',#5024,1.) ;
#5375=VECTOR('Line Direction',#5374,1.) ;
#5380=VECTOR('Line Direction',#5379,1.) ;
#5398=VECTOR('Line Direction',#5397,1.) ;
#5416=VECTOR('Line Direction',#5415,1.) ;
#5434=VECTOR('Line Direction',#5433,1.) ;
#5452=VECTOR('Line Direction',#5451,1.) ;
#5493=VECTOR('Line Direction',#5492,1.) ;
#5507=VECTOR('Line Direction',#5506,1.) ;
#5563=VECTOR('Line Direction',#5562,1.) ;
#5568=VECTOR('Line Direction',#5567,1.) ;
#5594=VECTOR('Line Direction',#5593,1.) ;
#5608=VECTOR('Line Direction',#5607,1.) ;
#5664=VECTOR('Line Direction',#5663,1.) ;
#5669=VECTOR('Line Direction',#5668,1.) ;
#11=UNCERTAINTY_MEASURE_WITH_UNIT(LENGTH_MEASURE(0.005),#8,'distance_accuracy_value','CONFUSED CURVE UNCERTAINTY') ;
#171=ORIENTED_EDGE('',*,*,#150,.T.) ;
#172=ORIENTED_EDGE('',*,*,#157,.T.) ;
#173=ORIENTED_EDGE('',*,*,#164,.F.) ;
#174=ORIENTED_EDGE('',*,*,#169,.F.) ;
#210=ORIENTED_EDGE('',*,*,#196,.T.) ;
#211=ORIENTED_EDGE('',*,*,#150,.F.) ;
#212=ORIENTED_EDGE('',*,*,#203,.T.) ;
#213=ORIENTED_EDGE('',*,*,#208,.T.) ;
#269=ORIENTED_EDGE('',*,*,#243,.F.) ;
#270=ORIENTED_EDGE('',*,*,#208,.F.) ;
#271=ORIENTED_EDGE('',*,*,#262,.T.) ;
#272=ORIENTED_EDGE('',*,*,#267,.T.) ;
#301=ORIENTED_EDGE('',*,*,#287,.T.) ;
#302=ORIENTED_EDGE('',*,*,#267,.F.) ;
#303=ORIENTED_EDGE('',*,*,#294,.T.) ;
#304=ORIENTED_EDGE('',*,*,#299,.T.) ;
#333=ORIENTED_EDGE('',*,*,#319,.T.) ;
#334=ORIENTED_EDGE('',*,*,#326,.T.) ;
#335=ORIENTED_EDGE('',*,*,#331,.F.) ;
#336=ORIENTED_EDGE('',*,*,#299,.F.) ;
#365=ORIENTED_EDGE('',*,*,#326,.F.) ;
#366=ORIENTED_EDGE('',*,*,#351,.T.) ;
#367=ORIENTED_EDGE('',*,*,#358,.T.) ;
#368=ORIENTED_EDGE('',*,*,#363,.F.) ;
#397=ORIENTED_EDGE('',*,*,#358,.F.) ;
#398=ORIENTED_EDGE('',*,*,#383,.T.) ;
#399=ORIENTED_EDGE('',*,*,#390,.T.) ;
#400=ORIENTED_EDGE('',*,*,#395,.F.) ;
#429=ORIENTED_EDGE('',*,*,#415,.T.) ;
#430=ORIENTED_EDGE('',*,*,#390,.F.) ;
#431=ORIENTED_EDGE('',*,*,#422,.F.) ;
#432=ORIENTED_EDGE('',*,*,#427,.T.) ;
#461=ORIENTED_EDGE('',*,*,#427,.F.) ;
#462=ORIENTED_EDGE('',*,*,#447,.T.) ;
#463=ORIENTED_EDGE('',*,*,#454,.T.) ;
#464=ORIENTED_EDGE('',*,*,#459,.F.) ;
#493=ORIENTED_EDGE('',*,*,#479,.T.) ;
#494=ORIENTED_EDGE('',*,*,#454,.F.) ;
#495=ORIENTED_EDGE('',*,*,#486,.F.) ;
#496=ORIENTED_EDGE('',*,*,#491,.T.) ;
#525=ORIENTED_EDGE('',*,*,#491,.F.) ;
#526=ORIENTED_EDGE('',*,*,#511,.T.) ;
#527=ORIENTED_EDGE('',*,*,#518,.T.) ;
#528=ORIENTED_EDGE('',*,*,#523,.F.) ;
#557=ORIENTED_EDGE('',*,*,#543,.T.) ;
#558=ORIENTED_EDGE('',*,*,#518,.F.) ;
#559=ORIENTED_EDGE('',*,*,#550,.F.) ;
#560=ORIENTED_EDGE('',*,*,#555,.T.) ;
#589=ORIENTED_EDGE('',*,*,#555,.F.) ;
#590=ORIENTED_EDGE('',*,*,#575,.T.) ;
#591=ORIENTED_EDGE('',*,*,#582,.T.) ;
#592=ORIENTED_EDGE('',*,*,#587,.F.) ;
#621=ORIENTED_EDGE('',*,*,#607,.T.) ;
#622=ORIENTED_EDGE('',*,*,#582,.F.) ;
#623=ORIENTED_EDGE('',*,*,#614,.F.) ;
#624=ORIENTED_EDGE('',*,*,#619,.T.) ;
#653=ORIENTED_EDGE('',*,*,#639,.T.) ;
#654=ORIENTED_EDGE('',*,*,#619,.F.) ;
#655=ORIENTED_EDGE('',*,*,#646,.F.) ;
#656=ORIENTED_EDGE('',*,*,#651,.T.) ;
#685=ORIENTED_EDGE('',*,*,#671,.T.) ;
#686=ORIENTED_EDGE('',*,*,#651,.F.) ;
#687=ORIENTED_EDGE('',*,*,#678,.F.) ;
#688=ORIENTED_EDGE('',*,*,#683,.T.) ;
#717=ORIENTED_EDGE('',*,*,#703,.T.) ;
#718=ORIENTED_EDGE('',*,*,#683,.F.) ;
#719=ORIENTED_EDGE('',*,*,#710,.F.) ;
#720=ORIENTED_EDGE('',*,*,#715,.T.) ;
#740=ORIENTED_EDGE('',*,*,#715,.F.) ;
#741=ORIENTED_EDGE('',*,*,#733,.T.) ;
#742=ORIENTED_EDGE('',*,*,#164,.T.) ;
#743=ORIENTED_EDGE('',*,*,#738,.F.) ;
#781=ORIENTED_EDGE('',*,*,#760,.T.) ;
#782=ORIENTED_EDGE('',*,*,#767,.F.) ;
#783=ORIENTED_EDGE('',*,*,#774,.F.) ;
#784=ORIENTED_EDGE('',*,*,#779,.T.) ;
#804=ORIENTED_EDGE('',*,*,#797,.T.) ;
#805=ORIENTED_EDGE('',*,*,#779,.F.) ;
#806=ORIENTED_EDGE('',*,*,#802,.F.) ;
#807=ORIENTED_EDGE('',*,*,#767,.T.) ;
#845=ORIENTED_EDGE('',*,*,#824,.T.) ;
#846=ORIENTED_EDGE('',*,*,#831,.T.) ;
#847=ORIENTED_EDGE('',*,*,#838,.F.) ;
#848=ORIENTED_EDGE('',*,*,#843,.T.) ;
#877=ORIENTED_EDGE('',*,*,#843,.F.) ;
#878=ORIENTED_EDGE('',*,*,#863,.F.) ;
#879=ORIENTED_EDGE('',*,*,#870,.T.) ;
#880=ORIENTED_EDGE('',*,*,#875,.F.) ;
#909=ORIENTED_EDGE('',*,*,#895,.T.) ;
#910=ORIENTED_EDGE('',*,*,#831,.F.) ;
#911=ORIENTED_EDGE('',*,*,#902,.F.) ;
#912=ORIENTED_EDGE('',*,*,#907,.T.) ;
#941=ORIENTED_EDGE('',*,*,#929,.F.) ;
#942=ORIENTED_EDGE('',*,*,#934,.T.) ;
#943=ORIENTED_EDGE('',*,*,#907,.F.) ;
#944=ORIENTED_EDGE('',*,*,#939,.F.) ;
#973=ORIENTED_EDGE('',*,*,#961,.F.) ;
#974=ORIENTED_EDGE('',*,*,#966,.F.) ;
#975=ORIENTED_EDGE('',*,*,#929,.T.) ;
#976=ORIENTED_EDGE('',*,*,#971,.F.) ;
#1005=ORIENTED_EDGE('',*,*,#995,.T.) ;
#1006=ORIENTED_EDGE('',*,*,#870,.F.) ;
#1007=ORIENTED_EDGE('',*,*,#1003,.F.) ;
#1008=ORIENTED_EDGE('',*,*,#961,.T.) ;
#1046=ORIENTED_EDGE('',*,*,#1025,.T.) ;
#1047=ORIENTED_EDGE('',*,*,#1032,.F.) ;
#1048=ORIENTED_EDGE('',*,*,#1039,.F.) ;
#1049=ORIENTED_EDGE('',*,*,#1044,.T.) ;
#1069=ORIENTED_EDGE('',*,*,#1062,.T.) ;
#1070=ORIENTED_EDGE('',*,*,#1044,.F.) ;
#1071=ORIENTED_EDGE('',*,*,#1067,.F.) ;
#1072=ORIENTED_EDGE('',*,*,#1032,.T.) ;
#1082=ORIENTED_EDGE('',*,*,#294,.F.) ;
#1083=ORIENTED_EDGE('',*,*,#262,.F.) ;
#1084=ORIENTED_EDGE('',*,*,#203,.F.) ;
#1085=ORIENTED_EDGE('',*,*,#169,.T.) ;
#1086=ORIENTED_EDGE('',*,*,#733,.F.) ;
#1087=ORIENTED_EDGE('',*,*,#710,.T.) ;
#1088=ORIENTED_EDGE('',*,*,#678,.T.) ;
#1089=ORIENTED_EDGE('',*,*,#646,.T.) ;
#1090=ORIENTED_EDGE('',*,*,#614,.T.) ;
#1091=ORIENTED_EDGE('',*,*,#575,.F.) ;
#1092=ORIENTED_EDGE('',*,*,#550,.T.) ;
#1093=ORIENTED_EDGE('',*,*,#511,.F.) ;
#1094=ORIENTED_EDGE('',*,*,#486,.T.) ;
#1095=ORIENTED_EDGE('',*,*,#447,.F.) ;
#1096=ORIENTED_EDGE('',*,*,#422,.T.) ;
#1097=ORIENTED_EDGE('',*,*,#383,.F.) ;
#1098=ORIENTED_EDGE('',*,*,#351,.F.) ;
#1099=ORIENTED_EDGE('',*,*,#319,.F.) ;
#1102=ORIENTED_EDGE('',*,*,#939,.T.) ;
#1103=ORIENTED_EDGE('',*,*,#902,.T.) ;
#1104=ORIENTED_EDGE('',*,*,#824,.F.) ;
#1105=ORIENTED_EDGE('',*,*,#875,.T.) ;
#1106=ORIENTED_EDGE('',*,*,#995,.F.) ;
#1107=ORIENTED_EDGE('',*,*,#971,.T.) ;
#1110=ORIENTED_EDGE('',*,*,#802,.T.) ;
#1111=ORIENTED_EDGE('',*,*,#774,.T.) ;
#1114=ORIENTED_EDGE('',*,*,#1067,.T.) ;
#1115=ORIENTED_EDGE('',*,*,#1039,.T.) ;
#1125=ORIENTED_EDGE('',*,*,#331,.T.) ;
#1126=ORIENTED_EDGE('',*,*,#363,.T.) ;
#1127=ORIENTED_EDGE('',*,*,#395,.T.) ;
#1128=ORIENTED_EDGE('',*,*,#415,.F.) ;
#1129=ORIENTED_EDGE('',*,*,#459,.T.) ;
#1130=ORIENTED_EDGE('',*,*,#479,.F.) ;
#1131=ORIENTED_EDGE('',*,*,#523,.T.) ;
#1132=ORIENTED_EDGE('',*,*,#543,.F.) ;
#1133=ORIENTED_EDGE('',*,*,#587,.T.) ;
#1134=ORIENTED_EDGE('',*,*,#607,.F.) ;
#1135=ORIENTED_EDGE('',*,*,#639,.F.) ;
#1136=ORIENTED_EDGE('',*,*,#671,.F.) ;
#1137=ORIENTED_EDGE('',*,*,#703,.F.) ;
#1138=ORIENTED_EDGE('',*,*,#738,.T.) ;
#1139=ORIENTED_EDGE('',*,*,#157,.F.) ;
#1140=ORIENTED_EDGE('',*,*,#196,.F.) ;
#1141=ORIENTED_EDGE('',*,*,#243,.T.) ;
#1142=ORIENTED_EDGE('',*,*,#287,.F.) ;
#1145=ORIENTED_EDGE('',*,*,#966,.T.) ;
#1146=ORIENTED_EDGE('',*,*,#1003,.T.) ;
#1147=ORIENTED_EDGE('',*,*,#863,.T.) ;
#1148=ORIENTED_EDGE('',*,*,#838,.T.) ;
#1149=ORIENTED_EDGE('',*,*,#895,.F.) ;
#1150=ORIENTED_EDGE('',*,*,#934,.F.) ;
#1153=ORIENTED_EDGE('',*,*,#760,.F.) ;
#1154=ORIENTED_EDGE('',*,*,#797,.F.) ;
#1157=ORIENTED_EDGE('',*,*,#1025,.F.) ;
#1158=ORIENTED_EDGE('',*,*,#1062,.F.) ;
#1237=ORIENTED_EDGE('',*,*,#1174,.T.) ;
#1238=ORIENTED_EDGE('',*,*,#1181,.F.) ;
#1239=ORIENTED_EDGE('',*,*,#1188,.T.) ;
#1240=ORIENTED_EDGE('',*,*,#1195,.F.) ;
#1241=ORIENTED_EDGE('',*,*,#1202,.T.) ;
#1242=ORIENTED_EDGE('',*,*,#1209,.F.) ;
#1243=ORIENTED_EDGE('',*,*,#1216,.F.) ;
#1244=ORIENTED_EDGE('',*,*,#1223,.F.) ;
#1245=ORIENTED_EDGE('',*,*,#1230,.T.) ;
#1246=ORIENTED_EDGE('',*,*,#1235,.F.) ;
#1263=ORIENTED_EDGE('',*,*,#1256,.F.) ;
#1264=ORIENTED_EDGE('',*,*,#1261,.F.) ;
#1281=ORIENTED_EDGE('',*,*,#1274,.F.) ;
#1282=ORIENTED_EDGE('',*,*,#1279,.F.) ;
#1318=ORIENTED_EDGE('',*,*,#1304,.F.) ;
#1319=ORIENTED_EDGE('',*,*,#1188,.F.) ;
#1320=ORIENTED_EDGE('',*,*,#1311,.T.) ;
#1321=ORIENTED_EDGE('',*,*,#1316,.T.) ;
#1350=ORIENTED_EDGE('',*,*,#1336,.T.) ;
#1351=ORIENTED_EDGE('',*,*,#1343,.T.) ;
#1352=ORIENTED_EDGE('',*,*,#1348,.F.) ;
#1353=ORIENTED_EDGE('',*,*,#1316,.F.) ;
#1382=ORIENTED_EDGE('',*,*,#1368,.F.) ;
#1383=ORIENTED_EDGE('',*,*,#1202,.F.) ;
#1384=ORIENTED_EDGE('',*,*,#1375,.T.) ;
#1385=ORIENTED_EDGE('',*,*,#1380,.T.) ;
#1414=ORIENTED_EDGE('',*,*,#1400,.T.) ;
#1415=ORIENTED_EDGE('',*,*,#1407,.T.) ;
#1416=ORIENTED_EDGE('',*,*,#1412,.F.) ;
#1417=ORIENTED_EDGE('',*,*,#1380,.F.) ;
#1446=ORIENTED_EDGE('',*,*,#1432,.F.) ;
#1447=ORIENTED_EDGE('',*,*,#1230,.F.) ;
#1448=ORIENTED_EDGE('',*,*,#1439,.T.) ;
#1449=ORIENTED_EDGE('',*,*,#1444,.T.) ;
#1478=ORIENTED_EDGE('',*,*,#1464,.T.) ;
#1479=ORIENTED_EDGE('',*,*,#1471,.T.) ;
#1480=ORIENTED_EDGE('',*,*,#1476,.F.) ;
#1481=ORIENTED_EDGE('',*,*,#1444,.F.) ;
#1521=ORIENTED_EDGE('',*,*,#1496,.F.) ;
#1522=ORIENTED_EDGE('',*,*,#1235,.T.) ;
#1523=ORIENTED_EDGE('',*,*,#1432,.T.) ;
#1524=ORIENTED_EDGE('',*,*,#1504,.T.) ;
#1525=ORIENTED_EDGE('',*,*,#1513,.T.) ;
#1526=ORIENTED_EDGE('',*,*,#1519,.T.) ;
#1578=ORIENTED_EDGE('',*,*,#1559,.T.) ;
#1579=ORIENTED_EDGE('',*,*,#1569,.T.) ;
#1580=ORIENTED_EDGE('',*,*,#1576,.F.) ;
#1581=ORIENTED_EDGE('',*,*,#1519,.F.) ;
#1632=ORIENTED_EDGE('',*,*,#1619,.T.) ;
#1633=ORIENTED_EDGE('',*,*,#1630,.T.) ;
#1634=ORIENTED_EDGE('',*,*,#1559,.F.) ;
#1635=ORIENTED_EDGE('',*,*,#1513,.F.) ;
#1669=ORIENTED_EDGE('',*,*,#1476,.T.) ;
#1670=ORIENTED_EDGE('',*,*,#1667,.T.) ;
#1671=ORIENTED_EDGE('',*,*,#1619,.F.) ;
#1672=ORIENTED_EDGE('',*,*,#1504,.F.) ;
#1712=ORIENTED_EDGE('',*,*,#1439,.F.) ;
#1713=ORIENTED_EDGE('',*,*,#1223,.T.) ;
#1714=ORIENTED_EDGE('',*,*,#1687,.T.) ;
#1715=ORIENTED_EDGE('',*,*,#1695,.T.) ;
#1716=ORIENTED_EDGE('',*,*,#1704,.T.) ;
#1717=ORIENTED_EDGE('',*,*,#1710,.T.) ;
#1769=ORIENTED_EDGE('',*,*,#1750,.T.) ;
#1770=ORIENTED_EDGE('',*,*,#1760,.T.) ;
#1771=ORIENTED_EDGE('',*,*,#1767,.F.) ;
#1772=ORIENTED_EDGE('',*,*,#1695,.F.) ;
#1823=ORIENTED_EDGE('',*,*,#1767,.T.) ;
#1824=ORIENTED_EDGE('',*,*,#1814,.T.) ;
#1825=ORIENTED_EDGE('',*,*,#1821,.F.) ;
#1826=ORIENTED_EDGE('',*,*,#1704,.F.) ;
#1863=ORIENTED_EDGE('',*,*,#1821,.T.) ;
#1864=ORIENTED_EDGE('',*,*,#1861,.T.) ;
#1865=ORIENTED_EDGE('',*,*,#1464,.F.) ;
#1866=ORIENTED_EDGE('',*,*,#1710,.F.) ;
#1888=ORIENTED_EDGE('',*,*,#1881,.T.) ;
#1889=ORIENTED_EDGE('',*,*,#1886,.F.) ;
#1890=ORIENTED_EDGE('',*,*,#1174,.F.) ;
#1891=ORIENTED_EDGE('',*,*,#1496,.T.) ;
#1913=ORIENTED_EDGE('',*,*,#1576,.T.) ;
#1914=ORIENTED_EDGE('',*,*,#1906,.T.) ;
#1915=ORIENTED_EDGE('',*,*,#1911,.F.) ;
#1916=ORIENTED_EDGE('',*,*,#1881,.F.) ;
#1931=ORIENTED_EDGE('',*,*,#1929,.T.) ;
#1932=ORIENTED_EDGE('',*,*,#1311,.F.) ;
#1933=ORIENTED_EDGE('',*,*,#1181,.T.) ;
#1934=ORIENTED_EDGE('',*,*,#1886,.T.) ;
#1949=ORIENTED_EDGE('',*,*,#1911,.T.) ;
#1950=ORIENTED_EDGE('',*,*,#1947,.T.) ;
#1951=ORIENTED_EDGE('',*,*,#1336,.F.) ;
#1952=ORIENTED_EDGE('',*,*,#1929,.F.) ;
#1974=ORIENTED_EDGE('',*,*,#1687,.F.) ;
#1975=ORIENTED_EDGE('',*,*,#1216,.T.) ;
#1976=ORIENTED_EDGE('',*,*,#1967,.T.) ;
#1977=ORIENTED_EDGE('',*,*,#1972,.T.) ;
#1999=ORIENTED_EDGE('',*,*,#1992,.T.) ;
#2000=ORIENTED_EDGE('',*,*,#1997,.T.) ;
#2001=ORIENTED_EDGE('',*,*,#1750,.F.) ;
#2002=ORIENTED_EDGE('',*,*,#1972,.F.) ;
#2017=ORIENTED_EDGE('',*,*,#2015,.T.) ;
#2018=ORIENTED_EDGE('',*,*,#1967,.F.) ;
#2019=ORIENTED_EDGE('',*,*,#1209,.T.) ;
#2020=ORIENTED_EDGE('',*,*,#1368,.T.) ;
#2035=ORIENTED_EDGE('',*,*,#1412,.T.) ;
#2036=ORIENTED_EDGE('',*,*,#2033,.T.) ;
#2037=ORIENTED_EDGE('',*,*,#1992,.F.) ;
#2038=ORIENTED_EDGE('',*,*,#2015,.F.) ;
#2053=ORIENTED_EDGE('',*,*,#1375,.F.) ;
#2054=ORIENTED_EDGE('',*,*,#1195,.T.) ;
#2055=ORIENTED_EDGE('',*,*,#1304,.T.) ;
#2056=ORIENTED_EDGE('',*,*,#2051,.T.) ;
#2071=ORIENTED_EDGE('',*,*,#1348,.T.) ;
#2072=ORIENTED_EDGE('',*,*,#2069,.T.) ;
#2073=ORIENTED_EDGE('',*,*,#1400,.F.) ;
#2074=ORIENTED_EDGE('',*,*,#2051,.F.) ;
#2105=ORIENTED_EDGE('',*,*,#2089,.T.) ;
#2106=ORIENTED_EDGE('',*,*,#2098,.F.) ;
#2107=ORIENTED_EDGE('',*,*,#2103,.F.) ;
#2108=ORIENTED_EDGE('',*,*,#2033,.F.) ;
#2137=ORIENTED_EDGE('',*,*,#2123,.T.) ;
#2138=ORIENTED_EDGE('',*,*,#2098,.T.) ;
#2139=ORIENTED_EDGE('',*,*,#2130,.F.) ;
#2140=ORIENTED_EDGE('',*,*,#2135,.F.) ;
#2162=ORIENTED_EDGE('',*,*,#2155,.T.) ;
#2163=ORIENTED_EDGE('',*,*,#2160,.F.) ;
#2164=ORIENTED_EDGE('',*,*,#2089,.F.) ;
#2165=ORIENTED_EDGE('',*,*,#1407,.F.) ;
#2187=ORIENTED_EDGE('',*,*,#2130,.T.) ;
#2188=ORIENTED_EDGE('',*,*,#2160,.T.) ;
#2189=ORIENTED_EDGE('',*,*,#2180,.F.) ;
#2190=ORIENTED_EDGE('',*,*,#2185,.F.) ;
#2212=ORIENTED_EDGE('',*,*,#2069,.F.) ;
#2213=ORIENTED_EDGE('',*,*,#2205,.T.) ;
#2214=ORIENTED_EDGE('',*,*,#2210,.F.) ;
#2215=ORIENTED_EDGE('',*,*,#2155,.F.) ;
#2237=ORIENTED_EDGE('',*,*,#2180,.T.) ;
#2238=ORIENTED_EDGE('',*,*,#2210,.T.) ;
#2239=ORIENTED_EDGE('',*,*,#2230,.F.) ;
#2240=ORIENTED_EDGE('',*,*,#2235,.F.) ;
#2262=ORIENTED_EDGE('',*,*,#2255,.T.) ;
#2263=ORIENTED_EDGE('',*,*,#2260,.F.) ;
#2264=ORIENTED_EDGE('',*,*,#2205,.F.) ;
#2265=ORIENTED_EDGE('',*,*,#1343,.F.) ;
#2287=ORIENTED_EDGE('',*,*,#2230,.T.) ;
#2288=ORIENTED_EDGE('',*,*,#2260,.T.) ;
#2289=ORIENTED_EDGE('',*,*,#2280,.F.) ;
#2290=ORIENTED_EDGE('',*,*,#2285,.F.) ;
#2312=ORIENTED_EDGE('',*,*,#2305,.T.) ;
#2313=ORIENTED_EDGE('',*,*,#2310,.F.) ;
#2314=ORIENTED_EDGE('',*,*,#2255,.F.) ;
#2315=ORIENTED_EDGE('',*,*,#1947,.F.) ;
#2337=ORIENTED_EDGE('',*,*,#2280,.T.) ;
#2338=ORIENTED_EDGE('',*,*,#2310,.T.) ;
#2339=ORIENTED_EDGE('',*,*,#2330,.F.) ;
#2340=ORIENTED_EDGE('',*,*,#2335,.F.) ;
#2444=ORIENTED_EDGE('',*,*,#2357,.T.) ;
#2445=ORIENTED_EDGE('',*,*,#2376,.F.) ;
#2446=ORIENTED_EDGE('',*,*,#2383,.T.) ;
#2447=ORIENTED_EDGE('',*,*,#2390,.T.) ;
#2448=ORIENTED_EDGE('',*,*,#2397,.T.) ;
#2449=ORIENTED_EDGE('',*,*,#2404,.T.) ;
#2450=ORIENTED_EDGE('',*,*,#2411,.T.) ;
#2451=ORIENTED_EDGE('',*,*,#2418,.T.) ;
#2452=ORIENTED_EDGE('',*,*,#2425,.T.) ;
#2453=ORIENTED_EDGE('',*,*,#2442,.F.) ;
#2477=ORIENTED_EDGE('',*,*,#1760,.F.) ;
#2478=ORIENTED_EDGE('',*,*,#1997,.F.) ;
#2479=ORIENTED_EDGE('',*,*,#2103,.T.) ;
#2480=ORIENTED_EDGE('',*,*,#2468,.F.) ;
#2481=ORIENTED_EDGE('',*,*,#2475,.T.) ;
#2503=ORIENTED_EDGE('',*,*,#2496,.T.) ;
#2504=ORIENTED_EDGE('',*,*,#2468,.T.) ;
#2505=ORIENTED_EDGE('',*,*,#2123,.F.) ;
#2506=ORIENTED_EDGE('',*,*,#2501,.F.) ;
#2586=ORIENTED_EDGE('',*,*,#2475,.F.) ;
#2587=ORIENTED_EDGE('',*,*,#2548,.F.) ;
#2588=ORIENTED_EDGE('',*,*,#2573,.F.) ;
#2589=ORIENTED_EDGE('',*,*,#2584,.T.) ;
#2590=ORIENTED_EDGE('',*,*,#1814,.F.) ;
#2699=ORIENTED_EDGE('',*,*,#2573,.T.) ;
#2700=ORIENTED_EDGE('',*,*,#2674,.F.) ;
#2701=ORIENTED_EDGE('',*,*,#2697,.F.) ;
#2731=ORIENTED_EDGE('',*,*,#2674,.T.) ;
#2732=ORIENTED_EDGE('',*,*,#2548,.T.) ;
#2733=ORIENTED_EDGE('',*,*,#2496,.F.) ;
#2734=ORIENTED_EDGE('',*,*,#2729,.F.) ;
#2758=ORIENTED_EDGE('',*,*,#2751,.T.) ;
#2759=ORIENTED_EDGE('',*,*,#2756,.F.) ;
#2760=ORIENTED_EDGE('',*,*,#2305,.F.) ;
#2761=ORIENTED_EDGE('',*,*,#1906,.F.) ;
#2762=ORIENTED_EDGE('',*,*,#1569,.F.) ;
#2784=ORIENTED_EDGE('',*,*,#2330,.T.) ;
#2785=ORIENTED_EDGE('',*,*,#2756,.T.) ;
#2786=ORIENTED_EDGE('',*,*,#2777,.F.) ;
#2787=ORIENTED_EDGE('',*,*,#2782,.F.) ;
#2864=ORIENTED_EDGE('',*,*,#1630,.F.) ;
#2865=ORIENTED_EDGE('',*,*,#2834,.T.) ;
#2866=ORIENTED_EDGE('',*,*,#2856,.F.) ;
#2867=ORIENTED_EDGE('',*,*,#2862,.F.) ;
#2868=ORIENTED_EDGE('',*,*,#2751,.F.) ;
#2974=ORIENTED_EDGE('',*,*,#2952,.T.) ;
#2975=ORIENTED_EDGE('',*,*,#2856,.T.) ;
#2976=ORIENTED_EDGE('',*,*,#2972,.F.) ;
#3006=ORIENTED_EDGE('',*,*,#2777,.T.) ;
#3007=ORIENTED_EDGE('',*,*,#2862,.T.) ;
#3008=ORIENTED_EDGE('',*,*,#2952,.F.) ;
#3009=ORIENTED_EDGE('',*,*,#3004,.F.) ;
#3031=ORIENTED_EDGE('',*,*,#2584,.F.) ;
#3032=ORIENTED_EDGE('',*,*,#3023,.F.) ;
#3033=ORIENTED_EDGE('',*,*,#2357,.F.) ;
#3034=ORIENTED_EDGE('',*,*,#3029,.F.) ;
#3035=ORIENTED_EDGE('',*,*,#2834,.F.) ;
#3036=ORIENTED_EDGE('',*,*,#1667,.F.) ;
#3037=ORIENTED_EDGE('',*,*,#1471,.F.) ;
#3038=ORIENTED_EDGE('',*,*,#1861,.F.) ;
#3072=ORIENTED_EDGE('',*,*,#3029,.T.) ;
#3073=ORIENTED_EDGE('',*,*,#2442,.T.) ;
#3074=ORIENTED_EDGE('',*,*,#3070,.F.) ;
#3075=ORIENTED_EDGE('',*,*,#2972,.T.) ;
#3109=ORIENTED_EDGE('',*,*,#2697,.T.) ;
#3110=ORIENTED_EDGE('',*,*,#3107,.F.) ;
#3111=ORIENTED_EDGE('',*,*,#2376,.T.) ;
#3112=ORIENTED_EDGE('',*,*,#3023,.T.) ;
#3132=ORIENTED_EDGE('',*,*,#2135,.T.) ;
#3133=ORIENTED_EDGE('',*,*,#3125,.F.) ;
#3134=ORIENTED_EDGE('',*,*,#2390,.F.) ;
#3135=ORIENTED_EDGE('',*,*,#3130,.T.) ;
#3150=ORIENTED_EDGE('',*,*,#2185,.T.) ;
#3151=ORIENTED_EDGE('',*,*,#3148,.F.) ;
#3152=ORIENTED_EDGE('',*,*,#2397,.F.) ;
#3153=ORIENTED_EDGE('',*,*,#3125,.T.) ;
#3168=ORIENTED_EDGE('',*,*,#3166,.F.) ;
#3169=ORIENTED_EDGE('',*,*,#2404,.F.) ;
#3170=ORIENTED_EDGE('',*,*,#3148,.T.) ;
#3171=ORIENTED_EDGE('',*,*,#2235,.T.) ;
#3186=ORIENTED_EDGE('',*,*,#2285,.T.) ;
#3187=ORIENTED_EDGE('',*,*,#3184,.F.) ;
#3188=ORIENTED_EDGE('',*,*,#2411,.F.) ;
#3189=ORIENTED_EDGE('',*,*,#3166,.T.) ;
#3204=ORIENTED_EDGE('',*,*,#2335,.T.) ;
#3205=ORIENTED_EDGE('',*,*,#3202,.F.) ;
#3206=ORIENTED_EDGE('',*,*,#2418,.F.) ;
#3207=ORIENTED_EDGE('',*,*,#3184,.T.) ;
#3217=ORIENTED_EDGE('',*,*,#2782,.T.) ;
#3218=ORIENTED_EDGE('',*,*,#3004,.T.) ;
#3219=ORIENTED_EDGE('',*,*,#3070,.T.) ;
#3220=ORIENTED_EDGE('',*,*,#2425,.F.) ;
#3221=ORIENTED_EDGE('',*,*,#3202,.T.) ;
#3231=ORIENTED_EDGE('',*,*,#3130,.F.) ;
#3232=ORIENTED_EDGE('',*,*,#2383,.F.) ;
#3233=ORIENTED_EDGE('',*,*,#3107,.T.) ;
#3234=ORIENTED_EDGE('',*,*,#2729,.T.) ;
#3235=ORIENTED_EDGE('',*,*,#2501,.T.) ;
#3264=ORIENTED_EDGE('',*,*,#3250,.F.) ;
#3265=ORIENTED_EDGE('',*,*,#3257,.T.) ;
#3266=ORIENTED_EDGE('',*,*,#3262,.T.) ;
#3267=ORIENTED_EDGE('',*,*,#1261,.T.) ;
#3282=ORIENTED_EDGE('',*,*,#3262,.F.) ;
#3283=ORIENTED_EDGE('',*,*,#3280,.T.) ;
#3284=ORIENTED_EDGE('',*,*,#3250,.T.) ;
#3285=ORIENTED_EDGE('',*,*,#1256,.T.) ;
#3309=ORIENTED_EDGE('',*,*,#3302,.T.) ;
#3310=ORIENTED_EDGE('',*,*,#3307,.T.) ;
#3330=ORIENTED_EDGE('',*,*,#3302,.F.) ;
#3331=ORIENTED_EDGE('',*,*,#3323,.F.) ;
#3332=ORIENTED_EDGE('',*,*,#3280,.F.) ;
#3333=ORIENTED_EDGE('',*,*,#3328,.T.) ;
#3343=ORIENTED_EDGE('',*,*,#3307,.F.) ;
#3344=ORIENTED_EDGE('',*,*,#3328,.F.) ;
#3345=ORIENTED_EDGE('',*,*,#3257,.F.) ;
#3346=ORIENTED_EDGE('',*,*,#3323,.T.) ;
#3375=ORIENTED_EDGE('',*,*,#3361,.F.) ;
#3376=ORIENTED_EDGE('',*,*,#3368,.T.) ;
#3377=ORIENTED_EDGE('',*,*,#3373,.T.) ;
#3378=ORIENTED_EDGE('',*,*,#1279,.T.) ;
#3393=ORIENTED_EDGE('',*,*,#3373,.F.) ;
#3394=ORIENTED_EDGE('',*,*,#3391,.T.) ;
#3395=ORIENTED_EDGE('',*,*,#3361,.T.) ;
#3396=ORIENTED_EDGE('',*,*,#1274,.T.) ;
#3420=ORIENTED_EDGE('',*,*,#3413,.T.) ;
#3421=ORIENTED_EDGE('',*,*,#3418,.T.) ;
#3441=ORIENTED_EDGE('',*,*,#3413,.F.) ;
#3442=ORIENTED_EDGE('',*,*,#3434,.F.) ;
#3443=ORIENTED_EDGE('',*,*,#3391,.F.) ;
#3444=ORIENTED_EDGE('',*,*,#3439,.T.) ;
#3454=ORIENTED_EDGE('',*,*,#3418,.F.) ;
#3455=ORIENTED_EDGE('',*,*,#3439,.F.) ;
#3456=ORIENTED_EDGE('',*,*,#3368,.F.) ;
#3457=ORIENTED_EDGE('',*,*,#3434,.T.) ;
#3541=ORIENTED_EDGE('',*,*,#3478,.T.) ;
#3542=ORIENTED_EDGE('',*,*,#3485,.F.) ;
#3543=ORIENTED_EDGE('',*,*,#3492,.T.) ;
#3544=ORIENTED_EDGE('',*,*,#3499,.T.) ;
#3545=ORIENTED_EDGE('',*,*,#3506,.T.) ;
#3546=ORIENTED_EDGE('',*,*,#3513,.F.) ;
#3547=ORIENTED_EDGE('',*,*,#3520,.T.) ;
#3548=ORIENTED_EDGE('',*,*,#3527,.F.) ;
#3549=ORIENTED_EDGE('',*,*,#3534,.T.) ;
#3550=ORIENTED_EDGE('',*,*,#3539,.F.) ;
#3567=ORIENTED_EDGE('',*,*,#3560,.T.) ;
#3568=ORIENTED_EDGE('',*,*,#3565,.T.) ;
#3585=ORIENTED_EDGE('',*,*,#3578,.T.) ;
#3586=ORIENTED_EDGE('',*,*,#3583,.T.) ;
#3610=ORIENTED_EDGE('',*,*,#3598,.F.) ;
#3611=ORIENTED_EDGE('',*,*,#3603,.F.) ;
#3612=ORIENTED_EDGE('',*,*,#3527,.T.) ;
#3613=ORIENTED_EDGE('',*,*,#3608,.T.) ;
#3642=ORIENTED_EDGE('',*,*,#3598,.T.) ;
#3643=ORIENTED_EDGE('',*,*,#3628,.T.) ;
#3644=ORIENTED_EDGE('',*,*,#3635,.F.) ;
#3645=ORIENTED_EDGE('',*,*,#3640,.F.) ;
#3669=ORIENTED_EDGE('',*,*,#3657,.F.) ;
#3670=ORIENTED_EDGE('',*,*,#3662,.F.) ;
#3671=ORIENTED_EDGE('',*,*,#3513,.T.) ;
#3672=ORIENTED_EDGE('',*,*,#3667,.T.) ;
#3701=ORIENTED_EDGE('',*,*,#3657,.T.) ;
#3702=ORIENTED_EDGE('',*,*,#3687,.T.) ;
#3703=ORIENTED_EDGE('',*,*,#3694,.F.) ;
#3704=ORIENTED_EDGE('',*,*,#3699,.F.) ;
#3728=ORIENTED_EDGE('',*,*,#3716,.F.) ;
#3729=ORIENTED_EDGE('',*,*,#3721,.F.) ;
#3730=ORIENTED_EDGE('',*,*,#3485,.T.) ;
#3731=ORIENTED_EDGE('',*,*,#3726,.T.) ;
#3760=ORIENTED_EDGE('',*,*,#3716,.T.) ;
#3761=ORIENTED_EDGE('',*,*,#3746,.T.) ;
#3762=ORIENTED_EDGE('',*,*,#3753,.F.) ;
#3763=ORIENTED_EDGE('',*,*,#3758,.F.) ;
#3798=ORIENTED_EDGE('',*,*,#3776,.F.) ;
#3799=ORIENTED_EDGE('',*,*,#3785,.F.) ;
#3800=ORIENTED_EDGE('',*,*,#3791,.F.) ;
#3801=ORIENTED_EDGE('',*,*,#3726,.F.) ;
#3802=ORIENTED_EDGE('',*,*,#3478,.F.) ;
#3803=ORIENTED_EDGE('',*,*,#3796,.T.) ;
#3855=ORIENTED_EDGE('',*,*,#3776,.T.) ;
#3856=ORIENTED_EDGE('',*,*,#3836,.T.) ;
#3857=ORIENTED_EDGE('',*,*,#3846,.F.) ;
#3858=ORIENTED_EDGE('',*,*,#3853,.F.) ;
#3909=ORIENTED_EDGE('',*,*,#3785,.T.) ;
#3910=ORIENTED_EDGE('',*,*,#3853,.T.) ;
#3911=ORIENTED_EDGE('',*,*,#3900,.F.) ;
#3912=ORIENTED_EDGE('',*,*,#3907,.F.) ;
#3946=ORIENTED_EDGE('',*,*,#3791,.T.) ;
#3947=ORIENTED_EDGE('',*,*,#3907,.T.) ;
#3948=ORIENTED_EDGE('',*,*,#3944,.F.) ;
#3949=ORIENTED_EDGE('',*,*,#3746,.F.) ;
#3989=ORIENTED_EDGE('',*,*,#3965,.F.) ;
#3990=ORIENTED_EDGE('',*,*,#3974,.F.) ;
#3991=ORIENTED_EDGE('',*,*,#3982,.F.) ;
#3992=ORIENTED_EDGE('',*,*,#3987,.F.) ;
#3993=ORIENTED_EDGE('',*,*,#3492,.F.) ;
#3994=ORIENTED_EDGE('',*,*,#3721,.T.) ;
#4046=ORIENTED_EDGE('',*,*,#3982,.T.) ;
#4047=ORIENTED_EDGE('',*,*,#4027,.T.) ;
#4048=ORIENTED_EDGE('',*,*,#4037,.F.) ;
#4049=ORIENTED_EDGE('',*,*,#4044,.F.) ;
#4100=ORIENTED_EDGE('',*,*,#3974,.T.) ;
#4101=ORIENTED_EDGE('',*,*,#4087,.T.) ;
#4102=ORIENTED_EDGE('',*,*,#4098,.F.) ;
#4103=ORIENTED_EDGE('',*,*,#4027,.F.) ;
#4140=ORIENTED_EDGE('',*,*,#3965,.T.) ;
#4141=ORIENTED_EDGE('',*,*,#3758,.T.) ;
#4142=ORIENTED_EDGE('',*,*,#4138,.F.) ;
#4143=ORIENTED_EDGE('',*,*,#4087,.F.) ;
#4160=ORIENTED_EDGE('',*,*,#3796,.F.) ;
#4161=ORIENTED_EDGE('',*,*,#3539,.T.) ;
#4162=ORIENTED_EDGE('',*,*,#4153,.T.) ;
#4163=ORIENTED_EDGE('',*,*,#4158,.F.) ;
#4185=ORIENTED_EDGE('',*,*,#4158,.T.) ;
#4186=ORIENTED_EDGE('',*,*,#4178,.T.) ;
#4187=ORIENTED_EDGE('',*,*,#4183,.F.) ;
#4188=ORIENTED_EDGE('',*,*,#3836,.F.) ;
#4198=ORIENTED_EDGE('',*,*,#4153,.F.) ;
#4199=ORIENTED_EDGE('',*,*,#3534,.F.) ;
#4200=ORIENTED_EDGE('',*,*,#3603,.T.) ;
#4201=ORIENTED_EDGE('',*,*,#4196,.F.) ;
#4216=ORIENTED_EDGE('',*,*,#4196,.T.) ;
#4217=ORIENTED_EDGE('',*,*,#3640,.T.) ;
#4218=ORIENTED_EDGE('',*,*,#4214,.F.) ;
#4219=ORIENTED_EDGE('',*,*,#4178,.F.) ;
#4236=ORIENTED_EDGE('',*,*,#4229,.F.) ;
#4237=ORIENTED_EDGE('',*,*,#4234,.F.) ;
#4238=ORIENTED_EDGE('',*,*,#3499,.F.) ;
#4239=ORIENTED_EDGE('',*,*,#3987,.T.) ;
#4261=ORIENTED_EDGE('',*,*,#4229,.T.) ;
#4262=ORIENTED_EDGE('',*,*,#4044,.T.) ;
#4263=ORIENTED_EDGE('',*,*,#4254,.F.) ;
#4264=ORIENTED_EDGE('',*,*,#4259,.F.) ;
#4274=ORIENTED_EDGE('',*,*,#3667,.F.) ;
#4275=ORIENTED_EDGE('',*,*,#3506,.F.) ;
#4276=ORIENTED_EDGE('',*,*,#4234,.T.) ;
#4277=ORIENTED_EDGE('',*,*,#4272,.F.) ;
#4292=ORIENTED_EDGE('',*,*,#4272,.T.) ;
#4293=ORIENTED_EDGE('',*,*,#4259,.T.) ;
#4294=ORIENTED_EDGE('',*,*,#4290,.F.) ;
#4295=ORIENTED_EDGE('',*,*,#3687,.F.) ;
#4305=ORIENTED_EDGE('',*,*,#4303,.F.) ;
#4306=ORIENTED_EDGE('',*,*,#3608,.F.) ;
#4307=ORIENTED_EDGE('',*,*,#3520,.F.) ;
#4308=ORIENTED_EDGE('',*,*,#3662,.T.) ;
#4323=ORIENTED_EDGE('',*,*,#4303,.T.) ;
#4324=ORIENTED_EDGE('',*,*,#3699,.T.) ;
#4325=ORIENTED_EDGE('',*,*,#4321,.F.) ;
#4326=ORIENTED_EDGE('',*,*,#3628,.F.) ;
#4357=ORIENTED_EDGE('',*,*,#4290,.T.) ;
#4358=ORIENTED_EDGE('',*,*,#4341,.T.) ;
#4359=ORIENTED_EDGE('',*,*,#4350,.T.) ;
#4360=ORIENTED_EDGE('',*,*,#4355,.F.) ;
#4389=ORIENTED_EDGE('',*,*,#4377,.T.) ;
#4390=ORIENTED_EDGE('',*,*,#4382,.T.) ;
#4391=ORIENTED_EDGE('',*,*,#4350,.F.) ;
#4392=ORIENTED_EDGE('',*,*,#4387,.F.) ;
#4414=ORIENTED_EDGE('',*,*,#3694,.T.) ;
#4415=ORIENTED_EDGE('',*,*,#4355,.T.) ;
#4416=ORIENTED_EDGE('',*,*,#4407,.T.) ;
#4417=ORIENTED_EDGE('',*,*,#4412,.F.) ;
#4439=ORIENTED_EDGE('',*,*,#4432,.T.) ;
#4440=ORIENTED_EDGE('',*,*,#4437,.T.) ;
#4441=ORIENTED_EDGE('',*,*,#4407,.F.) ;
#4442=ORIENTED_EDGE('',*,*,#4382,.F.) ;
#4464=ORIENTED_EDGE('',*,*,#4412,.T.) ;
#4465=ORIENTED_EDGE('',*,*,#4457,.T.) ;
#4466=ORIENTED_EDGE('',*,*,#4462,.F.) ;
#4467=ORIENTED_EDGE('',*,*,#4321,.T.) ;
#4489=ORIENTED_EDGE('',*,*,#4482,.T.) ;
#4490=ORIENTED_EDGE('',*,*,#4487,.T.) ;
#4491=ORIENTED_EDGE('',*,*,#4457,.F.) ;
#4492=ORIENTED_EDGE('',*,*,#4437,.F.) ;
#4514=ORIENTED_EDGE('',*,*,#3635,.T.) ;
#4515=ORIENTED_EDGE('',*,*,#4462,.T.) ;
#4516=ORIENTED_EDGE('',*,*,#4507,.T.) ;
#4517=ORIENTED_EDGE('',*,*,#4512,.F.) ;
#4539=ORIENTED_EDGE('',*,*,#4532,.T.) ;
#4540=ORIENTED_EDGE('',*,*,#4537,.T.) ;
#4541=ORIENTED_EDGE('',*,*,#4507,.F.) ;
#4542=ORIENTED_EDGE('',*,*,#4487,.F.) ;
#4564=ORIENTED_EDGE('',*,*,#4214,.T.) ;
#4565=ORIENTED_EDGE('',*,*,#4512,.T.) ;
#4566=ORIENTED_EDGE('',*,*,#4557,.T.) ;
#4567=ORIENTED_EDGE('',*,*,#4562,.F.) ;
#4589=ORIENTED_EDGE('',*,*,#4582,.T.) ;
#4590=ORIENTED_EDGE('',*,*,#4587,.T.) ;
#4591=ORIENTED_EDGE('',*,*,#4557,.F.) ;
#4592=ORIENTED_EDGE('',*,*,#4537,.F.) ;
#4696=ORIENTED_EDGE('',*,*,#4621,.T.) ;
#4697=ORIENTED_EDGE('',*,*,#4628,.F.) ;
#4698=ORIENTED_EDGE('',*,*,#4635,.F.) ;
#4699=ORIENTED_EDGE('',*,*,#4642,.F.) ;
#4700=ORIENTED_EDGE('',*,*,#4649,.F.) ;
#4701=ORIENTED_EDGE('',*,*,#4656,.F.) ;
#4702=ORIENTED_EDGE('',*,*,#4663,.F.) ;
#4703=ORIENTED_EDGE('',*,*,#4670,.F.) ;
#4704=ORIENTED_EDGE('',*,*,#4689,.T.) ;
#4705=ORIENTED_EDGE('',*,*,#4694,.F.) ;
#4729=ORIENTED_EDGE('',*,*,#4722,.F.) ;
#4730=ORIENTED_EDGE('',*,*,#4727,.T.) ;
#4731=ORIENTED_EDGE('',*,*,#4341,.F.) ;
#4732=ORIENTED_EDGE('',*,*,#4254,.T.) ;
#4733=ORIENTED_EDGE('',*,*,#4037,.T.) ;
#4755=ORIENTED_EDGE('',*,*,#4748,.T.) ;
#4756=ORIENTED_EDGE('',*,*,#4387,.T.) ;
#4757=ORIENTED_EDGE('',*,*,#4727,.F.) ;
#4758=ORIENTED_EDGE('',*,*,#4753,.F.) ;
#4838=ORIENTED_EDGE('',*,*,#4098,.T.) ;
#4839=ORIENTED_EDGE('',*,*,#4805,.F.) ;
#4840=ORIENTED_EDGE('',*,*,#4830,.T.) ;
#4841=ORIENTED_EDGE('',*,*,#4836,.T.) ;
#4842=ORIENTED_EDGE('',*,*,#4722,.T.) ;
#4951=ORIENTED_EDGE('',*,*,#4943,.T.) ;
#4952=ORIENTED_EDGE('',*,*,#4949,.T.) ;
#4953=ORIENTED_EDGE('',*,*,#4830,.F.) ;
#4983=ORIENTED_EDGE('',*,*,#4981,.T.) ;
#4984=ORIENTED_EDGE('',*,*,#4753,.T.) ;
#4985=ORIENTED_EDGE('',*,*,#4836,.F.) ;
#4986=ORIENTED_EDGE('',*,*,#4949,.F.) ;
#5010=ORIENTED_EDGE('',*,*,#3846,.T.) ;
#5011=ORIENTED_EDGE('',*,*,#4183,.T.) ;
#5012=ORIENTED_EDGE('',*,*,#4562,.T.) ;
#5013=ORIENTED_EDGE('',*,*,#5001,.T.) ;
#5014=ORIENTED_EDGE('',*,*,#5008,.F.) ;
#5036=ORIENTED_EDGE('',*,*,#5029,.T.) ;
#5037=ORIENTED_EDGE('',*,*,#5034,.T.) ;
#5038=ORIENTED_EDGE('',*,*,#5001,.F.) ;
#5039=ORIENTED_EDGE('',*,*,#4587,.F.) ;
#5116=ORIENTED_EDGE('',*,*,#5008,.T.) ;
#5117=ORIENTED_EDGE('',*,*,#5081,.T.) ;
#5118=ORIENTED_EDGE('',*,*,#5103,.T.) ;
#5119=ORIENTED_EDGE('',*,*,#5114,.F.) ;
#5120=ORIENTED_EDGE('',*,*,#3900,.T.) ;
#5226=ORIENTED_EDGE('',*,*,#5218,.T.) ;
#5227=ORIENTED_EDGE('',*,*,#5103,.F.) ;
#5228=ORIENTED_EDGE('',*,*,#5224,.F.) ;
#5258=ORIENTED_EDGE('',*,*,#5256,.T.) ;
#5259=ORIENTED_EDGE('',*,*,#5224,.T.) ;
#5260=ORIENTED_EDGE('',*,*,#5081,.F.) ;
#5261=ORIENTED_EDGE('',*,*,#5034,.F.) ;
#5283=ORIENTED_EDGE('',*,*,#4138,.T.) ;
#5284=ORIENTED_EDGE('',*,*,#3753,.T.) ;
#5285=ORIENTED_EDGE('',*,*,#3944,.T.) ;
#5286=ORIENTED_EDGE('',*,*,#5114,.T.) ;
#5287=ORIENTED_EDGE('',*,*,#5275,.T.) ;
#5288=ORIENTED_EDGE('',*,*,#4694,.T.) ;
#5289=ORIENTED_EDGE('',*,*,#5281,.T.) ;
#5290=ORIENTED_EDGE('',*,*,#4805,.T.) ;
#5324=ORIENTED_EDGE('',*,*,#5218,.F.) ;
#5325=ORIENTED_EDGE('',*,*,#5322,.T.) ;
#5326=ORIENTED_EDGE('',*,*,#4621,.F.) ;
#5327=ORIENTED_EDGE('',*,*,#5275,.F.) ;
#5361=ORIENTED_EDGE('',*,*,#5281,.F.) ;
#5362=ORIENTED_EDGE('',*,*,#4689,.F.) ;
#5363=ORIENTED_EDGE('',*,*,#5359,.T.) ;
#5364=ORIENTED_EDGE('',*,*,#4943,.F.) ;
#5384=ORIENTED_EDGE('',*,*,#5377,.F.) ;
#5385=ORIENTED_EDGE('',*,*,#4663,.T.) ;
#5386=ORIENTED_EDGE('',*,*,#5382,.T.) ;
#5387=ORIENTED_EDGE('',*,*,#4377,.F.) ;
#5402=ORIENTED_EDGE('',*,*,#5382,.F.) ;
#5403=ORIENTED_EDGE('',*,*,#4656,.T.) ;
#5404=ORIENTED_EDGE('',*,*,#5400,.T.) ;
#5405=ORIENTED_EDGE('',*,*,#4432,.F.) ;
#5420=ORIENTED_EDGE('',*,*,#4482,.F.) ;
#5421=ORIENTED_EDGE('',*,*,#5400,.F.) ;
#5422=ORIENTED_EDGE('',*,*,#4649,.T.) ;
#5423=ORIENTED_EDGE('',*,*,#5418,.T.) ;
#5438=ORIENTED_EDGE('',*,*,#5418,.F.) ;
#5439=ORIENTED_EDGE('',*,*,#4642,.T.) ;
#5440=ORIENTED_EDGE('',*,*,#5436,.T.) ;
#5441=ORIENTED_EDGE('',*,*,#4532,.F.) ;
#5456=ORIENTED_EDGE('',*,*,#5436,.F.) ;
#5457=ORIENTED_EDGE('',*,*,#4635,.T.) ;
#5458=ORIENTED_EDGE('',*,*,#5454,.T.) ;
#5459=ORIENTED_EDGE('',*,*,#4582,.F.) ;
#5469=ORIENTED_EDGE('',*,*,#5454,.F.) ;
#5470=ORIENTED_EDGE('',*,*,#4628,.T.) ;
#5471=ORIENTED_EDGE('',*,*,#5322,.F.) ;
#5472=ORIENTED_EDGE('',*,*,#5256,.F.) ;
#5473=ORIENTED_EDGE('',*,*,#5029,.F.) ;
#5483=ORIENTED_EDGE('',*,*,#4748,.F.) ;
#5484=ORIENTED_EDGE('',*,*,#4981,.F.) ;
#5485=ORIENTED_EDGE('',*,*,#5359,.F.) ;
#5486=ORIENTED_EDGE('',*,*,#4670,.T.) ;
#5487=ORIENTED_EDGE('',*,*,#5377,.T.) ;
#5511=ORIENTED_EDGE('',*,*,#3560,.F.) ;
#5512=ORIENTED_EDGE('',*,*,#5497,.F.) ;
#5513=ORIENTED_EDGE('',*,*,#5504,.F.) ;
#5514=ORIENTED_EDGE('',*,*,#5509,.T.) ;
#5524=ORIENTED_EDGE('',*,*,#3565,.F.) ;
#5525=ORIENTED_EDGE('',*,*,#5509,.F.) ;
#5526=ORIENTED_EDGE('',*,*,#5522,.F.) ;
#5527=ORIENTED_EDGE('',*,*,#5497,.T.) ;
#5551=ORIENTED_EDGE('',*,*,#5544,.F.) ;
#5552=ORIENTED_EDGE('',*,*,#5549,.F.) ;
#5572=ORIENTED_EDGE('',*,*,#5565,.F.) ;
#5573=ORIENTED_EDGE('',*,*,#5522,.T.) ;
#5574=ORIENTED_EDGE('',*,*,#5570,.T.) ;
#5575=ORIENTED_EDGE('',*,*,#5549,.T.) ;
#5585=ORIENTED_EDGE('',*,*,#5570,.F.) ;
#5586=ORIENTED_EDGE('',*,*,#5504,.T.) ;
#5587=ORIENTED_EDGE('',*,*,#5565,.T.) ;
#5588=ORIENTED_EDGE('',*,*,#5544,.T.) ;
#5612=ORIENTED_EDGE('',*,*,#3578,.F.) ;
#5613=ORIENTED_EDGE('',*,*,#5598,.F.) ;
#5614=ORIENTED_EDGE('',*,*,#5605,.F.) ;
#5615=ORIENTED_EDGE('',*,*,#5610,.T.) ;
#5625=ORIENTED_EDGE('',*,*,#3583,.F.) ;
#5626=ORIENTED_EDGE('',*,*,#5610,.F.) ;
#5627=ORIENTED_EDGE('',*,*,#5623,.F.) ;
#5628=ORIENTED_EDGE('',*,*,#5598,.T.) ;
#5652=ORIENTED_EDGE('',*,*,#5645,.F.) ;
#5653=ORIENTED_EDGE('',*,*,#5650,.F.) ;
#5673=ORIENTED_EDGE('',*,*,#5666,.F.) ;
#5674=ORIENTED_EDGE('',*,*,#5623,.T.) ;
#5675=ORIENTED_EDGE('',*,*,#5671,.T.) ;
#5676=ORIENTED_EDGE('',*,*,#5650,.T.) ;
#5686=ORIENTED_EDGE('',*,*,#5671,.F.) ;
#5687=ORIENTED_EDGE('',*,*,#5605,.T.) ;
#5688=ORIENTED_EDGE('',*,*,#5666,.T.) ;
#5689=ORIENTED_EDGE('',*,*,#5645,.T.) ;
#1108=FACE_BOUND('',#1101,.T.) ;
#1112=FACE_BOUND('',#1109,.T.) ;
#1116=FACE_BOUND('',#1113,.T.) ;
#1151=FACE_BOUND('',#1144,.T.) ;
#1155=FACE_BOUND('',#1152,.T.) ;
#1159=FACE_BOUND('',#1156,.T.) ;
#1265=FACE_BOUND('',#1262,.T.) ;
#1283=FACE_BOUND('',#1280,.T.) ;
#3569=FACE_BOUND('',#3566,.T.) ;
#3587=FACE_BOUND('',#3584,.T.) ;
#136=CLOSED_SHELL('Closed Shell',(#176,#215,#274,#306,#338,#370,#402,#434,#466,#498,#530,#562,#594,#626,#658,#690,#722,#745,#786,#809,#850,#882,#914,#946,#978,#1010,#1051,#1074,#1117,#1160)) ;
#1165=CLOSED_SHELL('Closed Shell',(#1284,#1323,#1355,#1387,#1419,#1451,#1483,#1528,#1583,#1637,#1674,#1719,#1774,#1828,#1868,#1893,#1918,#1936,#1954,#1979,#2004,#2022,#2040,#2058,#2076,#2110,#2142,#2167,#2192,#2217,#2242,#2267,#2292,#2317,#2342,#2455,#2483,#2508,#2592,#2703,#2736,#2764,#2789,#2870,#2978,#3011,#3040,#3077,#3114,#3137,#3155,#3173,#3191,#3209,#3223,#3237,#3269,#3287,#3312,#3335,#3348,#3380,#3398,#3423,#3446,#3459)) ;
#3464=CLOSED_SHELL('Closed Shell',(#3588,#3615,#3647,#3674,#3706,#3733,#3765,#3805,#3860,#3914,#3951,#3996,#4051,#4105,#4145,#4165,#4190,#4203,#4221,#4241,#4266,#4279,#4297,#4310,#4328,#4362,#4394,#4419,#4444,#4469,#4494,#4519,#4544,#4569,#4594,#4707,#4735,#4760,#4844,#4955,#4988,#5016,#5041,#5122,#5230,#5263,#5292,#5329,#5366,#5389,#5407,#5425,#5443,#5461,#5475,#5489,#5516,#5529,#5554,#5577,#5590,#5617,#5630,#5655,#5678,#5691)) ;
#176=ADVANCED_FACE('',(#175),#141,.F.) ;
#215=ADVANCED_FACE('',(#214),#189,.T.) ;
#274=ADVANCED_FACE('',(#273),#224,.T.) ;
#306=ADVANCED_FACE('',(#305),#280,.T.) ;
#338=ADVANCED_FACE('',(#337),#312,.T.) ;
#370=ADVANCED_FACE('',(#369),#344,.T.) ;
#402=ADVANCED_FACE('',(#401),#376,.T.) ;
#434=ADVANCED_FACE('',(#433),#408,.F.) ;
#466=ADVANCED_FACE('',(#465),#440,.T.) ;
#498=ADVANCED_FACE('',(#497),#472,.F.) ;
#530=ADVANCED_FACE('',(#529),#504,.T.) ;
#562=ADVANCED_FACE('',(#561),#536,.F.) ;
#594=ADVANCED_FACE('',(#593),#568,.T.) ;
#626=ADVANCED_FACE('',(#625),#600,.F.) ;
#658=ADVANCED_FACE('',(#657),#632,.F.) ;
#690=ADVANCED_FACE('',(#689),#664,.F.) ;
#722=ADVANCED_FACE('',(#721),#696,.F.) ;
#745=ADVANCED_FACE('',(#744),#728,.T.) ;
#786=ADVANCED_FACE('',(#785),#751,.F.) ;
#809=ADVANCED_FACE('',(#808),#792,.F.) ;
#850=ADVANCED_FACE('',(#849),#815,.T.) ;
#882=ADVANCED_FACE('',(#881),#856,.F.) ;
#914=ADVANCED_FACE('',(#913),#888,.F.) ;
#946=ADVANCED_FACE('',(#945),#920,.F.) ;
#978=ADVANCED_FACE('',(#977),#952,.F.) ;
#1010=ADVANCED_FACE('',(#1009),#987,.T.) ;
#1051=ADVANCED_FACE('',(#1050),#1016,.F.) ;
#1074=ADVANCED_FACE('',(#1073),#1057,.F.) ;
#1117=ADVANCED_FACE('',(#1100,#1108,#1112,#1116),#1080,.F.) ;
#1160=ADVANCED_FACE('',(#1143,#1151,#1155,#1159),#1123,.T.) ;
#1284=ADVANCED_FACE('',(#1247,#1265,#1283),#1080,.T.) ;
#1323=ADVANCED_FACE('',(#1322),#1297,.T.) ;
#1355=ADVANCED_FACE('',(#1354),#1329,.T.) ;
#1387=ADVANCED_FACE('',(#1386),#1361,.T.) ;
#1419=ADVANCED_FACE('',(#1418),#1393,.T.) ;
#1451=ADVANCED_FACE('',(#1450),#1425,.T.) ;
#1483=ADVANCED_FACE('',(#1482),#1457,.T.) ;
#1528=ADVANCED_FACE('',(#1527),#1489,.T.) ;
#1583=ADVANCED_FACE('',(#1582),#1530,.F.) ;
#1637=ADVANCED_FACE('',(#1636),#1585,.T.) ;
#1674=ADVANCED_FACE('',(#1673),#1639,.F.) ;
#1719=ADVANCED_FACE('',(#1718),#1680,.T.) ;
#1774=ADVANCED_FACE('',(#1773),#1721,.T.) ;
#1828=ADVANCED_FACE('',(#1827),#1776,.F.) ;
#1868=ADVANCED_FACE('',(#1867),#1830,.F.) ;
#1893=ADVANCED_FACE('',(#1892),#1874,.F.) ;
#1918=ADVANCED_FACE('',(#1917),#1899,.T.) ;
#1936=ADVANCED_FACE('',(#1935),#1924,.F.) ;
#1954=ADVANCED_FACE('',(#1953),#1942,.T.) ;
#1979=ADVANCED_FACE('',(#1978),#1960,.T.) ;
#2004=ADVANCED_FACE('',(#2003),#1985,.T.) ;
#2022=ADVANCED_FACE('',(#2021),#2010,.F.) ;
#2040=ADVANCED_FACE('',(#2039),#2028,.T.) ;
#2058=ADVANCED_FACE('',(#2057),#2046,.T.) ;
#2076=ADVANCED_FACE('',(#2075),#2064,.T.) ;
#2110=ADVANCED_FACE('',(#2109),#2082,.F.) ;
#2142=ADVANCED_FACE('',(#2141),#2116,.T.) ;
#2167=ADVANCED_FACE('',(#2166),#2148,.T.) ;
#2192=ADVANCED_FACE('',(#2191),#2173,.T.) ;
#2217=ADVANCED_FACE('',(#2216),#2198,.F.) ;
#2242=ADVANCED_FACE('',(#2241),#2223,.T.) ;
#2267=ADVANCED_FACE('',(#2266),#2248,.T.) ;
#2292=ADVANCED_FACE('',(#2291),#2273,.T.) ;
#2317=ADVANCED_FACE('',(#2316),#2298,.F.) ;
#2342=ADVANCED_FACE('',(#2341),#2323,.T.) ;
#2455=ADVANCED_FACE('',(#2454),#2348,.T.) ;
#2483=ADVANCED_FACE('',(#2482),#2461,.F.) ;
#2508=ADVANCED_FACE('',(#2507),#2489,.T.) ;
#2592=ADVANCED_FACE('',(#2591),#2510,.T.) ;
#2703=ADVANCED_FACE('',(#2702),#2594,.T.) ;
#2736=ADVANCED_FACE('',(#2735),#2705,.F.) ;
#2764=ADVANCED_FACE('',(#2763),#2742,.T.) ;
#2789=ADVANCED_FACE('',(#2788),#2770,.T.) ;
#2870=ADVANCED_FACE('',(#2869),#2791,.F.) ;
#2978=ADVANCED_FACE('',(#2977),#2872,.T.) ;
#3011=ADVANCED_FACE('',(#3010),#2980,.F.) ;
#3040=ADVANCED_FACE('',(#3039),#3017,.T.) ;
#3077=ADVANCED_FACE('',(#3076),#3042,.T.) ;
#3114=ADVANCED_FACE('',(#3113),#3079,.F.) ;
#3137=ADVANCED_FACE('',(#3136),#3120,.F.) ;
#3155=ADVANCED_FACE('',(#3154),#3143,.T.) ;
#3173=ADVANCED_FACE('',(#3172),#3161,.T.) ;
#3191=ADVANCED_FACE('',(#3190),#3179,.T.) ;
#3209=ADVANCED_FACE('',(#3208),#3197,.F.) ;
#3223=ADVANCED_FACE('',(#3222),#3215,.F.) ;
#3237=ADVANCED_FACE('',(#3236),#3229,.T.) ;
#3269=ADVANCED_FACE('',(#3268),#3243,.T.) ;
#3287=ADVANCED_FACE('',(#3286),#3275,.T.) ;
#3312=ADVANCED_FACE('',(#3311),#3293,.T.) ;
#3335=ADVANCED_FACE('',(#3334),#3318,.T.) ;
#3348=ADVANCED_FACE('',(#3347),#3341,.T.) ;
#3380=ADVANCED_FACE('',(#3379),#3354,.T.) ;
#3398=ADVANCED_FACE('',(#3397),#3386,.T.) ;
#3423=ADVANCED_FACE('',(#3422),#3404,.T.) ;
#3446=ADVANCED_FACE('',(#3445),#3429,.T.) ;
#3459=ADVANCED_FACE('',(#3458),#3452,.T.) ;
#3588=ADVANCED_FACE('',(#3551,#3569,#3587),#3469,.F.) ;
#3615=ADVANCED_FACE('',(#3614),#1297,.T.) ;
#3647=ADVANCED_FACE('',(#3646),#3621,.T.) ;
#3674=ADVANCED_FACE('',(#3673),#1361,.T.) ;
#3706=ADVANCED_FACE('',(#3705),#3680,.T.) ;
#3733=ADVANCED_FACE('',(#3732),#1425,.T.) ;
#3765=ADVANCED_FACE('',(#3764),#3739,.T.) ;
#3805=ADVANCED_FACE('',(#3804),#1489,.T.) ;
#3860=ADVANCED_FACE('',(#3859),#3807,.T.) ;
#3914=ADVANCED_FACE('',(#3913),#3862,.F.) ;
#3951=ADVANCED_FACE('',(#3950),#3916,.T.) ;
#3996=ADVANCED_FACE('',(#3995),#3957,.T.) ;
#4051=ADVANCED_FACE('',(#4050),#3998,.F.) ;
#4105=ADVANCED_FACE('',(#4104),#4053,.T.) ;
#4145=ADVANCED_FACE('',(#4144),#4107,.T.) ;
#4165=ADVANCED_FACE('',(#4164),#1874,.F.) ;
#4190=ADVANCED_FACE('',(#4189),#4171,.T.) ;
#4203=ADVANCED_FACE('',(#4202),#1924,.F.) ;
#4221=ADVANCED_FACE('',(#4220),#4209,.T.) ;
#4241=ADVANCED_FACE('',(#4240),#1960,.T.) ;
#4266=ADVANCED_FACE('',(#4265),#4247,.T.) ;
#4279=ADVANCED_FACE('',(#4278),#2010,.F.) ;
#4297=ADVANCED_FACE('',(#4296),#4285,.T.) ;
#4310=ADVANCED_FACE('',(#4309),#2046,.T.) ;
#4328=ADVANCED_FACE('',(#4327),#4316,.T.) ;
#4362=ADVANCED_FACE('',(#4361),#4334,.F.) ;
#4394=ADVANCED_FACE('',(#4393),#4368,.T.) ;
#4419=ADVANCED_FACE('',(#4418),#4400,.T.) ;
#4444=ADVANCED_FACE('',(#4443),#4425,.T.) ;
#4469=ADVANCED_FACE('',(#4468),#4450,.T.) ;
#4494=ADVANCED_FACE('',(#4493),#4475,.T.) ;
#4519=ADVANCED_FACE('',(#4518),#4500,.T.) ;
#4544=ADVANCED_FACE('',(#4543),#4525,.T.) ;
#4569=ADVANCED_FACE('',(#4568),#4550,.F.) ;
#4594=ADVANCED_FACE('',(#4593),#4575,.T.) ;
#4707=ADVANCED_FACE('',(#4706),#4600,.F.) ;
#4735=ADVANCED_FACE('',(#4734),#4713,.T.) ;
#4760=ADVANCED_FACE('',(#4759),#4741,.T.) ;
#4844=ADVANCED_FACE('',(#4843),#4762,.F.) ;
#4955=ADVANCED_FACE('',(#4954),#4846,.F.) ;
#4988=ADVANCED_FACE('',(#4987),#4957,.T.) ;
#5016=ADVANCED_FACE('',(#5015),#4994,.F.) ;
#5041=ADVANCED_FACE('',(#5040),#5022,.T.) ;
#5122=ADVANCED_FACE('',(#5121),#5043,.T.) ;
#5230=ADVANCED_FACE('',(#5229),#5124,.F.) ;
#5263=ADVANCED_FACE('',(#5262),#5232,.T.) ;
#5292=ADVANCED_FACE('',(#5291),#5269,.T.) ;
#5329=ADVANCED_FACE('',(#5328),#5294,.F.) ;
#5366=ADVANCED_FACE('',(#5365),#5331,.T.) ;
#5389=ADVANCED_FACE('',(#5388),#5372,.F.) ;
#5407=ADVANCED_FACE('',(#5406),#5395,.T.) ;
#5425=ADVANCED_FACE('',(#5424),#5413,.F.) ;
#5443=ADVANCED_FACE('',(#5442),#5431,.T.) ;
#5461=ADVANCED_FACE('',(#5460),#5449,.F.) ;
#5475=ADVANCED_FACE('',(#5474),#5467,.T.) ;
#5489=ADVANCED_FACE('',(#5488),#5481,.F.) ;
#5516=ADVANCED_FACE('',(#5515),#3243,.T.) ;
#5529=ADVANCED_FACE('',(#5528),#3275,.T.) ;
#5554=ADVANCED_FACE('',(#5553),#5535,.F.) ;
#5577=ADVANCED_FACE('',(#5576),#5560,.T.) ;
#5590=ADVANCED_FACE('',(#5589),#5583,.T.) ;
#5617=ADVANCED_FACE('',(#5616),#3354,.T.) ;
#5630=ADVANCED_FACE('',(#5629),#3386,.T.) ;
#5655=ADVANCED_FACE('',(#5654),#5636,.F.) ;
#5678=ADVANCED_FACE('',(#5677),#5661,.T.) ;
#5691=ADVANCED_FACE('',(#5690),#5684,.T.) ;
#4=APPLICATION_PROTOCOL_DEFINITION('international standard','automotive_design',2001,#1) ;
#225=B_SPLINE_CURVE_WITH_KNOTS('',5,(#226,#227,#228,#229,#230,#231,#232,#233,#234,#235,#236,#237,#238,#239,#240),.UNSPECIFIED.,.F.,.U.,(6,3,3,3,6),(29.5714245992,95.2031591397,160.83489368,226.466628221,292.098362761),.UNSPECIFIED.) ;
#244=B_SPLINE_CURVE_WITH_KNOTS('',5,(#245,#246,#247,#248,#249,#250,#251,#252,#253,#254,#255,#256,#257,#258,#259),.UNSPECIFIED.,.F.,.U.,(6,3,3,3,6),(29.5714245992,95.2031591397,160.83489368,226.466628221,292.098362761),.UNSPECIFIED.) ;
#988=B_SPLINE_CURVE_WITH_KNOTS('',5,(#989,#990,#991,#992,#993,#994),.UNSPECIFIED.,.F.,.U.,(6,6),(446.850179822,518.159182259),.UNSPECIFIED.) ;
#996=B_SPLINE_CURVE_WITH_KNOTS('',5,(#997,#998,#999,#1000,#1001,#1002),.UNSPECIFIED.,.F.,.U.,(6,6),(446.850179822,518.159182259),.UNSPECIFIED.) ;
#1497=B_SPLINE_CURVE_WITH_KNOTS('',3,(#1498,#1499,#1500,#1501),.UNSPECIFIED.,.F.,.U.,(4,4),(17.5157537554,19.1428342032),.UNSPECIFIED.) ;
#1505=B_SPLINE_CURVE_WITH_KNOTS('',4,(#1506,#1507,#1508,#1509,#1510),.UNSPECIFIED.,.F.,.U.,(5,5),(1.12863494099,6.91946034751),.UNSPECIFIED.) ;
#1514=B_SPLINE_CURVE_WITH_KNOTS('',3,(#1515,#1516,#1517,#1518),.UNSPECIFIED.,.F.,.U.,(4,4),(13.9847344093,14.0081092159),.UNSPECIFIED.) ;
#1551=B_SPLINE_CURVE_WITH_KNOTS('',4,(#1552,#1553,#1554,#1555,#1556),.UNSPECIFIED.,.F.,.U.,(5,5),(0.,3.1749912172),.UNSPECIFIED.) ;
#1560=B_SPLINE_CURVE_WITH_KNOTS('',5,(#1561,#1562,#1563,#1564,#1565,#1566),.UNSPECIFIED.,.F.,.U.,(6,6),(13.9847344093,14.0081374346),.UNSPECIFIED.) ;
#1570=B_SPLINE_CURVE_WITH_KNOTS('',4,(#1571,#1572,#1573,#1574,#1575),.UNSPECIFIED.,.F.,.U.,(5,5),(0.,3.175),.UNSPECIFIED.) ;
#1611=B_SPLINE_CURVE_WITH_KNOTS('',4,(#1612,#1613,#1614,#1615,#1616),.UNSPECIFIED.,.F.,.U.,(5,5),(0.,3.175),.UNSPECIFIED.) ;
#1620=B_SPLINE_CURVE_WITH_KNOTS('',5,(#1621,#1622,#1623,#1624,#1625,#1626,#1627,#1628,#1629),.UNSPECIFIED.,.F.,.U.,(6,3,6),(1.12865719169,5.13524902249,6.91945354619),.UNSPECIFIED.) ;
#1660=B_SPLINE_CURVE_WITH_KNOTS('',5,(#1661,#1662,#1663,#1664,#1665,#1666),.UNSPECIFIED.,.F.,.U.,(6,6),(17.5157537554,19.1428342032),.UNSPECIFIED.) ;
#1688=B_SPLINE_CURVE_WITH_KNOTS('',3,(#1689,#1690,#1691,#1692),.UNSPECIFIED.,.F.,.U.,(4,4),(13.9847058756,14.0081088202),.UNSPECIFIED.) ;
#1696=B_SPLINE_CURVE_WITH_KNOTS('',4,(#1697,#1698,#1699,#1700,#1701),.UNSPECIFIED.,.F.,.U.,(5,5),(1.1286576401,6.91945717298),.UNSPECIFIED.) ;
#1705=B_SPLINE_CURVE_WITH_KNOTS('',3,(#1706,#1707,#1708,#1709),.UNSPECIFIED.,.F.,.U.,(4,4),(13.8834854449,15.5105325009),.UNSPECIFIED.) ;
#1742=B_SPLINE_CURVE_WITH_KNOTS('',4,(#1743,#1744,#1745,#1746,#1747),.UNSPECIFIED.,.F.,.U.,(5,5),(0.,3.175),.UNSPECIFIED.) ;
#1751=B_SPLINE_CURVE_WITH_KNOTS('',5,(#1752,#1753,#1754,#1755,#1756,#1757),.UNSPECIFIED.,.F.,.U.,(6,6),(13.9847058756,14.0081088202),.UNSPECIFIED.) ;
#1761=B_SPLINE_CURVE_WITH_KNOTS('',4,(#1762,#1763,#1764,#1765,#1766),.UNSPECIFIED.,.F.,.U.,(5,5),(0.,3.175),.UNSPECIFIED.) ;
#1802=B_SPLINE_CURVE_WITH_KNOTS('',5,(#1803,#1804,#1805,#1806,#1807,#1808,#1809,#1810,#1811),.UNSPECIFIED.,.F.,.U.,(6,3,6),(1.1286576401,5.25314471651,6.91948468216),.UNSPECIFIED.) ;
#1815=B_SPLINE_CURVE_WITH_KNOTS('',4,(#1816,#1817,#1818,#1819,#1820),.UNSPECIFIED.,.F.,.U.,(5,5),(0.,3.175),.UNSPECIFIED.) ;
#1851=B_SPLINE_CURVE_WITH_KNOTS('',5,(#1852,#1853,#1854,#1855,#1856,#1857,#1858,#1859,#1860),.UNSPECIFIED.,.F.,.U.,(6,3,6),(13.8834854449,13.9196163556,15.5105392526),.UNSPECIFIED.) ;
#2090=B_SPLINE_CURVE_WITH_KNOTS('',4,(#2091,#2092,#2093,#2094,#2095),.UNSPECIFIED.,.F.,.U.,(5,5),(-8.66498016876,8.66498016874),.UNSPECIFIED.) ;
#2358=B_SPLINE_CURVE_WITH_KNOTS('',5,(#2359,#2360,#2361,#2362,#2363,#2364,#2365,#2366,#2367,#2368,#2369,#2370,#2371,#2372,#2373),.UNSPECIFIED.,.F.,.U.,(6,3,3,3,6),(0.,1.79469560135,3.58944174102,6.47940660478,6.56867623185),.UNSPECIFIED.) ;
#2426=B_SPLINE_CURVE_WITH_KNOTS('',5,(#2427,#2428,#2429,#2430,#2431,#2432,#2433,#2434,#2435,#2436,#2437,#2438,#2439,#2440,#2441),.UNSPECIFIED.,.F.,.U.,(6,3,3,3,6),(0.,1.79469560059,3.58944174005,6.47940660974,6.56867624246),.UNSPECIFIED.) ;
#2469=B_SPLINE_CURVE_WITH_KNOTS('',4,(#2470,#2471,#2472,#2473,#2474),.UNSPECIFIED.,.F.,.U.,(5,5),(7.00427979387,20.0042320199),.UNSPECIFIED.) ;
#2541=B_SPLINE_CURVE_WITH_KNOTS('',3,(#2542,#2543,#2544,#2545),.UNSPECIFIED.,.F.,.U.,(4,4),(1.06427119353,1.73170933858),.UNSPECIFIED.) ;
#2549=B_SPLINE_CURVE_WITH_KNOTS('',5,(#2550,#2551,#2552,#2553,#2554,#2555,#2556,#2557,#2558,#2559,#2560,#2561,#2562,#2563,#2564,#2565,#2566,#2567,#2568,#2569,#2570),.UNSPECIFIED.,.F.,.U.,(6,3,3,3,3,3,6),(0.,0.159483273432,0.351007727614,0.572721432257,1.01614215699,3.15615312721,6.31230625441),.UNSPECIFIED.) ;
#2574=B_SPLINE_CURVE_WITH_KNOTS('',5,(#2575,#2576,#2577,#2578,#2579,#2580,#2581,#2582,#2583),.UNSPECIFIED.,.F.,.U.,(6,3,6),(7.35849713827,15.6777299792,20.4549410676),.UNSPECIFIED.) ;
#2667=B_SPLINE_CURVE_WITH_KNOTS('',3,(#2668,#2669,#2670,#2671),.UNSPECIFIED.,.F.,.U.,(4,4),(0.,0.390077163437),.UNSPECIFIED.) ;
#2675=B_SPLINE_CURVE_WITH_KNOTS('',5,(#2676,#2677,#2678,#2679,#2680,#2681,#2682,#2683,#2684,#2685,#2686,#2687,#2688,#2689,#2690,#2691,#2692,#2693,#2694,#2695,#2696),.UNSPECIFIED.,.F.,.U.,(6,3,3,3,3,3,6),(0.,0.159483273432,0.351007727614,0.572721432257,1.01614215699,5.4324384674,6.31230624636),.UNSPECIFIED.) ;
#2722=B_SPLINE_CURVE_WITH_KNOTS('',5,(#2723,#2724,#2725,#2726,#2727,#2728),.UNSPECIFIED.,.F.,.U.,(6,6),(1.06427119353,1.73170933858),.UNSPECIFIED.) ;
#2743=B_SPLINE_CURVE_WITH_KNOTS('',4,(#2744,#2745,#2746,#2747,#2748),.UNSPECIFIED.,.F.,.U.,(5,5),(7.0144061526,20.0142879649),.UNSPECIFIED.) ;
#2822=B_SPLINE_CURVE_WITH_KNOTS('',5,(#2823,#2824,#2825,#2826,#2827,#2828,#2829,#2830,#2831),.UNSPECIFIED.,.F.,.U.,(6,3,6),(7.36861912595,15.687722948,20.4650175351),.UNSPECIFIED.) ;
#2835=B_SPLINE_CURVE_WITH_KNOTS('',5,(#2836,#2837,#2838,#2839,#2840,#2841,#2842,#2843,#2844,#2845,#2846,#2847,#2848,#2849,#2850,#2851,#2852,#2853),.UNSPECIFIED.,.F.,.U.,(6,3,3,3,3,6),(1.25590820799,5.66628816512,6.99525735513,7.21697120455,7.40848761331,7.56796991959),.UNSPECIFIED.) ;
#2857=B_SPLINE_CURVE_WITH_KNOTS('',3,(#2858,#2859,#2860,#2861),.UNSPECIFIED.,.F.,.U.,(4,4),(6.91528096448,7.58271712536),.UNSPECIFIED.) ;
#2945=B_SPLINE_CURVE_WITH_KNOTS('',3,(#2946,#2947,#2948,#2949),.UNSPECIFIED.,.F.,.U.,(4,4),(0.,0.347591724628),.UNSPECIFIED.) ;
#2953=B_SPLINE_CURVE_WITH_KNOTS('',5,(#2954,#2955,#2956,#2957,#2958,#2959,#2960,#2961,#2962,#2963,#2964,#2965,#2966,#2967,#2968,#2969,#2970,#2971),.UNSPECIFIED.,.F.,.U.,(6,3,3,3,3,6),(1.25591245189,5.66628816512,6.99525735513,7.21697120455,7.40848761331,7.56796991959),.UNSPECIFIED.) ;
#2997=B_SPLINE_CURVE_WITH_KNOTS('',5,(#2998,#2999,#3000,#3001,#3002,#3003),.UNSPECIFIED.,.F.,.U.,(6,6),(6.91528096448,7.58271712536),.UNSPECIFIED.) ;
#3018=B_SPLINE_CURVE_WITH_KNOTS('',3,(#3019,#3020,#3021,#3022),.UNSPECIFIED.,.F.,.U.,(4,4),(22.8920300835,27.5089487026),.UNSPECIFIED.) ;
#3024=B_SPLINE_CURVE_WITH_KNOTS('',3,(#3025,#3026,#3027,#3028),.UNSPECIFIED.,.F.,.U.,(4,4),(22.1761913902,26.7931108232),.UNSPECIFIED.) ;
#3063=B_SPLINE_CURVE_WITH_KNOTS('',5,(#3064,#3065,#3066,#3067,#3068,#3069),.UNSPECIFIED.,.F.,.U.,(6,6),(21.8752377847,25.0725277997),.UNSPECIFIED.) ;
#3100=B_SPLINE_CURVE_WITH_KNOTS('',5,(#3101,#3102,#3103,#3104,#3105,#3106),.UNSPECIFIED.,.F.,.U.,(6,6),(22.5910756702,25.7883656913),.UNSPECIFIED.) ;
#3767=B_SPLINE_CURVE_WITH_KNOTS('',3,(#3768,#3769,#3770,#3771),.UNSPECIFIED.,.F.,.U.,(4,4),(13.9847344093,14.0081092159),.UNSPECIFIED.) ;
#3777=B_SPLINE_CURVE_WITH_KNOTS('',4,(#3778,#3779,#3780,#3781,#3782),.UNSPECIFIED.,.F.,.U.,(5,5),(1.12863494099,6.91946034751),.UNSPECIFIED.) ;
#3786=B_SPLINE_CURVE_WITH_KNOTS('',3,(#3787,#3788,#3789,#3790),.UNSPECIFIED.,.F.,.U.,(4,4),(17.5157537554,19.1428342032),.UNSPECIFIED.) ;
#3828=B_SPLINE_CURVE_WITH_KNOTS('',4,(#3829,#3830,#3831,#3832,#3833),.UNSPECIFIED.,.F.,.U.,(5,5),(0.,3.175),.UNSPECIFIED.) ;
#3837=B_SPLINE_CURVE_WITH_KNOTS('',5,(#3838,#3839,#3840,#3841,#3842,#3843),.UNSPECIFIED.,.F.,.U.,(6,6),(13.9847344093,14.0081374346),.UNSPECIFIED.) ;
#3847=B_SPLINE_CURVE_WITH_KNOTS('',4,(#3848,#3849,#3850,#3851,#3852),.UNSPECIFIED.,.F.,.U.,(5,5),(0.,3.1749912172),.UNSPECIFIED.) ;
#3888=B_SPLINE_CURVE_WITH_KNOTS('',5,(#3889,#3890,#3891,#3892,#3893,#3894,#3895,#3896,#3897),.UNSPECIFIED.,.F.,.U.,(6,3,6),(1.12865719169,5.13524902249,6.91945354619),.UNSPECIFIED.) ;
#3901=B_SPLINE_CURVE_WITH_KNOTS('',4,(#3902,#3903,#3904,#3905,#3906),.UNSPECIFIED.,.F.,.U.,(5,5),(0.,3.175),.UNSPECIFIED.) ;
#3937=B_SPLINE_CURVE_WITH_KNOTS('',5,(#3938,#3939,#3940,#3941,#3942,#3943),.UNSPECIFIED.,.F.,.U.,(6,6),(17.5157537554,19.1428342032),.UNSPECIFIED.) ;
#3958=B_SPLINE_CURVE_WITH_KNOTS('',3,(#3959,#3960,#3961,#3962),.UNSPECIFIED.,.F.,.U.,(4,4),(13.8834854449,15.5105325009),.UNSPECIFIED.) ;
#3966=B_SPLINE_CURVE_WITH_KNOTS('',4,(#3967,#3968,#3969,#3970,#3971),.UNSPECIFIED.,.F.,.U.,(5,5),(1.1286576401,6.91945717298),.UNSPECIFIED.) ;
#3975=B_SPLINE_CURVE_WITH_KNOTS('',3,(#3976,#3977,#3978,#3979),.UNSPECIFIED.,.F.,.U.,(4,4),(13.9847058756,14.0081088202),.UNSPECIFIED.) ;
#4019=B_SPLINE_CURVE_WITH_KNOTS('',4,(#4020,#4021,#4022,#4023,#4024),.UNSPECIFIED.,.F.,.U.,(5,5),(0.,3.175),.UNSPECIFIED.) ;
#4028=B_SPLINE_CURVE_WITH_KNOTS('',5,(#4029,#4030,#4031,#4032,#4033,#4034),.UNSPECIFIED.,.F.,.U.,(6,6),(13.9847058756,14.0081088202),.UNSPECIFIED.) ;
#4038=B_SPLINE_CURVE_WITH_KNOTS('',4,(#4039,#4040,#4041,#4042,#4043),.UNSPECIFIED.,.F.,.U.,(5,5),(0.,3.175),.UNSPECIFIED.) ;
#4079=B_SPLINE_CURVE_WITH_KNOTS('',4,(#4080,#4081,#4082,#4083,#4084),.UNSPECIFIED.,.F.,.U.,(5,5),(0.,3.175),.UNSPECIFIED.) ;
#4088=B_SPLINE_CURVE_WITH_KNOTS('',5,(#4089,#4090,#4091,#4092,#4093,#4094,#4095,#4096,#4097),.UNSPECIFIED.,.F.,.U.,(6,3,6),(1.1286576401,5.25314471651,6.91948468216),.UNSPECIFIED.) ;
#4128=B_SPLINE_CURVE_WITH_KNOTS('',5,(#4129,#4130,#4131,#4132,#4133,#4134,#4135,#4136,#4137),.UNSPECIFIED.,.F.,.U.,(6,3,6),(13.8834854449,13.9196163556,15.5105392526),.UNSPECIFIED.) ;
#4342=B_SPLINE_CURVE_WITH_KNOTS('',4,(#4343,#4344,#4345,#4346,#4347),.UNSPECIFIED.,.F.,.U.,(5,5),(-8.66498016876,8.66498016874),.UNSPECIFIED.) ;
#4601=B_SPLINE_CURVE_WITH_KNOTS('',5,(#4602,#4603,#4604,#4605,#4606,#4607,#4608,#4609,#4610,#4611,#4612,#4613,#4614,#4615,#4616),.UNSPECIFIED.,.F.,.U.,(6,3,3,3,6),(0.,1.79469560059,3.58944174005,6.47940660974,6.56867624246),.UNSPECIFIED.) ;
#4671=B_SPLINE_CURVE_WITH_KNOTS('',5,(#4672,#4673,#4674,#4675,#4676,#4677,#4678,#4679,#4680,#4681,#4682,#4683,#4684,#4685,#4686),.UNSPECIFIED.,.F.,.U.,(6,3,3,3,6),(0.,1.79469560135,3.58944174102,6.47940660478,6.56867623185),.UNSPECIFIED.) ;
#4714=B_SPLINE_CURVE_WITH_KNOTS('',4,(#4715,#4716,#4717,#4718,#4719),.UNSPECIFIED.,.F.,.U.,(5,5),(7.00427979387,20.0042320199),.UNSPECIFIED.) ;
#4793=B_SPLINE_CURVE_WITH_KNOTS('',5,(#4794,#4795,#4796,#4797,#4798,#4799,#4800,#4801,#4802),.UNSPECIFIED.,.F.,.U.,(6,3,6),(7.35849713827,15.6777299792,20.4549410676),.UNSPECIFIED.) ;
#4806=B_SPLINE_CURVE_WITH_KNOTS('',5,(#4807,#4808,#4809,#4810,#4811,#4812,#4813,#4814,#4815,#4816,#4817,#4818,#4819,#4820,#4821,#4822,#4823,#4824,#4825,#4826,#4827),.UNSPECIFIED.,.F.,.U.,(6,3,3,3,3,3,6),(0.,0.159483273432,0.351007727614,0.572721432257,1.01614215699,3.15615312721,6.31230625441),.UNSPECIFIED.) ;
#4831=B_SPLINE_CURVE_WITH_KNOTS('',3,(#4832,#4833,#4834,#4835),.UNSPECIFIED.,.F.,.U.,(4,4),(1.06427119353,1.73170933858),.UNSPECIFIED.) ;
#4919=B_SPLINE_CURVE_WITH_KNOTS('',5,(#4920,#4921,#4922,#4923,#4924,#4925,#4926,#4927,#4928,#4929,#4930,#4931,#4932,#4933,#4934,#4935,#4936,#4937,#4938,#4939,#4940),.UNSPECIFIED.,.F.,.U.,(6,3,3,3,3,3,6),(0.,0.159483273432,0.351007727614,0.572721432257,1.01614215699,5.4324384674,6.31230624636),.UNSPECIFIED.) ;
#4944=B_SPLINE_CURVE_WITH_KNOTS('',3,(#4945,#4946,#4947,#4948),.UNSPECIFIED.,.F.,.U.,(4,4),(0.,0.390077163437),.UNSPECIFIED.) ;
#4974=B_SPLINE_CURVE_WITH_KNOTS('',5,(#4975,#4976,#4977,#4978,#4979,#4980),.UNSPECIFIED.,.F.,.U.,(6,6),(1.06427119353,1.73170933858),.UNSPECIFIED.) ;
#5002=B_SPLINE_CURVE_WITH_KNOTS('',4,(#5003,#5004,#5005,#5006,#5007),.UNSPECIFIED.,.F.,.U.,(5,5),(7.0144061526,20.0142879649),.UNSPECIFIED.) ;
#5074=B_SPLINE_CURVE_WITH_KNOTS('',3,(#5075,#5076,#5077,#5078),.UNSPECIFIED.,.F.,.U.,(4,4),(6.91528096448,7.58271712536),.UNSPECIFIED.) ;
#5082=B_SPLINE_CURVE_WITH_KNOTS('',5,(#5083,#5084,#5085,#5086,#5087,#5088,#5089,#5090,#5091,#5092,#5093,#5094,#5095,#5096,#5097,#5098,#5099,#5100),.UNSPECIFIED.,.F.,.U.,(6,3,3,3,3,6),(1.25590820799,5.66628816512,6.99525735513,7.21697120455,7.40848761331,7.56796991959),.UNSPECIFIED.) ;
#5104=B_SPLINE_CURVE_WITH_KNOTS('',5,(#5105,#5106,#5107,#5108,#5109,#5110,#5111,#5112,#5113),.UNSPECIFIED.,.F.,.U.,(6,3,6),(7.36861912595,15.687722948,20.4650175351),.UNSPECIFIED.) ;
#5197=B_SPLINE_CURVE_WITH_KNOTS('',5,(#5198,#5199,#5200,#5201,#5202,#5203,#5204,#5205,#5206,#5207,#5208,#5209,#5210,#5211,#5212,#5213,#5214,#5215),.UNSPECIFIED.,.F.,.U.,(6,3,3,3,3,6),(1.25591245189,5.66628816512,6.99525735513,7.21697120455,7.40848761331,7.56796991959),.UNSPECIFIED.) ;
#5219=B_SPLINE_CURVE_WITH_KNOTS('',3,(#5220,#5221,#5222,#5223),.UNSPECIFIED.,.F.,.U.,(4,4),(0.,0.347591724628),.UNSPECIFIED.) ;
#5249=B_SPLINE_CURVE_WITH_KNOTS('',5,(#5250,#5251,#5252,#5253,#5254,#5255),.UNSPECIFIED.,.F.,.U.,(6,6),(6.91528096448,7.58271712536),.UNSPECIFIED.) ;
#5270=B_SPLINE_CURVE_WITH_KNOTS('',3,(#5271,#5272,#5273,#5274),.UNSPECIFIED.,.F.,.U.,(4,4),(22.1761913902,26.7931108232),.UNSPECIFIED.) ;
#5276=B_SPLINE_CURVE_WITH_KNOTS('',3,(#5277,#5278,#5279,#5280),.UNSPECIFIED.,.F.,.U.,(4,4),(22.8920300835,27.5089487026),.UNSPECIFIED.) ;
#5315=B_SPLINE_CURVE_WITH_KNOTS('',5,(#5316,#5317,#5318,#5319,#5320,#5321),.UNSPECIFIED.,.F.,.U.,(6,6),(21.8752377847,25.0725277997),.UNSPECIFIED.) ;
#5352=B_SPLINE_CURVE_WITH_KNOTS('',5,(#5353,#5354,#5355,#5356,#5357,#5358),.UNSPECIFIED.,.F.,.U.,(6,6),(22.5910756702,25.7883656913),.UNSPECIFIED.) ;
#1530=B_SPLINE_SURFACE_WITH_KNOTS('',3,4,((#1531,#1532,#1533,#1534,#1535),(#1536,#1537,#1538,#1539,#1540),(#1541,#1542,#1543,#1544,#1545),(#1546,#1547,#1548,#1549,#1550)),.UNSPECIFIED.,.F.,.F.,.U.,(4,4),(5,5),(13.9847344093,14.0081374346),(0.,3.175),.UNSPECIFIED.) ;
#1585=B_SPLINE_SURFACE_WITH_KNOTS('',4,4,((#1586,#1587,#1588,#1589,#1590),(#1591,#1592,#1593,#1594,#1595),(#1596,#1597,#1598,#1599,#1600),(#1601,#1602,#1603,#1604,#1605),(#1606,#1607,#1608,#1609,#1610)),.UNSPECIFIED.,.F.,.F.,.U.,(5,5),(5,5),(1.12865719169,6.91946034751),(0.,3.175),.UNSPECIFIED.) ;
#1639=B_SPLINE_SURFACE_WITH_KNOTS('',3,4,((#1640,#1641,#1642,#1643,#1644),(#1645,#1646,#1647,#1648,#1649),(#1650,#1651,#1652,#1653,#1654),(#1655,#1656,#1657,#1658,#1659)),.UNSPECIFIED.,.F.,.F.,.U.,(4,4),(5,5),(17.5157537554,19.1428342032),(0.,3.175),.UNSPECIFIED.) ;
#1721=B_SPLINE_SURFACE_WITH_KNOTS('',3,4,((#1722,#1723,#1724,#1725,#1726),(#1727,#1728,#1729,#1730,#1731),(#1732,#1733,#1734,#1735,#1736),(#1737,#1738,#1739,#1740,#1741)),.UNSPECIFIED.,.F.,.F.,.U.,(4,4),(5,5),(13.9847058756,14.0081088202),(0.,3.175),.UNSPECIFIED.) ;
#1776=B_SPLINE_SURFACE_WITH_KNOTS('',4,4,((#1777,#1778,#1779,#1780,#1781),(#1782,#1783,#1784,#1785,#1786),(#1787,#1788,#1789,#1790,#1791),(#1792,#1793,#1794,#1795,#1796),(#1797,#1798,#1799,#1800,#1801)),.UNSPECIFIED.,.F.,.F.,.U.,(5,5),(5,5),(1.1286576401,6.91949039838),(0.,3.175),.UNSPECIFIED.) ;
#1830=B_SPLINE_SURFACE_WITH_KNOTS('',3,4,((#1831,#1832,#1833,#1834,#1835),(#1836,#1837,#1838,#1839,#1840),(#1841,#1842,#1843,#1844,#1845),(#1846,#1847,#1848,#1849,#1850)),.UNSPECIFIED.,.F.,.F.,.U.,(4,4),(5,5),(13.8834854449,15.5105392526),(0.,3.175),.UNSPECIFIED.) ;
#2510=B_SPLINE_SURFACE_WITH_KNOTS('',5,4,((#2511,#2512,#2513,#2514,#2515),(#2516,#2517,#2518,#2519,#2520),(#2521,#2522,#2523,#2524,#2525),(#2526,#2527,#2528,#2529,#2530),(#2531,#2532,#2533,#2534,#2535),(#2536,#2537,#2538,#2539,#2540)),.UNSPECIFIED.,.F.,.F.,.U.,(6,6),(5,5),(7.00429300507,20.4549410676),(-2.22738494316E-15,4.7625),.UNSPECIFIED.) ;
#2594=B_SPLINE_SURFACE_WITH_KNOTS('',5,3,((#2595,#2596,#2597,#2598),(#2599,#2600,#2601,#2602),(#2603,#2604,#2605,#2606),(#2607,#2608,#2609,#2610),(#2611,#2612,#2613,#2614),(#2615,#2616,#2617,#2618),(#2619,#2620,#2621,#2622),(#2623,#2624,#2625,#2626),(#2627,#2628,#2629,#2630),(#2631,#2632,#2633,#2634),(#2635,#2636,#2637,#2638),(#2639,#2640,#2641,#2642),(#2643,#2644,#2645,#2646),(#2647,#2648,#2649,#2650),(#2651,#2652,#2653,#2654),(#2655,#2656,#2657,#2658),(#2659,#2660,#2661,#2662),(#2663,#2664,#2665,#2666)),.UNSPECIFIED.,.F.,.F.,.U.,(6,3,3,3,3,6),(4,4),(0.,0.572721432257,1.01614215699,2.0861476421,3.15615312721,6.31230625441),(0.,0.390077163437),.UNSPECIFIED.) ;
#2705=B_SPLINE_SURFACE_WITH_KNOTS('',3,3,((#2706,#2707,#2708,#2709),(#2710,#2711,#2712,#2713),(#2714,#2715,#2716,#2717),(#2718,#2719,#2720,#2721)),.UNSPECIFIED.,.F.,.F.,.U.,(4,4),(4,4),(1.06427119353,1.73170933858),(0.,0.898878011113),.UNSPECIFIED.) ;
#2791=B_SPLINE_SURFACE_WITH_KNOTS('',5,4,((#2792,#2793,#2794,#2795,#2796),(#2797,#2798,#2799,#2800,#2801),(#2802,#2803,#2804,#2805,#2806),(#2807,#2808,#2809,#2810,#2811),(#2812,#2813,#2814,#2815,#2816),(#2817,#2818,#2819,#2820,#2821)),.UNSPECIFIED.,.F.,.F.,.U.,(6,6),(5,5),(7.01441945257,20.4650175351),(-2.32463084338E-08,4.7625),.UNSPECIFIED.) ;
#2872=B_SPLINE_SURFACE_WITH_KNOTS('',5,3,((#2873,#2874,#2875,#2876),(#2877,#2878,#2879,#2880),(#2881,#2882,#2883,#2884),(#2885,#2886,#2887,#2888),(#2889,#2890,#2891,#2892),(#2893,#2894,#2895,#2896),(#2897,#2898,#2899,#2900),(#2901,#2902,#2903,#2904),(#2905,#2906,#2907,#2908),(#2909,#2910,#2911,#2912),(#2913,#2914,#2915,#2916),(#2917,#2918,#2919,#2920),(#2921,#2922,#2923,#2924),(#2925,#2926,#2927,#2928),(#2929,#2930,#2931,#2932),(#2933,#2934,#2935,#2936),(#2937,#2938,#2939,#2940),(#2941,#2942,#2943,#2944)),.UNSPECIFIED.,.F.,.F.,.U.,(6,3,3,3,3,6),(4,4),(1.25590820799,3.46109818655,5.66628816512,6.33077276013,6.99525735513,7.56796991959),(0.,0.347591724628),.UNSPECIFIED.) ;
#2980=B_SPLINE_SURFACE_WITH_KNOTS('',3,3,((#2981,#2982,#2983,#2984),(#2985,#2986,#2987,#2988),(#2989,#2990,#2991,#2992),(#2993,#2994,#2995,#2996)),.UNSPECIFIED.,.F.,.F.,.U.,(4,4),(4,4),(6.91528096448,7.58271712536),(0.,0.898878052995),.UNSPECIFIED.) ;
#3042=B_SPLINE_SURFACE_WITH_KNOTS('',3,4,((#3043,#3044,#3045,#3046,#3047),(#3048,#3049,#3050,#3051,#3052),(#3053,#3054,#3055,#3056,#3057),(#3058,#3059,#3060,#3061,#3062)),.UNSPECIFIED.,.F.,.F.,.U.,(4,4),(5,5),(21.8752377847,26.7931108232),(-3.46944695196E-18,4.76250018231),.UNSPECIFIED.) ;
#3079=B_SPLINE_SURFACE_WITH_KNOTS('',3,4,((#3080,#3081,#3082,#3083,#3084),(#3085,#3086,#3087,#3088,#3089),(#3090,#3091,#3092,#3093,#3094),(#3095,#3096,#3097,#3098,#3099)),.UNSPECIFIED.,.F.,.F.,.U.,(4,4),(5,5),(22.5910756702,27.5089487026),(0.,4.76250000047),.UNSPECIFIED.) ;
#3807=B_SPLINE_SURFACE_WITH_KNOTS('',3,4,((#3808,#3809,#3810,#3811,#3812),(#3813,#3814,#3815,#3816,#3817),(#3818,#3819,#3820,#3821,#3822),(#3823,#3824,#3825,#3826,#3827)),.UNSPECIFIED.,.F.,.F.,.U.,(4,4),(5,5),(13.9847344093,14.0081374346),(0.,3.175),.UNSPECIFIED.) ;
#3862=B_SPLINE_SURFACE_WITH_KNOTS('',4,4,((#3863,#3864,#3865,#3866,#3867),(#3868,#3869,#3870,#3871,#3872),(#3873,#3874,#3875,#3876,#3877),(#3878,#3879,#3880,#3881,#3882),(#3883,#3884,#3885,#3886,#3887)),.UNSPECIFIED.,.F.,.F.,.U.,(5,5),(5,5),(1.12865719169,6.91946034751),(0.,3.175),.UNSPECIFIED.) ;
#3916=B_SPLINE_SURFACE_WITH_KNOTS('',3,4,((#3917,#3918,#3919,#3920,#3921),(#3922,#3923,#3924,#3925,#3926),(#3927,#3928,#3929,#3930,#3931),(#3932,#3933,#3934,#3935,#3936)),.UNSPECIFIED.,.F.,.F.,.U.,(4,4),(5,5),(17.5157537554,19.1428342032),(0.,3.175),.UNSPECIFIED.) ;
#3998=B_SPLINE_SURFACE_WITH_KNOTS('',3,4,((#3999,#4000,#4001,#4002,#4003),(#4004,#4005,#4006,#4007,#4008),(#4009,#4010,#4011,#4012,#4013),(#4014,#4015,#4016,#4017,#4018)),.UNSPECIFIED.,.F.,.F.,.U.,(4,4),(5,5),(13.9847058756,14.0081088202),(0.,3.175),.UNSPECIFIED.) ;
#4053=B_SPLINE_SURFACE_WITH_KNOTS('',4,4,((#4054,#4055,#4056,#4057,#4058),(#4059,#4060,#4061,#4062,#4063),(#4064,#4065,#4066,#4067,#4068),(#4069,#4070,#4071,#4072,#4073),(#4074,#4075,#4076,#4077,#4078)),.UNSPECIFIED.,.F.,.F.,.U.,(5,5),(5,5),(1.1286576401,6.91949039838),(0.,3.175),.UNSPECIFIED.) ;
#4107=B_SPLINE_SURFACE_WITH_KNOTS('',3,4,((#4108,#4109,#4110,#4111,#4112),(#4113,#4114,#4115,#4116,#4117),(#4118,#4119,#4120,#4121,#4122),(#4123,#4124,#4125,#4126,#4127)),.UNSPECIFIED.,.F.,.F.,.U.,(4,4),(5,5),(13.8834854449,15.5105392526),(0.,3.175),.UNSPECIFIED.) ;
#4762=B_SPLINE_SURFACE_WITH_KNOTS('',5,4,((#4763,#4764,#4765,#4766,#4767),(#4768,#4769,#4770,#4771,#4772),(#4773,#4774,#4775,#4776,#4777),(#4778,#4779,#4780,#4781,#4782),(#4783,#4784,#4785,#4786,#4787),(#4788,#4789,#4790,#4791,#4792)),.UNSPECIFIED.,.F.,.F.,.U.,(6,6),(5,5),(7.00429300507,20.4549410676),(-2.22738494316E-15,4.7625),.UNSPECIFIED.) ;
#4846=B_SPLINE_SURFACE_WITH_KNOTS('',5,3,((#4847,#4848,#4849,#4850),(#4851,#4852,#4853,#4854),(#4855,#4856,#4857,#4858),(#4859,#4860,#4861,#4862),(#4863,#4864,#4865,#4866),(#4867,#4868,#4869,#4870),(#4871,#4872,#4873,#4874),(#4875,#4876,#4877,#4878),(#4879,#4880,#4881,#4882),(#4883,#4884,#4885,#4886),(#4887,#4888,#4889,#4890),(#4891,#4892,#4893,#4894),(#4895,#4896,#4897,#4898),(#4899,#4900,#4901,#4902),(#4903,#4904,#4905,#4906),(#4907,#4908,#4909,#4910),(#4911,#4912,#4913,#4914),(#4915,#4916,#4917,#4918)),.UNSPECIFIED.,.F.,.F.,.U.,(6,3,3,3,3,6),(4,4),(0.,0.572721432257,1.01614215699,2.0861476421,3.15615312721,6.31230625441),(0.,0.390077163437),.UNSPECIFIED.) ;
#4957=B_SPLINE_SURFACE_WITH_KNOTS('',3,3,((#4958,#4959,#4960,#4961),(#4962,#4963,#4964,#4965),(#4966,#4967,#4968,#4969),(#4970,#4971,#4972,#4973)),.UNSPECIFIED.,.F.,.F.,.U.,(4,4),(4,4),(1.06427119353,1.73170933858),(0.,0.898878011113),.UNSPECIFIED.) ;
#5043=B_SPLINE_SURFACE_WITH_KNOTS('',5,4,((#5044,#5045,#5046,#5047,#5048),(#5049,#5050,#5051,#5052,#5053),(#5054,#5055,#5056,#5057,#5058),(#5059,#5060,#5061,#5062,#5063),(#5064,#5065,#5066,#5067,#5068),(#5069,#5070,#5071,#5072,#5073)),.UNSPECIFIED.,.F.,.F.,.U.,(6,6),(5,5),(7.01441945257,20.4650175351),(-2.32463084338E-08,4.7625),.UNSPECIFIED.) ;
#5124=B_SPLINE_SURFACE_WITH_KNOTS('',5,3,((#5125,#5126,#5127,#5128),(#5129,#5130,#5131,#5132),(#5133,#5134,#5135,#5136),(#5137,#5138,#5139,#5140),(#5141,#5142,#5143,#5144),(#5145,#5146,#5147,#5148),(#5149,#5150,#5151,#5152),(#5153,#5154,#5155,#5156),(#5157,#5158,#5159,#5160),(#5161,#5162,#5163,#5164),(#5165,#5166,#5167,#5168),(#5169,#5170,#5171,#5172),(#5173,#5174,#5175,#5176),(#5177,#5178,#5179,#5180),(#5181,#5182,#5183,#5184),(#5185,#5186,#5187,#5188),(#5189,#5190,#5191,#5192),(#5193,#5194,#5195,#5196)),.UNSPECIFIED.,.F.,.F.,.U.,(6,3,3,3,3,6),(4,4),(1.25590820799,3.46109818655,5.66628816512,6.33077276013,6.99525735513,7.56796991959),(0.,0.347591724628),.UNSPECIFIED.) ;
#5232=B_SPLINE_SURFACE_WITH_KNOTS('',3,3,((#5233,#5234,#5235,#5236),(#5237,#5238,#5239,#5240),(#5241,#5242,#5243,#5244),(#5245,#5246,#5247,#5248)),.UNSPECIFIED.,.F.,.F.,.U.,(4,4),(4,4),(6.91528096448,7.58271712536),(0.,0.898878052995),.UNSPECIFIED.) ;
#5294=B_SPLINE_SURFACE_WITH_KNOTS('',3,4,((#5295,#5296,#5297,#5298,#5299),(#5300,#5301,#5302,#5303,#5304),(#5305,#5306,#5307,#5308,#5309),(#5310,#5311,#5312,#5313,#5314)),.UNSPECIFIED.,.F.,.F.,.U.,(4,4),(5,5),(21.8752377847,26.7931108232),(-3.46944695196E-18,4.76250018231),.UNSPECIFIED.) ;
#5331=B_SPLINE_SURFACE_WITH_KNOTS('',3,4,((#5332,#5333,#5334,#5335,#5336),(#5337,#5338,#5339,#5340,#5341),(#5342,#5343,#5344,#5345,#5346),(#5347,#5348,#5349,#5350,#5351)),.UNSPECIFIED.,.F.,.F.,.U.,(4,4),(5,5),(22.5910756702,27.5089487026),(0.,4.76250000047),.UNSPECIFIED.) ;
#132=MANIFOLD_SOLID_BREP('',#136) ;
#1162=MANIFOLD_SOLID_BREP('',#1165) ;
#3461=MANIFOLD_SOLID_BREP('',#3464) ;
#193=CIRCLE('generated circle',#192,31.75) ;
#200=CIRCLE('generated circle',#199,31.75) ;
#284=CIRCLE('generated circle',#283,31.75) ;
#291=CIRCLE('generated circle',#290,31.75) ;
#348=CIRCLE('generated circle',#347,38.1) ;
#362=CIRCLE('generated circle',#361,38.1) ;
#412=CIRCLE('generated circle',#411,38.1) ;
#419=CIRCLE('generated circle',#418,38.1) ;
#476=CIRCLE('generated circle',#475,38.1) ;
#483=CIRCLE('generated circle',#482,38.1) ;
#508=CIRCLE('generated circle',#507,9.525) ;
#522=CIRCLE('generated circle',#521,9.525) ;
#572=CIRCLE('generated circle',#571,9.525) ;
#586=CIRCLE('generated circle',#585,9.525) ;
#604=CIRCLE('generated circle',#603,38.1) ;
#611=CIRCLE('generated circle',#610,38.1) ;
#668=CIRCLE('generated circle',#667,38.1) ;
#675=CIRCLE('generated circle',#674,38.1) ;
#732=CIRCLE('generated circle',#731,38.1) ;
#737=CIRCLE('generated circle',#736,38.1) ;
#755=CIRCLE('generated circle',#754,4.7625) ;
#771=CIRCLE('generated circle',#770,4.7625) ;
#796=CIRCLE('generated circle',#795,4.7625) ;
#801=CIRCLE('generated circle',#800,4.7625) ;
#860=CIRCLE('generated circle',#859,3.175) ;
#874=CIRCLE('generated circle',#873,3.175) ;
#892=CIRCLE('generated circle',#891,19.) ;
#899=CIRCLE('generated circle',#898,19.) ;
#965=CIRCLE('generated circle',#964,3.175) ;
#970=CIRCLE('generated circle',#969,3.175) ;
#1020=CIRCLE('generated circle',#1019,4.7625) ;
#1036=CIRCLE('generated circle',#1035,4.7625) ;
#1061=CIRCLE('generated circle',#1060,4.7625) ;
#1066=CIRCLE('generated circle',#1065,4.7625) ;
#1178=CIRCLE('generated circle',#1177,38.1) ;
#1185=CIRCLE('generated circle',#1184,9.525) ;
#1199=CIRCLE('generated circle',#1198,9.525) ;
#1206=CIRCLE('generated circle',#1205,38.1) ;
#1220=CIRCLE('generated circle',#1219,4.7625) ;
#1227=CIRCLE('generated circle',#1226,25.4) ;
#1234=CIRCLE('generated circle',#1233,4.7625) ;
#1251=CIRCLE('generated circle',#1250,4.7625) ;
#1260=CIRCLE('generated circle',#1259,4.7625) ;
#1269=CIRCLE('generated circle',#1268,4.7625) ;
#1278=CIRCLE('generated circle',#1277,4.7625) ;
#1315=CIRCLE('generated circle',#1314,9.525) ;
#1333=CIRCLE('generated circle',#1332,3.175) ;
#1340=CIRCLE('generated circle',#1339,8.59506403027) ;
#1347=CIRCLE('generated circle',#1346,3.175) ;
#1379=CIRCLE('generated circle',#1378,9.525) ;
#1397=CIRCLE('generated circle',#1396,3.175) ;
#1404=CIRCLE('generated circle',#1403,8.59506403027) ;
#1411=CIRCLE('generated circle',#1410,3.175) ;
#1443=CIRCLE('generated circle',#1442,25.4) ;
#1461=CIRCLE('generated circle',#1460,3.175) ;
#1468=CIRCLE('generated circle',#1467,24.2658506608) ;
#1475=CIRCLE('generated circle',#1474,3.175) ;
#1910=CIRCLE('generated circle',#1909,3.175) ;
#1928=CIRCLE('generated circle',#1927,38.1) ;
#1946=CIRCLE('generated circle',#1945,39.0299359697) ;
#1989=CIRCLE('generated circle',#1988,3.175) ;
#2014=CIRCLE('generated circle',#2013,38.1) ;
#2032=CIRCLE('generated circle',#2031,39.0299359697) ;
#2120=CIRCLE('generated circle',#2119,3.175) ;
#2127=CIRCLE('generated circle',#2126,3.175) ;
#2134=CIRCLE('generated circle',#2133,45.1870819295) ;
#2159=CIRCLE('generated circle',#2158,3.07818004881) ;
#2177=CIRCLE('generated circle',#2176,3.175) ;
#2184=CIRCLE('generated circle',#2183,2.43791807032) ;
#2227=CIRCLE('generated circle',#2226,3.175) ;
#2259=CIRCLE('generated circle',#2258,3.07818004881) ;
#2277=CIRCLE('generated circle',#2276,3.175) ;
#2284=CIRCLE('generated circle',#2283,2.43791807032) ;
#2309=CIRCLE('generated circle',#2308,44.5468199511) ;
#2327=CIRCLE('generated circle',#2326,3.175) ;
#2334=CIRCLE('generated circle',#2333,45.1870819296) ;
#2352=CIRCLE('generated circle',#2351,16.0355290671) ;
#2387=CIRCLE('generated circle',#2386,46.7514741059) ;
#2394=CIRCLE('generated circle',#2393,0.873525894064) ;
#2408=CIRCLE('generated circle',#2407,0.873525894065) ;
#2415=CIRCLE('generated circle',#2414,46.7514741059) ;
#2493=CIRCLE('generated circle',#2492,3.175) ;
#2774=CIRCLE('generated circle',#2773,3.175) ;
#3254=CIRCLE('generated circle',#3253,4.7625) ;
#3279=CIRCLE('generated circle',#3278,4.7625) ;
#3297=CIRCLE('generated circle',#3296,4.40552627986) ;
#3306=CIRCLE('generated circle',#3305,4.40552627986) ;
#3365=CIRCLE('generated circle',#3364,4.7625) ;
#3390=CIRCLE('generated circle',#3389,4.7625) ;
#3408=CIRCLE('generated circle',#3407,4.40552627986) ;
#3417=CIRCLE('generated circle',#3416,4.40552627986) ;
#3473=CIRCLE('generated circle',#3472,4.7625) ;
#3482=CIRCLE('generated circle',#3481,25.4) ;
#3489=CIRCLE('generated circle',#3488,4.7625) ;
#3503=CIRCLE('generated circle',#3502,38.1) ;
#3510=CIRCLE('generated circle',#3509,9.525) ;
#3524=CIRCLE('generated circle',#3523,9.525) ;
#3531=CIRCLE('generated circle',#3530,38.1) ;
#3555=CIRCLE('generated circle',#3554,4.7625) ;
#3564=CIRCLE('generated circle',#3563,4.7625) ;
#3573=CIRCLE('generated circle',#3572,4.7625) ;
#3582=CIRCLE('generated circle',#3581,4.7625) ;
#3593=CIRCLE('generated circle',#3592,9.525) ;
#3625=CIRCLE('generated circle',#3624,3.175) ;
#3632=CIRCLE('generated circle',#3631,8.59506403027) ;
#3639=CIRCLE('generated circle',#3638,3.175) ;
#3652=CIRCLE('generated circle',#3651,9.525) ;
#3684=CIRCLE('generated circle',#3683,3.175) ;
#3691=CIRCLE('generated circle',#3690,8.59506403027) ;
#3698=CIRCLE('generated circle',#3697,3.175) ;
#3711=CIRCLE('generated circle',#3710,25.4) ;
#3743=CIRCLE('generated circle',#3742,3.175) ;
#3750=CIRCLE('generated circle',#3749,24.2658506608) ;
#3757=CIRCLE('generated circle',#3756,3.175) ;
#4175=CIRCLE('generated circle',#4174,3.175) ;
#4195=CIRCLE('generated circle',#4194,38.1) ;
#4213=CIRCLE('generated circle',#4212,39.0299359697) ;
#4258=CIRCLE('generated circle',#4257,3.175) ;
#4271=CIRCLE('generated circle',#4270,38.1) ;
#4289=CIRCLE('generated circle',#4288,39.0299359697) ;
#4372=CIRCLE('generated circle',#4371,45.1870819295) ;
#4381=CIRCLE('generated circle',#4380,3.175) ;
#4386=CIRCLE('generated circle',#4385,3.175) ;
#4404=CIRCLE('generated circle',#4403,3.07818004881) ;
#4429=CIRCLE('generated circle',#4428,2.43791807032) ;
#4436=CIRCLE('generated circle',#4435,3.175) ;
#4486=CIRCLE('generated circle',#4485,3.175) ;
#4504=CIRCLE('generated circle',#4503,3.07818004881) ;
#4529=CIRCLE('generated circle',#4528,2.43791807032) ;
#4536=CIRCLE('generated circle',#4535,3.175) ;
#4554=CIRCLE('generated circle',#4553,44.5468199511) ;
#4579=CIRCLE('generated circle',#4578,45.1870819296) ;
#4586=CIRCLE('generated circle',#4585,3.175) ;
#4632=CIRCLE('generated circle',#4631,46.7514741059) ;
#4639=CIRCLE('generated circle',#4638,0.873525894065) ;
#4653=CIRCLE('generated circle',#4652,0.873525894064) ;
#4660=CIRCLE('generated circle',#4659,46.7514741059) ;
#4693=CIRCLE('generated circle',#4692,16.0355290671) ;
#4752=CIRCLE('generated circle',#4751,3.175) ;
#5033=CIRCLE('generated circle',#5032,3.175) ;
#5501=CIRCLE('generated circle',#5500,4.7625) ;
#5521=CIRCLE('generated circle',#5520,4.7625) ;
#5539=CIRCLE('generated circle',#5538,4.40552627986) ;
#5548=CIRCLE('generated circle',#5547,4.40552627986) ;
#5602=CIRCLE('generated circle',#5601,4.7625) ;
#5622=CIRCLE('generated circle',#5621,4.7625) ;
#5640=CIRCLE('generated circle',#5639,4.40552627986) ;
#5649=CIRCLE('generated circle',#5648,4.40552627986) ;
#23=COLOUR_RGB('Colour',1.17647058824,1.17647058824,1.17647058824) ;
#177=COLOUR_RGB('Colour',0.733333333333,0.905882352941,0.996078431373) ;
#1285=COLOUR_RGB('Colour',0.823529411765,0.98431372549,0.643137254902) ;
#2082=CONICAL_SURFACE('Cone',#2081,38.1,0.785398163397) ;
#2148=CONICAL_SURFACE('Cone',#2147,9.525,0.785398163397) ;
#2248=CONICAL_SURFACE('Cone',#2247,9.525,0.785398163397) ;
#2298=CONICAL_SURFACE('Cone',#2297,38.1,0.785398163397) ;
#3017=CONICAL_SURFACE('Cone',#3016,25.4,0.872664625997) ;
#3120=CONICAL_SURFACE('Cone',#3119,0.,1.04089353705) ;
#3143=CONICAL_SURFACE('Cone',#3142,0.,1.04089353705) ;
#3179=CONICAL_SURFACE('Cone',#3178,0.,1.04089353705) ;
#3197=CONICAL_SURFACE('Cone',#3196,0.,1.04089353705) ;
#3318=CONICAL_SURFACE('Cone',#3317,4.7625,0.13962634016) ;
#3341=CONICAL_SURFACE('Cone',#3340,4.7625,0.13962634016) ;
#3429=CONICAL_SURFACE('Cone',#3428,4.7625,0.13962634016) ;
#3452=CONICAL_SURFACE('Cone',#3451,4.7625,0.13962634016) ;
#4334=CONICAL_SURFACE('Cone',#4333,38.1,0.785398163397) ;
#4400=CONICAL_SURFACE('Cone',#4399,9.525,0.785398163397) ;
#4500=CONICAL_SURFACE('Cone',#4499,9.525,0.785398163397) ;
#4550=CONICAL_SURFACE('Cone',#4549,38.1,0.785398163397) ;
#5269=CONICAL_SURFACE('Cone',#5268,25.4,0.872664625997) ;
#5372=CONICAL_SURFACE('Cone',#5371,0.,1.04089353705) ;
#5395=CONICAL_SURFACE('Cone',#5394,0.,1.04089353705) ;
#5431=CONICAL_SURFACE('Cone',#5430,0.,1.04089353705) ;
#5449=CONICAL_SURFACE('Cone',#5448,0.,1.04089353705) ;
#5560=CONICAL_SURFACE('Cone',#5559,4.7625,0.13962634016) ;
#5583=CONICAL_SURFACE('Cone',#5582,4.7625,0.13962634016) ;
#5661=CONICAL_SURFACE('Cone',#5660,4.7625,0.13962634016) ;
#5684=CONICAL_SURFACE('Cone',#5683,4.7625,0.13962634016) ;
#27=INVISIBILITY((#26,#34,#40,#46,#52,#58,#64,#70,#76,#82,#88,#94,#100,#106,#112,#118,#124,#130)) ;
#184=OVER_RIDING_STYLED_ITEM(' ',(#183),#176,#134) ;
#216=OVER_RIDING_STYLED_ITEM(' ',(#183),#215,#134) ;
#275=OVER_RIDING_STYLED_ITEM(' ',(#183),#274,#134) ;
#307=OVER_RIDING_STYLED_ITEM(' ',(#183),#306,#134) ;
#339=OVER_RIDING_STYLED_ITEM(' ',(#183),#338,#134) ;
#371=OVER_RIDING_STYLED_ITEM(' ',(#183),#370,#134) ;
#403=OVER_RIDING_STYLED_ITEM(' ',(#183),#402,#134) ;
#435=OVER_RIDING_STYLED_ITEM(' ',(#183),#434,#134) ;
#467=OVER_RIDING_STYLED_ITEM(' ',(#183),#466,#134) ;
#499=OVER_RIDING_STYLED_ITEM(' ',(#183),#498,#134) ;
#531=OVER_RIDING_STYLED_ITEM(' ',(#183),#530,#134) ;
#563=OVER_RIDING_STYLED_ITEM(' ',(#183),#562,#134) ;
#595=OVER_RIDING_STYLED_ITEM(' ',(#183),#594,#134) ;
#627=OVER_RIDING_STYLED_ITEM(' ',(#183),#626,#134) ;
#659=OVER_RIDING_STYLED_ITEM(' ',(#183),#658,#134) ;
#691=OVER_RIDING_STYLED_ITEM(' ',(#183),#690,#134) ;
#723=OVER_RIDING_STYLED_ITEM(' ',(#183),#722,#134) ;
#746=OVER_RIDING_STYLED_ITEM(' ',(#183),#745,#134) ;
#787=OVER_RIDING_STYLED_ITEM(' ',(#183),#786,#134) ;
#810=OVER_RIDING_STYLED_ITEM(' ',(#183),#809,#134) ;
#851=OVER_RIDING_STYLED_ITEM(' ',(#183),#850,#134) ;
#883=OVER_RIDING_STYLED_ITEM(' ',(#183),#882,#134) ;
#915=OVER_RIDING_STYLED_ITEM(' ',(#183),#914,#134) ;
#947=OVER_RIDING_STYLED_ITEM(' ',(#183),#946,#134) ;
#979=OVER_RIDING_STYLED_ITEM(' ',(#183),#978,#134) ;
#1011=OVER_RIDING_STYLED_ITEM(' ',(#183),#1010,#134) ;
#1052=OVER_RIDING_STYLED_ITEM(' ',(#183),#1051,#134) ;
#1075=OVER_RIDING_STYLED_ITEM(' ',(#183),#1074,#134) ;
#1118=OVER_RIDING_STYLED_ITEM(' ',(#183),#1117,#134) ;
#1161=OVER_RIDING_STYLED_ITEM(' ',(#183),#1160,#134) ;
#1292=OVER_RIDING_STYLED_ITEM(' ',(#1291),#1284,#1163) ;
#1324=OVER_RIDING_STYLED_ITEM(' ',(#1291),#1323,#1163) ;
#1356=OVER_RIDING_STYLED_ITEM(' ',(#1291),#1355,#1163) ;
#1388=OVER_RIDING_STYLED_ITEM(' ',(#1291),#1387,#1163) ;
#1420=OVER_RIDING_STYLED_ITEM(' ',(#1291),#1419,#1163) ;
#1452=OVER_RIDING_STYLED_ITEM(' ',(#1291),#1451,#1163) ;
#1484=OVER_RIDING_STYLED_ITEM(' ',(#1291),#1483,#1163) ;
#1529=OVER_RIDING_STYLED_ITEM(' ',(#1291),#1528,#1163) ;
#1584=OVER_RIDING_STYLED_ITEM(' ',(#1291),#1583,#1163) ;
#1638=OVER_RIDING_STYLED_ITEM(' ',(#1291),#1637,#1163) ;
#1675=OVER_RIDING_STYLED_ITEM(' ',(#1291),#1674,#1163) ;
#1720=OVER_RIDING_STYLED_ITEM(' ',(#1291),#1719,#1163) ;
#1775=OVER_RIDING_STYLED_ITEM(' ',(#1291),#1774,#1163) ;
#1829=OVER_RIDING_STYLED_ITEM(' ',(#1291),#1828,#1163) ;
#1869=OVER_RIDING_STYLED_ITEM(' ',(#1291),#1868,#1163) ;
#1894=OVER_RIDING_STYLED_ITEM(' ',(#1291),#1893,#1163) ;
#1919=OVER_RIDING_STYLED_ITEM(' ',(#1291),#1918,#1163) ;
#1937=OVER_RIDING_STYLED_ITEM(' ',(#1291),#1936,#1163) ;
#1955=OVER_RIDING_STYLED_ITEM(' ',(#1291),#1954,#1163) ;
#1980=OVER_RIDING_STYLED_ITEM(' ',(#1291),#1979,#1163) ;
#2005=OVER_RIDING_STYLED_ITEM(' ',(#1291),#2004,#1163) ;
#2023=OVER_RIDING_STYLED_ITEM(' ',(#1291),#2022,#1163) ;
#2041=OVER_RIDING_STYLED_ITEM(' ',(#1291),#2040,#1163) ;
#2059=OVER_RIDING_STYLED_ITEM(' ',(#1291),#2058,#1163) ;
#2077=OVER_RIDING_STYLED_ITEM(' ',(#1291),#2076,#1163) ;
#2111=OVER_RIDING_STYLED_ITEM(' ',(#1291),#2110,#1163) ;
#2143=OVER_RIDING_STYLED_ITEM(' ',(#1291),#2142,#1163) ;
#2168=OVER_RIDING_STYLED_ITEM(' ',(#1291),#2167,#1163) ;
#2193=OVER_RIDING_STYLED_ITEM(' ',(#1291),#2192,#1163) ;
#2218=OVER_RIDING_STYLED_ITEM(' ',(#1291),#2217,#1163) ;
#2243=OVER_RIDING_STYLED_ITEM(' ',(#1291),#2242,#1163) ;
#2268=OVER_RIDING_STYLED_ITEM(' ',(#1291),#2267,#1163) ;
#2293=OVER_RIDING_STYLED_ITEM(' ',(#1291),#2292,#1163) ;
#2318=OVER_RIDING_STYLED_ITEM(' ',(#1291),#2317,#1163) ;
#2343=OVER_RIDING_STYLED_ITEM(' ',(#1291),#2342,#1163) ;
#2456=OVER_RIDING_STYLED_ITEM(' ',(#1291),#2455,#1163) ;
#2484=OVER_RIDING_STYLED_ITEM(' ',(#1291),#2483,#1163) ;
#2509=OVER_RIDING_STYLED_ITEM(' ',(#1291),#2508,#1163) ;
#2593=OVER_RIDING_STYLED_ITEM(' ',(#1291),#2592,#1163) ;
#2704=OVER_RIDING_STYLED_ITEM(' ',(#1291),#2703,#1163) ;
#2737=OVER_RIDING_STYLED_ITEM(' ',(#1291),#2736,#1163) ;
#2765=OVER_RIDING_STYLED_ITEM(' ',(#1291),#2764,#1163) ;
#2790=OVER_RIDING_STYLED_ITEM(' ',(#1291),#2789,#1163) ;
#2871=OVER_RIDING_STYLED_ITEM(' ',(#1291),#2870,#1163) ;
#2979=OVER_RIDING_STYLED_ITEM(' ',(#1291),#2978,#1163) ;
#3012=OVER_RIDING_STYLED_ITEM(' ',(#1291),#3011,#1163) ;
#3041=OVER_RIDING_STYLED_ITEM(' ',(#1291),#3040,#1163) ;
#3078=OVER_RIDING_STYLED_ITEM(' ',(#1291),#3077,#1163) ;
#3115=OVER_RIDING_STYLED_ITEM(' ',(#1291),#3114,#1163) ;
#3138=OVER_RIDING_STYLED_ITEM(' ',(#1291),#3137,#1163) ;
#3156=OVER_RIDING_STYLED_ITEM(' ',(#1291),#3155,#1163) ;
#3174=OVER_RIDING_STYLED_ITEM(' ',(#1291),#3173,#1163) ;
#3192=OVER_RIDING_STYLED_ITEM(' ',(#1291),#3191,#1163) ;
#3210=OVER_RIDING_STYLED_ITEM(' ',(#1291),#3209,#1163) ;
#3224=OVER_RIDING_STYLED_ITEM(' ',(#1291),#3223,#1163) ;
#3238=OVER_RIDING_STYLED_ITEM(' ',(#1291),#3237,#1163) ;
#3270=OVER_RIDING_STYLED_ITEM(' ',(#1291),#3269,#1163) ;
#3288=OVER_RIDING_STYLED_ITEM(' ',(#1291),#3287,#1163) ;
#3313=OVER_RIDING_STYLED_ITEM(' ',(#1291),#3312,#1163) ;
#3336=OVER_RIDING_STYLED_ITEM(' ',(#1291),#3335,#1163) ;
#3349=OVER_RIDING_STYLED_ITEM(' ',(#1291),#3348,#1163) ;
#3381=OVER_RIDING_STYLED_ITEM(' ',(#1291),#3380,#1163) ;
#3399=OVER_RIDING_STYLED_ITEM(' ',(#1291),#3398,#1163) ;
#3424=OVER_RIDING_STYLED_ITEM(' ',(#1291),#3423,#1163) ;
#3447=OVER_RIDING_STYLED_ITEM(' ',(#1291),#3446,#1163) ;
#3460=OVER_RIDING_STYLED_ITEM(' ',(#1291),#3459,#1163) ;
#3589=OVER_RIDING_STYLED_ITEM(' ',(#1291),#3588,#3462) ;
#3616=OVER_RIDING_STYLED_ITEM(' ',(#1291),#3615,#3462) ;
#3648=OVER_RIDING_STYLED_ITEM(' ',(#1291),#3647,#3462) ;
#3675=OVER_RIDING_STYLED_ITEM(' ',(#1291),#3674,#3462) ;
#3707=OVER_RIDING_STYLED_ITEM(' ',(#1291),#3706,#3462) ;
#3734=OVER_RIDING_STYLED_ITEM(' ',(#1291),#3733,#3462) ;
#3766=OVER_RIDING_STYLED_ITEM(' ',(#1291),#3765,#3462) ;
#3806=OVER_RIDING_STYLED_ITEM(' ',(#1291),#3805,#3462) ;
#3861=OVER_RIDING_STYLED_ITEM(' ',(#1291),#3860,#3462) ;
#3915=OVER_RIDING_STYLED_ITEM(' ',(#1291),#3914,#3462) ;
#3952=OVER_RIDING_STYLED_ITEM(' ',(#1291),#3951,#3462) ;
#3997=OVER_RIDING_STYLED_ITEM(' ',(#1291),#3996,#3462) ;
#4052=OVER_RIDING_STYLED_ITEM(' ',(#1291),#4051,#3462) ;
#4106=OVER_RIDING_STYLED_ITEM(' ',(#1291),#4105,#3462) ;
#4146=OVER_RIDING_STYLED_ITEM(' ',(#1291),#4145,#3462) ;
#4166=OVER_RIDING_STYLED_ITEM(' ',(#1291),#4165,#3462) ;
#4191=OVER_RIDING_STYLED_ITEM(' ',(#1291),#4190,#3462) ;
#4204=OVER_RIDING_STYLED_ITEM(' ',(#1291),#4203,#3462) ;
#4222=OVER_RIDING_STYLED_ITEM(' ',(#1291),#4221,#3462) ;
#4242=OVER_RIDING_STYLED_ITEM(' ',(#1291),#4241,#3462) ;
#4267=OVER_RIDING_STYLED_ITEM(' ',(#1291),#4266,#3462) ;
#4280=OVER_RIDING_STYLED_ITEM(' ',(#1291),#4279,#3462) ;
#4298=OVER_RIDING_STYLED_ITEM(' ',(#1291),#4297,#3462) ;
#4311=OVER_RIDING_STYLED_ITEM(' ',(#1291),#4310,#3462) ;
#4329=OVER_RIDING_STYLED_ITEM(' ',(#1291),#4328,#3462) ;
#4363=OVER_RIDING_STYLED_ITEM(' ',(#1291),#4362,#3462) ;
#4395=OVER_RIDING_STYLED_ITEM(' ',(#1291),#4394,#3462) ;
#4420=OVER_RIDING_STYLED_ITEM(' ',(#1291),#4419,#3462) ;
#4445=OVER_RIDING_STYLED_ITEM(' ',(#1291),#4444,#3462) ;
#4470=OVER_RIDING_STYLED_ITEM(' ',(#1291),#4469,#3462) ;
#4495=OVER_RIDING_STYLED_ITEM(' ',(#1291),#4494,#3462) ;
#4520=OVER_RIDING_STYLED_ITEM(' ',(#1291),#4519,#3462) ;
#4545=OVER_RIDING_STYLED_ITEM(' ',(#1291),#4544,#3462) ;
#4570=OVER_RIDING_STYLED_ITEM(' ',(#1291),#4569,#3462) ;
#4595=OVER_RIDING_STYLED_ITEM(' ',(#1291),#4594,#3462) ;
#4708=OVER_RIDING_STYLED_ITEM(' ',(#1291),#4707,#3462) ;
#4736=OVER_RIDING_STYLED_ITEM(' ',(#1291),#4735,#3462) ;
#4761=OVER_RIDING_STYLED_ITEM(' ',(#1291),#4760,#3462) ;
#4845=OVER_RIDING_STYLED_ITEM(' ',(#1291),#4844,#3462) ;
#4956=OVER_RIDING_STYLED_ITEM(' ',(#1291),#4955,#3462) ;
#4989=OVER_RIDING_STYLED_ITEM(' ',(#1291),#4988,#3462) ;
#5017=OVER_RIDING_STYLED_ITEM(' ',(#1291),#5016,#3462) ;
#5042=OVER_RIDING_STYLED_ITEM(' ',(#1291),#5041,#3462) ;
#5123=OVER_RIDING_STYLED_ITEM(' ',(#1291),#5122,#3462) ;
#5231=OVER_RIDING_STYLED_ITEM(' ',(#1291),#5230,#3462) ;
#5264=OVER_RIDING_STYLED_ITEM(' ',(#1291),#5263,#3462) ;
#5293=OVER_RIDING_STYLED_ITEM(' ',(#1291),#5292,#3462) ;
#5330=OVER_RIDING_STYLED_ITEM(' ',(#1291),#5329,#3462) ;
#5367=OVER_RIDING_STYLED_ITEM(' ',(#1291),#5366,#3462) ;
#5390=OVER_RIDING_STYLED_ITEM(' ',(#1291),#5389,#3462) ;
#5408=OVER_RIDING_STYLED_ITEM(' ',(#1291),#5407,#3462) ;
#5426=OVER_RIDING_STYLED_ITEM(' ',(#1291),#5425,#3462) ;
#5444=OVER_RIDING_STYLED_ITEM(' ',(#1291),#5443,#3462) ;
#5462=OVER_RIDING_STYLED_ITEM(' ',(#1291),#5461,#3462) ;
#5476=OVER_RIDING_STYLED_ITEM(' ',(#1291),#5475,#3462) ;
#5490=OVER_RIDING_STYLED_ITEM(' ',(#1291),#5489,#3462) ;
#5517=OVER_RIDING_STYLED_ITEM(' ',(#1291),#5516,#3462) ;
#5530=OVER_RIDING_STYLED_ITEM(' ',(#1291),#5529,#3462) ;
#5555=OVER_RIDING_STYLED_ITEM(' ',(#1291),#5554,#3462) ;
#5578=OVER_RIDING_STYLED_ITEM(' ',(#1291),#5577,#3462) ;
#5591=OVER_RIDING_STYLED_ITEM(' ',(#1291),#5590,#3462) ;
#5618=OVER_RIDING_STYLED_ITEM(' ',(#1291),#5617,#3462) ;
#5631=OVER_RIDING_STYLED_ITEM(' ',(#1291),#5630,#3462) ;
#5656=OVER_RIDING_STYLED_ITEM(' ',(#1291),#5655,#3462) ;
#5679=OVER_RIDING_STYLED_ITEM(' ',(#1291),#5678,#3462) ;
#5692=OVER_RIDING_STYLED_ITEM(' ',(#1291),#5691,#3462) ;
#189=CYLINDRICAL_SURFACE('generated cylinder',#188,31.75) ;
#280=CYLINDRICAL_SURFACE('generated cylinder',#279,31.75) ;
#344=CYLINDRICAL_SURFACE('generated cylinder',#343,38.1) ;
#408=CYLINDRICAL_SURFACE('generated cylinder',#407,38.1) ;
#472=CYLINDRICAL_SURFACE('generated cylinder',#471,38.1) ;
#504=CYLINDRICAL_SURFACE('generated cylinder',#503,9.525) ;
#568=CYLINDRICAL_SURFACE('generated cylinder',#567,9.525) ;
#600=CYLINDRICAL_SURFACE('generated cylinder',#599,38.1) ;
#664=CYLINDRICAL_SURFACE('generated cylinder',#663,38.1) ;
#728=CYLINDRICAL_SURFACE('generated cylinder',#727,38.1) ;
#751=CYLINDRICAL_SURFACE('generated cylinder',#750,4.7625) ;
#792=CYLINDRICAL_SURFACE('generated cylinder',#791,4.7625) ;
#856=CYLINDRICAL_SURFACE('generated cylinder',#855,3.175) ;
#888=CYLINDRICAL_SURFACE('generated cylinder',#887,19.) ;
#952=CYLINDRICAL_SURFACE('generated cylinder',#951,3.175) ;
#1016=CYLINDRICAL_SURFACE('generated cylinder',#1015,4.7625) ;
#1057=CYLINDRICAL_SURFACE('generated cylinder',#1056,4.7625) ;
#1297=CYLINDRICAL_SURFACE('generated cylinder',#1296,9.525) ;
#1361=CYLINDRICAL_SURFACE('generated cylinder',#1360,9.525) ;
#1425=CYLINDRICAL_SURFACE('generated cylinder',#1424,25.4) ;
#1489=CYLINDRICAL_SURFACE('generated cylinder',#1488,4.7625) ;
#1680=CYLINDRICAL_SURFACE('generated cylinder',#1679,4.7625) ;
#1899=CYLINDRICAL_SURFACE('generated cylinder',#1898,3.175) ;
#1924=CYLINDRICAL_SURFACE('generated cylinder',#1923,38.1) ;
#1985=CYLINDRICAL_SURFACE('generated cylinder',#1984,3.175) ;
#2010=CYLINDRICAL_SURFACE('generated cylinder',#2009,38.1) ;
#2064=CYLINDRICAL_SURFACE('generated cylinder',#2063,3.175) ;
#2223=CYLINDRICAL_SURFACE('generated cylinder',#2222,3.175) ;
#2489=CYLINDRICAL_SURFACE('generated cylinder',#2488,3.175) ;
#2770=CYLINDRICAL_SURFACE('generated cylinder',#2769,3.175) ;
#3243=CYLINDRICAL_SURFACE('generated cylinder',#3242,4.7625) ;
#3275=CYLINDRICAL_SURFACE('generated cylinder',#3274,4.7625) ;
#3354=CYLINDRICAL_SURFACE('generated cylinder',#3353,4.7625) ;
#3386=CYLINDRICAL_SURFACE('generated cylinder',#3385,4.7625) ;
#3957=CYLINDRICAL_SURFACE('generated cylinder',#3956,4.7625) ;
#4171=CYLINDRICAL_SURFACE('generated cylinder',#4170,3.175) ;
#4247=CYLINDRICAL_SURFACE('generated cylinder',#4246,3.175) ;
#4316=CYLINDRICAL_SURFACE('generated cylinder',#4315,3.175) ;
#4475=CYLINDRICAL_SURFACE('generated cylinder',#4474,3.175) ;
#4741=CYLINDRICAL_SURFACE('generated cylinder',#4740,3.175) ;
#5022=CYLINDRICAL_SURFACE('generated cylinder',#5021,3.175) ;
#2173=DEGENERATE_TOROIDAL_SURFACE('homeo Torus',#2172,0.833116018547,3.175,.T.) ;
#2273=DEGENERATE_TOROIDAL_SURFACE('homeo Torus',#2272,0.833116018547,3.175,.T.) ;
#4425=DEGENERATE_TOROIDAL_SURFACE('homeo Torus',#4424,0.833116018547,3.175,.T.) ;
#4525=DEGENERATE_TOROIDAL_SURFACE('homeo Torus',#4524,0.833116018547,3.175,.T.) ;
#1329=TOROIDAL_SURFACE('homeo Torus',#1328,6.35,3.175) ;
#1393=TOROIDAL_SURFACE('homeo Torus',#1392,6.35,3.175) ;
#1457=TOROIDAL_SURFACE('homeo Torus',#1456,22.225,3.175) ;
#1942=TOROIDAL_SURFACE('homeo Torus',#1941,41.275,3.175) ;
#2028=TOROIDAL_SURFACE('homeo Torus',#2027,41.275,3.175) ;
#2116=TOROIDAL_SURFACE('homeo Torus',#2115,46.7918839813,3.175) ;
#2323=TOROIDAL_SURFACE('homeo Torus',#2322,46.7918839814,3.175) ;
#3621=TOROIDAL_SURFACE('homeo Torus',#3620,6.35,3.175) ;
#3680=TOROIDAL_SURFACE('homeo Torus',#3679,6.35,3.175) ;
#3739=TOROIDAL_SURFACE('homeo Torus',#3738,22.225,3.175) ;
#4209=TOROIDAL_SURFACE('homeo Torus',#4208,41.275,3.175) ;
#4285=TOROIDAL_SURFACE('homeo Torus',#4284,41.275,3.175) ;
#4368=TOROIDAL_SURFACE('homeo Torus',#4367,46.7918839813,3.175) ;
#4575=TOROIDAL_SURFACE('homeo Torus',#4574,46.7918839814,3.175) ;
#150=EDGE_CURVE('',#147,#149,#145,.T.) ;
#157=EDGE_CURVE('',#149,#156,#154,.T.) ;
#164=EDGE_CURVE('',#163,#156,#161,.T.) ;
#169=EDGE_CURVE('',#147,#163,#168,.T.) ;
#196=EDGE_CURVE('',#195,#149,#193,.F.) ;
#203=EDGE_CURVE('',#147,#202,#200,.T.) ;
#208=EDGE_CURVE('',#202,#195,#207,.T.) ;
#243=EDGE_CURVE('',#195,#242,#225,.T.) ;
#262=EDGE_CURVE('',#202,#261,#244,.T.) ;
#267=EDGE_CURVE('',#261,#242,#266,.T.) ;
#287=EDGE_CURVE('',#286,#242,#284,.T.) ;
#294=EDGE_CURVE('',#261,#293,#291,.F.) ;
#299=EDGE_CURVE('',#293,#286,#298,.F.) ;
#319=EDGE_CURVE('',#293,#318,#316,.T.) ;
#326=EDGE_CURVE('',#318,#325,#323,.T.) ;
#331=EDGE_CURVE('',#286,#325,#330,.T.) ;
#351=EDGE_CURVE('',#318,#350,#348,.T.) ;
#358=EDGE_CURVE('',#350,#357,#355,.T.) ;
#363=EDGE_CURVE('',#325,#357,#362,.T.) ;
#383=EDGE_CURVE('',#350,#382,#380,.T.) ;
#390=EDGE_CURVE('',#382,#389,#387,.T.) ;
#395=EDGE_CURVE('',#357,#389,#394,.T.) ;
#415=EDGE_CURVE('',#414,#389,#412,.T.) ;
#422=EDGE_CURVE('',#421,#382,#419,.T.) ;
#427=EDGE_CURVE('',#421,#414,#426,.T.) ;
#447=EDGE_CURVE('',#421,#446,#444,.T.) ;
#454=EDGE_CURVE('',#446,#453,#451,.T.) ;
#459=EDGE_CURVE('',#414,#453,#458,.T.) ;
#479=EDGE_CURVE('',#478,#453,#476,.T.) ;
#486=EDGE_CURVE('',#485,#446,#483,.T.) ;
#491=EDGE_CURVE('',#485,#478,#490,.T.) ;
#511=EDGE_CURVE('',#485,#510,#508,.T.) ;
#518=EDGE_CURVE('',#510,#517,#515,.T.) ;
#523=EDGE_CURVE('',#478,#517,#522,.T.) ;
#543=EDGE_CURVE('',#542,#517,#540,.T.) ;
#550=EDGE_CURVE('',#549,#510,#547,.T.) ;
#555=EDGE_CURVE('',#549,#542,#554,.T.) ;
#575=EDGE_CURVE('',#549,#574,#572,.T.) ;
#582=EDGE_CURVE('',#574,#581,#579,.T.) ;
#587=EDGE_CURVE('',#542,#581,#586,.T.) ;
#607=EDGE_CURVE('',#606,#581,#604,.T.) ;
#614=EDGE_CURVE('',#613,#574,#611,.T.) ;
#619=EDGE_CURVE('',#613,#606,#618,.T.) ;
#639=EDGE_CURVE('',#638,#606,#636,.T.) ;
#646=EDGE_CURVE('',#645,#613,#643,.T.) ;
#651=EDGE_CURVE('',#645,#638,#650,.T.) ;
#671=EDGE_CURVE('',#670,#638,#668,.T.) ;
#678=EDGE_CURVE('',#677,#645,#675,.T.) ;
#683=EDGE_CURVE('',#677,#670,#682,.T.) ;
#703=EDGE_CURVE('',#702,#670,#700,.T.) ;
#710=EDGE_CURVE('',#709,#677,#707,.T.) ;
#715=EDGE_CURVE('',#709,#702,#714,.T.) ;
#733=EDGE_CURVE('',#709,#163,#732,.T.) ;
#738=EDGE_CURVE('',#702,#156,#737,.T.) ;
#760=EDGE_CURVE('',#757,#759,#755,.T.) ;
#767=EDGE_CURVE('',#766,#759,#764,.T.) ;
#774=EDGE_CURVE('',#773,#766,#771,.T.) ;
#779=EDGE_CURVE('',#773,#757,#778,.T.) ;
#797=EDGE_CURVE('',#759,#757,#796,.T.) ;
#802=EDGE_CURVE('',#766,#773,#801,.T.) ;
#824=EDGE_CURVE('',#821,#823,#819,.T.) ;
#831=EDGE_CURVE('',#823,#830,#828,.T.) ;
#838=EDGE_CURVE('',#837,#830,#835,.T.) ;
#843=EDGE_CURVE('',#837,#821,#842,.F.) ;
#863=EDGE_CURVE('',#862,#837,#860,.F.) ;
#870=EDGE_CURVE('',#862,#869,#867,.F.) ;
#875=EDGE_CURVE('',#821,#869,#874,.T.) ;
#895=EDGE_CURVE('',#894,#830,#892,.T.) ;
#902=EDGE_CURVE('',#901,#823,#899,.T.) ;
#907=EDGE_CURVE('',#901,#894,#906,.T.) ;
#929=EDGE_CURVE('',#926,#928,#924,.T.) ;
#934=EDGE_CURVE('',#926,#894,#933,.T.) ;
#939=EDGE_CURVE('',#928,#901,#938,.T.) ;
#961=EDGE_CURVE('',#958,#960,#956,.T.) ;
#966=EDGE_CURVE('',#926,#958,#965,.T.) ;
#971=EDGE_CURVE('',#960,#928,#970,.F.) ;
#995=EDGE_CURVE('',#960,#869,#988,.T.) ;
#1003=EDGE_CURVE('',#958,#862,#996,.T.) ;
#1025=EDGE_CURVE('',#1022,#1024,#1020,.T.) ;
#1032=EDGE_CURVE('',#1031,#1024,#1029,.T.) ;
#1039=EDGE_CURVE('',#1038,#1031,#1036,.T.) ;
#1044=EDGE_CURVE('',#1038,#1022,#1043,.T.) ;
#1062=EDGE_CURVE('',#1024,#1022,#1061,.T.) ;
#1067=EDGE_CURVE('',#1031,#1038,#1066,.T.) ;
#1174=EDGE_CURVE('',#1171,#1173,#1169,.T.) ;
#1181=EDGE_CURVE('',#1180,#1173,#1178,.T.) ;
#1188=EDGE_CURVE('',#1180,#1187,#1185,.T.) ;
#1195=EDGE_CURVE('',#1194,#1187,#1192,.T.) ;
#1202=EDGE_CURVE('',#1194,#1201,#1199,.T.) ;
#1209=EDGE_CURVE('',#1208,#1201,#1206,.T.) ;
#1216=EDGE_CURVE('',#1215,#1208,#1213,.T.) ;
#1223=EDGE_CURVE('',#1222,#1215,#1220,.F.) ;
#1230=EDGE_CURVE('',#1222,#1229,#1227,.T.) ;
#1235=EDGE_CURVE('',#1171,#1229,#1234,.F.) ;
#1256=EDGE_CURVE('',#1253,#1255,#1251,.T.) ;
#1261=EDGE_CURVE('',#1255,#1253,#1260,.T.) ;
#1274=EDGE_CURVE('',#1271,#1273,#1269,.T.) ;
#1279=EDGE_CURVE('',#1273,#1271,#1278,.T.) ;
#1304=EDGE_CURVE('',#1187,#1303,#1301,.F.) ;
#1311=EDGE_CURVE('',#1180,#1310,#1308,.F.) ;
#1316=EDGE_CURVE('',#1310,#1303,#1315,.T.) ;
#1336=EDGE_CURVE('',#1310,#1335,#1333,.T.) ;
#1343=EDGE_CURVE('',#1335,#1342,#1340,.F.) ;
#1348=EDGE_CURVE('',#1303,#1342,#1347,.T.) ;
#1368=EDGE_CURVE('',#1201,#1367,#1365,.F.) ;
#1375=EDGE_CURVE('',#1194,#1374,#1372,.F.) ;
#1380=EDGE_CURVE('',#1374,#1367,#1379,.T.) ;
#1400=EDGE_CURVE('',#1374,#1399,#1397,.T.) ;
#1407=EDGE_CURVE('',#1399,#1406,#1404,.F.) ;
#1412=EDGE_CURVE('',#1367,#1406,#1411,.T.) ;
#1432=EDGE_CURVE('',#1229,#1431,#1429,.F.) ;
#1439=EDGE_CURVE('',#1222,#1438,#1436,.F.) ;
#1444=EDGE_CURVE('',#1438,#1431,#1443,.T.) ;
#1464=EDGE_CURVE('',#1438,#1463,#1461,.T.) ;
#1471=EDGE_CURVE('',#1463,#1470,#1468,.F.) ;
#1476=EDGE_CURVE('',#1431,#1470,#1475,.T.) ;
#1496=EDGE_CURVE('',#1171,#1495,#1493,.T.) ;
#1504=EDGE_CURVE('',#1431,#1503,#1497,.F.) ;
#1513=EDGE_CURVE('',#1503,#1512,#1505,.T.) ;
#1519=EDGE_CURVE('',#1512,#1495,#1514,.F.) ;
#1559=EDGE_CURVE('',#1512,#1558,#1551,.F.) ;
#1569=EDGE_CURVE('',#1558,#1568,#1560,.F.) ;
#1576=EDGE_CURVE('',#1495,#1568,#1570,.F.) ;
#1619=EDGE_CURVE('',#1503,#1618,#1611,.F.) ;
#1630=EDGE_CURVE('',#1618,#1558,#1620,.T.) ;
#1667=EDGE_CURVE('',#1470,#1618,#1660,.F.) ;
#1687=EDGE_CURVE('',#1215,#1686,#1684,.F.) ;
#1695=EDGE_CURVE('',#1686,#1694,#1688,.T.) ;
#1704=EDGE_CURVE('',#1694,#1703,#1696,.F.) ;
#1710=EDGE_CURVE('',#1703,#1438,#1705,.F.) ;
#1750=EDGE_CURVE('',#1686,#1749,#1742,.F.) ;
#1760=EDGE_CURVE('',#1749,#1759,#1751,.T.) ;
#1767=EDGE_CURVE('',#1694,#1759,#1761,.F.) ;
#1814=EDGE_CURVE('',#1759,#1813,#1802,.F.) ;
#1821=EDGE_CURVE('',#1703,#1813,#1815,.F.) ;
#1861=EDGE_CURVE('',#1813,#1463,#1851,.F.) ;
#1881=EDGE_CURVE('',#1495,#1880,#1878,.T.) ;
#1886=EDGE_CURVE('',#1173,#1880,#1885,.T.) ;
#1906=EDGE_CURVE('',#1568,#1905,#1903,.T.) ;
#1911=EDGE_CURVE('',#1880,#1905,#1910,.T.) ;
#1929=EDGE_CURVE('',#1880,#1310,#1928,.F.) ;
#1947=EDGE_CURVE('',#1905,#1335,#1946,.T.) ;
#1967=EDGE_CURVE('',#1208,#1966,#1964,.T.) ;
#1972=EDGE_CURVE('',#1966,#1686,#1971,.F.) ;
#1992=EDGE_CURVE('',#1966,#1991,#1989,.F.) ;
#1997=EDGE_CURVE('',#1991,#1749,#1996,.F.) ;
#2015=EDGE_CURVE('',#1367,#1966,#2014,.F.) ;
#2033=EDGE_CURVE('',#1406,#1991,#2032,.T.) ;
#2051=EDGE_CURVE('',#1303,#1374,#2050,.F.) ;
#2069=EDGE_CURVE('',#1342,#1399,#2068,.F.) ;
#2089=EDGE_CURVE('',#1406,#2088,#2086,.T.) ;
#2098=EDGE_CURVE('',#2097,#2088,#2090,.T.) ;
#2103=EDGE_CURVE('',#1991,#2097,#2102,.T.) ;
#2123=EDGE_CURVE('',#2122,#2097,#2120,.F.) ;
#2130=EDGE_CURVE('',#2129,#2088,#2127,.F.) ;
#2135=EDGE_CURVE('',#2122,#2129,#2134,.T.) ;
#2155=EDGE_CURVE('',#1399,#2154,#2152,.F.) ;
#2160=EDGE_CURVE('',#2088,#2154,#2159,.F.) ;
#2180=EDGE_CURVE('',#2179,#2154,#2177,.F.) ;
#2185=EDGE_CURVE('',#2129,#2179,#2184,.T.) ;
#2205=EDGE_CURVE('',#1342,#2204,#2202,.F.) ;
#2210=EDGE_CURVE('',#2154,#2204,#2209,.T.) ;
#2230=EDGE_CURVE('',#2229,#2204,#2227,.F.) ;
#2235=EDGE_CURVE('',#2179,#2229,#2234,.F.) ;
#2255=EDGE_CURVE('',#1335,#2254,#2252,.F.) ;
#2260=EDGE_CURVE('',#2204,#2254,#2259,.F.) ;
#2280=EDGE_CURVE('',#2279,#2254,#2277,.F.) ;
#2285=EDGE_CURVE('',#2229,#2279,#2284,.T.) ;
#2305=EDGE_CURVE('',#1905,#2304,#2302,.T.) ;
#2310=EDGE_CURVE('',#2254,#2304,#2309,.T.) ;
#2330=EDGE_CURVE('',#2329,#2304,#2327,.F.) ;
#2335=EDGE_CURVE('',#2279,#2329,#2334,.T.) ;
#2357=EDGE_CURVE('',#2354,#2356,#2352,.T.) ;
#2376=EDGE_CURVE('',#2375,#2356,#2358,.T.) ;
#2383=EDGE_CURVE('',#2375,#2382,#2380,.F.) ;
#2390=EDGE_CURVE('',#2382,#2389,#2387,.F.) ;
#2397=EDGE_CURVE('',#2389,#2396,#2394,.T.) ;
#2404=EDGE_CURVE('',#2396,#2403,#2401,.F.) ;
#2411=EDGE_CURVE('',#2403,#2410,#2408,.T.) ;
#2418=EDGE_CURVE('',#2410,#2417,#2415,.F.) ;
#2425=EDGE_CURVE('',#2417,#2424,#2422,.T.) ;
#2442=EDGE_CURVE('',#2354,#2424,#2426,.F.) ;
#2468=EDGE_CURVE('',#2467,#2097,#2465,.T.) ;
#2475=EDGE_CURVE('',#2467,#1759,#2469,.T.) ;
#2496=EDGE_CURVE('',#2495,#2467,#2493,.F.) ;
#2501=EDGE_CURVE('',#2495,#2122,#2500,.F.) ;
#2548=EDGE_CURVE('',#2547,#2467,#2541,.F.) ;
#2573=EDGE_CURVE('',#2572,#2547,#2549,.T.) ;
#2584=EDGE_CURVE('',#2572,#1813,#2574,.T.) ;
#2674=EDGE_CURVE('',#2673,#2547,#2667,.F.) ;
#2697=EDGE_CURVE('',#2572,#2673,#2675,.T.) ;
#2729=EDGE_CURVE('',#2673,#2495,#2722,.F.) ;
#2751=EDGE_CURVE('',#1558,#2750,#2743,.F.) ;
#2756=EDGE_CURVE('',#2304,#2750,#2755,.F.) ;
#2777=EDGE_CURVE('',#2776,#2750,#2774,.T.) ;
#2782=EDGE_CURVE('',#2329,#2776,#2781,.T.) ;
#2834=EDGE_CURVE('',#1618,#2833,#2822,.F.) ;
#2856=EDGE_CURVE('',#2855,#2833,#2835,.T.) ;
#2862=EDGE_CURVE('',#2750,#2855,#2857,.F.) ;
#2952=EDGE_CURVE('',#2951,#2855,#2945,.F.) ;
#2972=EDGE_CURVE('',#2951,#2833,#2953,.T.) ;
#3004=EDGE_CURVE('',#2776,#2951,#2997,.F.) ;
#3023=EDGE_CURVE('',#2356,#2572,#3018,.F.) ;
#3029=EDGE_CURVE('',#2833,#2354,#3024,.T.) ;
#3070=EDGE_CURVE('',#2951,#2424,#3063,.T.) ;
#3107=EDGE_CURVE('',#2375,#2673,#3100,.F.) ;
#3125=EDGE_CURVE('',#2389,#2129,#3124,.F.) ;
#3130=EDGE_CURVE('',#2382,#2122,#3129,.F.) ;
#3148=EDGE_CURVE('',#2396,#2179,#3147,.T.) ;
#3166=EDGE_CURVE('',#2403,#2229,#3165,.T.) ;
#3184=EDGE_CURVE('',#2410,#2279,#3183,.T.) ;
#3202=EDGE_CURVE('',#2417,#2329,#3201,.F.) ;
#3250=EDGE_CURVE('',#3249,#1253,#3247,.F.) ;
#3257=EDGE_CURVE('',#3249,#3256,#3254,.F.) ;
#3262=EDGE_CURVE('',#3256,#1255,#3261,.F.) ;
#3280=EDGE_CURVE('',#3256,#3249,#3279,.F.) ;
#3302=EDGE_CURVE('',#3299,#3301,#3297,.T.) ;
#3307=EDGE_CURVE('',#3301,#3299,#3306,.T.) ;
#3323=EDGE_CURVE('',#3249,#3299,#3322,.F.) ;
#3328=EDGE_CURVE('',#3256,#3301,#3327,.F.) ;
#3361=EDGE_CURVE('',#3360,#1271,#3358,.F.) ;
#3368=EDGE_CURVE('',#3360,#3367,#3365,.F.) ;
#3373=EDGE_CURVE('',#3367,#1273,#3372,.F.) ;
#3391=EDGE_CURVE('',#3367,#3360,#3390,.F.) ;
#3413=EDGE_CURVE('',#3410,#3412,#3408,.T.) ;
#3418=EDGE_CURVE('',#3412,#3410,#3417,.T.) ;
#3434=EDGE_CURVE('',#3360,#3410,#3433,.F.) ;
#3439=EDGE_CURVE('',#3367,#3412,#3438,.F.) ;
#3478=EDGE_CURVE('',#3475,#3477,#3473,.F.) ;
#3485=EDGE_CURVE('',#3484,#3477,#3482,.T.) ;
#3492=EDGE_CURVE('',#3484,#3491,#3489,.F.) ;
#3499=EDGE_CURVE('',#3491,#3498,#3496,.T.) ;
#3506=EDGE_CURVE('',#3498,#3505,#3503,.T.) ;
#3513=EDGE_CURVE('',#3512,#3505,#3510,.T.) ;
#3520=EDGE_CURVE('',#3512,#3519,#3517,.T.) ;
#3527=EDGE_CURVE('',#3526,#3519,#3524,.T.) ;
#3534=EDGE_CURVE('',#3526,#3533,#3531,.T.) ;
#3539=EDGE_CURVE('',#3475,#3533,#3538,.T.) ;
#3560=EDGE_CURVE('',#3557,#3559,#3555,.T.) ;
#3565=EDGE_CURVE('',#3559,#3557,#3564,.T.) ;
#3578=EDGE_CURVE('',#3575,#3577,#3573,.T.) ;
#3583=EDGE_CURVE('',#3577,#3575,#3582,.T.) ;
#3598=EDGE_CURVE('',#3595,#3597,#3593,.T.) ;
#3603=EDGE_CURVE('',#3526,#3595,#3602,.T.) ;
#3608=EDGE_CURVE('',#3519,#3597,#3607,.T.) ;
#3628=EDGE_CURVE('',#3597,#3627,#3625,.T.) ;
#3635=EDGE_CURVE('',#3634,#3627,#3632,.F.) ;
#3640=EDGE_CURVE('',#3595,#3634,#3639,.T.) ;
#3657=EDGE_CURVE('',#3654,#3656,#3652,.T.) ;
#3662=EDGE_CURVE('',#3512,#3654,#3661,.T.) ;
#3667=EDGE_CURVE('',#3505,#3656,#3666,.T.) ;
#3687=EDGE_CURVE('',#3656,#3686,#3684,.T.) ;
#3694=EDGE_CURVE('',#3693,#3686,#3691,.F.) ;
#3699=EDGE_CURVE('',#3654,#3693,#3698,.T.) ;
#3716=EDGE_CURVE('',#3713,#3715,#3711,.T.) ;
#3721=EDGE_CURVE('',#3484,#3713,#3720,.T.) ;
#3726=EDGE_CURVE('',#3477,#3715,#3725,.T.) ;
#3746=EDGE_CURVE('',#3715,#3745,#3743,.T.) ;
#3753=EDGE_CURVE('',#3752,#3745,#3750,.F.) ;
#3758=EDGE_CURVE('',#3713,#3752,#3757,.T.) ;
#3776=EDGE_CURVE('',#3773,#3775,#3767,.F.) ;
#3785=EDGE_CURVE('',#3784,#3773,#3777,.T.) ;
#3791=EDGE_CURVE('',#3715,#3784,#3786,.F.) ;
#3796=EDGE_CURVE('',#3475,#3775,#3795,.F.) ;
#3836=EDGE_CURVE('',#3775,#3835,#3828,.F.) ;
#3846=EDGE_CURVE('',#3845,#3835,#3837,.F.) ;
#3853=EDGE_CURVE('',#3773,#3845,#3847,.F.) ;
#3900=EDGE_CURVE('',#3899,#3845,#3888,.T.) ;
#3907=EDGE_CURVE('',#3784,#3899,#3901,.F.) ;
#3944=EDGE_CURVE('',#3745,#3899,#3937,.F.) ;
#3965=EDGE_CURVE('',#3964,#3713,#3958,.F.) ;
#3974=EDGE_CURVE('',#3973,#3964,#3966,.F.) ;
#3982=EDGE_CURVE('',#3981,#3973,#3975,.T.) ;
#3987=EDGE_CURVE('',#3491,#3981,#3986,.T.) ;
#4027=EDGE_CURVE('',#3973,#4026,#4019,.F.) ;
#4037=EDGE_CURVE('',#4036,#4026,#4028,.T.) ;
#4044=EDGE_CURVE('',#3981,#4036,#4038,.F.) ;
#4087=EDGE_CURVE('',#3964,#4086,#4079,.F.) ;
#4098=EDGE_CURVE('',#4026,#4086,#4088,.F.) ;
#4138=EDGE_CURVE('',#4086,#3752,#4128,.F.) ;
#4153=EDGE_CURVE('',#3533,#4152,#4150,.F.) ;
#4158=EDGE_CURVE('',#3775,#4152,#4157,.T.) ;
#4178=EDGE_CURVE('',#4152,#4177,#4175,.T.) ;
#4183=EDGE_CURVE('',#3835,#4177,#4182,.F.) ;
#4196=EDGE_CURVE('',#4152,#3595,#4195,.F.) ;
#4214=EDGE_CURVE('',#4177,#3634,#4213,.T.) ;
#4229=EDGE_CURVE('',#4228,#3981,#4226,.F.) ;
#4234=EDGE_CURVE('',#3498,#4228,#4233,.F.) ;
#4254=EDGE_CURVE('',#4253,#4036,#4251,.T.) ;
#4259=EDGE_CURVE('',#4228,#4253,#4258,.F.) ;
#4272=EDGE_CURVE('',#3656,#4228,#4271,.F.) ;
#4290=EDGE_CURVE('',#3686,#4253,#4289,.T.) ;
#4303=EDGE_CURVE('',#3597,#3654,#4302,.F.) ;
#4321=EDGE_CURVE('',#3627,#3693,#4320,.T.) ;
#4341=EDGE_CURVE('',#4253,#4340,#4338,.T.) ;
#4350=EDGE_CURVE('',#4340,#4349,#4342,.T.) ;
#4355=EDGE_CURVE('',#3686,#4349,#4354,.T.) ;
#4377=EDGE_CURVE('',#4374,#4376,#4372,.T.) ;
#4382=EDGE_CURVE('',#4376,#4349,#4381,.F.) ;
#4387=EDGE_CURVE('',#4374,#4340,#4386,.F.) ;
#4407=EDGE_CURVE('',#4349,#4406,#4404,.F.) ;
#4412=EDGE_CURVE('',#3693,#4406,#4411,.F.) ;
#4432=EDGE_CURVE('',#4376,#4431,#4429,.T.) ;
#4437=EDGE_CURVE('',#4431,#4406,#4436,.F.) ;
#4457=EDGE_CURVE('',#4406,#4456,#4454,.T.) ;
#4462=EDGE_CURVE('',#3627,#4456,#4461,.F.) ;
#4482=EDGE_CURVE('',#4431,#4481,#4479,.T.) ;
#4487=EDGE_CURVE('',#4481,#4456,#4486,.F.) ;
#4507=EDGE_CURVE('',#4456,#4506,#4504,.F.) ;
#4512=EDGE_CURVE('',#3634,#4506,#4511,.F.) ;
#4532=EDGE_CURVE('',#4481,#4531,#4529,.T.) ;
#4537=EDGE_CURVE('',#4531,#4506,#4536,.F.) ;
#4557=EDGE_CURVE('',#4506,#4556,#4554,.T.) ;
#4562=EDGE_CURVE('',#4177,#4556,#4561,.T.) ;
#4582=EDGE_CURVE('',#4531,#4581,#4579,.T.) ;
#4587=EDGE_CURVE('',#4581,#4556,#4586,.F.) ;
#4621=EDGE_CURVE('',#4618,#4620,#4601,.F.) ;
#4628=EDGE_CURVE('',#4627,#4620,#4625,.T.) ;
#4635=EDGE_CURVE('',#4634,#4627,#4632,.F.) ;
#4642=EDGE_CURVE('',#4641,#4634,#4639,.T.) ;
#4649=EDGE_CURVE('',#4648,#4641,#4646,.F.) ;
#4656=EDGE_CURVE('',#4655,#4648,#4653,.T.) ;
#4663=EDGE_CURVE('',#4662,#4655,#4660,.F.) ;
#4670=EDGE_CURVE('',#4669,#4662,#4667,.F.) ;
#4689=EDGE_CURVE('',#4669,#4688,#4671,.T.) ;
#4694=EDGE_CURVE('',#4618,#4688,#4693,.T.) ;
#4722=EDGE_CURVE('',#4721,#4026,#4714,.T.) ;
#4727=EDGE_CURVE('',#4721,#4340,#4726,.T.) ;
#4748=EDGE_CURVE('',#4747,#4374,#4745,.T.) ;
#4753=EDGE_CURVE('',#4747,#4721,#4752,.F.) ;
#4805=EDGE_CURVE('',#4804,#4086,#4793,.T.) ;
#4830=EDGE_CURVE('',#4804,#4829,#4806,.T.) ;
#4836=EDGE_CURVE('',#4829,#4721,#4831,.F.) ;
#4943=EDGE_CURVE('',#4804,#4942,#4919,.T.) ;
#4949=EDGE_CURVE('',#4942,#4829,#4944,.F.) ;
#4981=EDGE_CURVE('',#4942,#4747,#4974,.F.) ;
#5001=EDGE_CURVE('',#4556,#5000,#4998,.F.) ;
#5008=EDGE_CURVE('',#3845,#5000,#5002,.F.) ;
#5029=EDGE_CURVE('',#4581,#5028,#5026,.F.) ;
#5034=EDGE_CURVE('',#5028,#5000,#5033,.T.) ;
#5081=EDGE_CURVE('',#5000,#5080,#5074,.F.) ;
#5103=EDGE_CURVE('',#5080,#5102,#5082,.T.) ;
#5114=EDGE_CURVE('',#3899,#5102,#5104,.F.) ;
#5218=EDGE_CURVE('',#5217,#5102,#5197,.T.) ;
#5224=EDGE_CURVE('',#5217,#5080,#5219,.F.) ;
#5256=EDGE_CURVE('',#5028,#5217,#5249,.F.) ;
#5275=EDGE_CURVE('',#5102,#4618,#5270,.T.) ;
#5281=EDGE_CURVE('',#4688,#4804,#5276,.F.) ;
#5322=EDGE_CURVE('',#5217,#4620,#5315,.T.) ;
#5359=EDGE_CURVE('',#4669,#4942,#5352,.F.) ;
#5377=EDGE_CURVE('',#4662,#4374,#5376,.F.) ;
#5382=EDGE_CURVE('',#4655,#4376,#5381,.F.) ;
#5400=EDGE_CURVE('',#4648,#4431,#5399,.T.) ;
#5418=EDGE_CURVE('',#4641,#4481,#5417,.T.) ;
#5436=EDGE_CURVE('',#4634,#4531,#5435,.T.) ;
#5454=EDGE_CURVE('',#4627,#4581,#5453,.F.) ;
#5497=EDGE_CURVE('',#5496,#3557,#5494,.T.) ;
#5504=EDGE_CURVE('',#5503,#5496,#5501,.F.) ;
#5509=EDGE_CURVE('',#5503,#3559,#5508,.T.) ;
#5522=EDGE_CURVE('',#5496,#5503,#5521,.F.) ;
#5544=EDGE_CURVE('',#5541,#5543,#5539,.T.) ;
#5549=EDGE_CURVE('',#5543,#5541,#5548,.T.) ;
#5565=EDGE_CURVE('',#5496,#5541,#5564,.F.) ;
#5570=EDGE_CURVE('',#5503,#5543,#5569,.F.) ;
#5598=EDGE_CURVE('',#5597,#3575,#5595,.T.) ;
#5605=EDGE_CURVE('',#5604,#5597,#5602,.F.) ;
#5610=EDGE_CURVE('',#5604,#3577,#5609,.T.) ;
#5623=EDGE_CURVE('',#5597,#5604,#5622,.F.) ;
#5645=EDGE_CURVE('',#5642,#5644,#5640,.T.) ;
#5650=EDGE_CURVE('',#5644,#5642,#5649,.T.) ;
#5666=EDGE_CURVE('',#5597,#5642,#5665,.F.) ;
#5671=EDGE_CURVE('',#5604,#5644,#5670,.F.) ;
#170=EDGE_LOOP('',(#171,#172,#173,#174)) ;
#209=EDGE_LOOP('',(#210,#211,#212,#213)) ;
#268=EDGE_LOOP('',(#269,#270,#271,#272)) ;
#300=EDGE_LOOP('',(#301,#302,#303,#304)) ;
#332=EDGE_LOOP('',(#333,#334,#335,#336)) ;
#364=EDGE_LOOP('',(#365,#366,#367,#368)) ;
#396=EDGE_LOOP('',(#397,#398,#399,#400)) ;
#428=EDGE_LOOP('',(#429,#430,#431,#432)) ;
#460=EDGE_LOOP('',(#461,#462,#463,#464)) ;
#492=EDGE_LOOP('',(#493,#494,#495,#496)) ;
#524=EDGE_LOOP('',(#525,#526,#527,#528)) ;
#556=EDGE_LOOP('',(#557,#558,#559,#560)) ;
#588=EDGE_LOOP('',(#589,#590,#591,#592)) ;
#620=EDGE_LOOP('',(#621,#622,#623,#624)) ;
#652=EDGE_LOOP('',(#653,#654,#655,#656)) ;
#684=EDGE_LOOP('',(#685,#686,#687,#688)) ;
#716=EDGE_LOOP('',(#717,#718,#719,#720)) ;
#739=EDGE_LOOP('',(#740,#741,#742,#743)) ;
#780=EDGE_LOOP('',(#781,#782,#783,#784)) ;
#803=EDGE_LOOP('',(#804,#805,#806,#807)) ;
#844=EDGE_LOOP('',(#845,#846,#847,#848)) ;
#876=EDGE_LOOP('',(#877,#878,#879,#880)) ;
#908=EDGE_LOOP('',(#909,#910,#911,#912)) ;
#940=EDGE_LOOP('',(#941,#942,#943,#944)) ;
#972=EDGE_LOOP('',(#973,#974,#975,#976)) ;
#1004=EDGE_LOOP('',(#1005,#1006,#1007,#1008)) ;
#1045=EDGE_LOOP('',(#1046,#1047,#1048,#1049)) ;
#1068=EDGE_LOOP('',(#1069,#1070,#1071,#1072)) ;
#1081=EDGE_LOOP('',(#1082,#1083,#1084,#1085,#1086,#1087,#1088,#1089,#1090,#1091,#1092,#1093,#1094,#1095,#1096,#1097,#1098,#1099)) ;
#1101=EDGE_LOOP('',(#1102,#1103,#1104,#1105,#1106,#1107)) ;
#1109=EDGE_LOOP('',(#1110,#1111)) ;
#1113=EDGE_LOOP('',(#1114,#1115)) ;
#1124=EDGE_LOOP('',(#1125,#1126,#1127,#1128,#1129,#1130,#1131,#1132,#1133,#1134,#1135,#1136,#1137,#1138,#1139,#1140,#1141,#1142)) ;
#1144=EDGE_LOOP('',(#1145,#1146,#1147,#1148,#1149,#1150)) ;
#1152=EDGE_LOOP('',(#1153,#1154)) ;
#1156=EDGE_LOOP('',(#1157,#1158)) ;
#1236=EDGE_LOOP('',(#1237,#1238,#1239,#1240,#1241,#1242,#1243,#1244,#1245,#1246)) ;
#1262=EDGE_LOOP('',(#1263,#1264)) ;
#1280=EDGE_LOOP('',(#1281,#1282)) ;
#1317=EDGE_LOOP('',(#1318,#1319,#1320,#1321)) ;
#1349=EDGE_LOOP('',(#1350,#1351,#1352,#1353)) ;
#1381=EDGE_LOOP('',(#1382,#1383,#1384,#1385)) ;
#1413=EDGE_LOOP('',(#1414,#1415,#1416,#1417)) ;
#1445=EDGE_LOOP('',(#1446,#1447,#1448,#1449)) ;
#1477=EDGE_LOOP('',(#1478,#1479,#1480,#1481)) ;
#1520=EDGE_LOOP('',(#1521,#1522,#1523,#1524,#1525,#1526)) ;
#1577=EDGE_LOOP('',(#1578,#1579,#1580,#1581)) ;
#1631=EDGE_LOOP('',(#1632,#1633,#1634,#1635)) ;
#1668=EDGE_LOOP('',(#1669,#1670,#1671,#1672)) ;
#1711=EDGE_LOOP('',(#1712,#1713,#1714,#1715,#1716,#1717)) ;
#1768=EDGE_LOOP('',(#1769,#1770,#1771,#1772)) ;
#1822=EDGE_LOOP('',(#1823,#1824,#1825,#1826)) ;
#1862=EDGE_LOOP('',(#1863,#1864,#1865,#1866)) ;
#1887=EDGE_LOOP('',(#1888,#1889,#1890,#1891)) ;
#1912=EDGE_LOOP('',(#1913,#1914,#1915,#1916)) ;
#1930=EDGE_LOOP('',(#1931,#1932,#1933,#1934)) ;
#1948=EDGE_LOOP('',(#1949,#1950,#1951,#1952)) ;
#1973=EDGE_LOOP('',(#1974,#1975,#1976,#1977)) ;
#1998=EDGE_LOOP('',(#1999,#2000,#2001,#2002)) ;
#2016=EDGE_LOOP('',(#2017,#2018,#2019,#2020)) ;
#2034=EDGE_LOOP('',(#2035,#2036,#2037,#2038)) ;
#2052=EDGE_LOOP('',(#2053,#2054,#2055,#2056)) ;
#2070=EDGE_LOOP('',(#2071,#2072,#2073,#2074)) ;
#2104=EDGE_LOOP('',(#2105,#2106,#2107,#2108)) ;
#2136=EDGE_LOOP('',(#2137,#2138,#2139,#2140)) ;
#2161=EDGE_LOOP('',(#2162,#2163,#2164,#2165)) ;
#2186=EDGE_LOOP('',(#2187,#2188,#2189,#2190)) ;
#2211=EDGE_LOOP('',(#2212,#2213,#2214,#2215)) ;
#2236=EDGE_LOOP('',(#2237,#2238,#2239,#2240)) ;
#2261=EDGE_LOOP('',(#2262,#2263,#2264,#2265)) ;
#2286=EDGE_LOOP('',(#2287,#2288,#2289,#2290)) ;
#2311=EDGE_LOOP('',(#2312,#2313,#2314,#2315)) ;
#2336=EDGE_LOOP('',(#2337,#2338,#2339,#2340)) ;
#2443=EDGE_LOOP('',(#2444,#2445,#2446,#2447,#2448,#2449,#2450,#2451,#2452,#2453)) ;
#2476=EDGE_LOOP('',(#2477,#2478,#2479,#2480,#2481)) ;
#2502=EDGE_LOOP('',(#2503,#2504,#2505,#2506)) ;
#2585=EDGE_LOOP('',(#2586,#2587,#2588,#2589,#2590)) ;
#2698=EDGE_LOOP('',(#2699,#2700,#2701)) ;
#2730=EDGE_LOOP('',(#2731,#2732,#2733,#2734)) ;
#2757=EDGE_LOOP('',(#2758,#2759,#2760,#2761,#2762)) ;
#2783=EDGE_LOOP('',(#2784,#2785,#2786,#2787)) ;
#2863=EDGE_LOOP('',(#2864,#2865,#2866,#2867,#2868)) ;
#2973=EDGE_LOOP('',(#2974,#2975,#2976)) ;
#3005=EDGE_LOOP('',(#3006,#3007,#3008,#3009)) ;
#3030=EDGE_LOOP('',(#3031,#3032,#3033,#3034,#3035,#3036,#3037,#3038)) ;
#3071=EDGE_LOOP('',(#3072,#3073,#3074,#3075)) ;
#3108=EDGE_LOOP('',(#3109,#3110,#3111,#3112)) ;
#3131=EDGE_LOOP('',(#3132,#3133,#3134,#3135)) ;
#3149=EDGE_LOOP('',(#3150,#3151,#3152,#3153)) ;
#3167=EDGE_LOOP('',(#3168,#3169,#3170,#3171)) ;
#3185=EDGE_LOOP('',(#3186,#3187,#3188,#3189)) ;
#3203=EDGE_LOOP('',(#3204,#3205,#3206,#3207)) ;
#3216=EDGE_LOOP('',(#3217,#3218,#3219,#3220,#3221)) ;
#3230=EDGE_LOOP('',(#3231,#3232,#3233,#3234,#3235)) ;
#3263=EDGE_LOOP('',(#3264,#3265,#3266,#3267)) ;
#3281=EDGE_LOOP('',(#3282,#3283,#3284,#3285)) ;
#3308=EDGE_LOOP('',(#3309,#3310)) ;
#3329=EDGE_LOOP('',(#3330,#3331,#3332,#3333)) ;
#3342=EDGE_LOOP('',(#3343,#3344,#3345,#3346)) ;
#3374=EDGE_LOOP('',(#3375,#3376,#3377,#3378)) ;
#3392=EDGE_LOOP('',(#3393,#3394,#3395,#3396)) ;
#3419=EDGE_LOOP('',(#3420,#3421)) ;
#3440=EDGE_LOOP('',(#3441,#3442,#3443,#3444)) ;
#3453=EDGE_LOOP('',(#3454,#3455,#3456,#3457)) ;
#3540=EDGE_LOOP('',(#3541,#3542,#3543,#3544,#3545,#3546,#3547,#3548,#3549,#3550)) ;
#3566=EDGE_LOOP('',(#3567,#3568)) ;
#3584=EDGE_LOOP('',(#3585,#3586)) ;
#3609=EDGE_LOOP('',(#3610,#3611,#3612,#3613)) ;
#3641=EDGE_LOOP('',(#3642,#3643,#3644,#3645)) ;
#3668=EDGE_LOOP('',(#3669,#3670,#3671,#3672)) ;
#3700=EDGE_LOOP('',(#3701,#3702,#3703,#3704)) ;
#3727=EDGE_LOOP('',(#3728,#3729,#3730,#3731)) ;
#3759=EDGE_LOOP('',(#3760,#3761,#3762,#3763)) ;
#3797=EDGE_LOOP('',(#3798,#3799,#3800,#3801,#3802,#3803)) ;
#3854=EDGE_LOOP('',(#3855,#3856,#3857,#3858)) ;
#3908=EDGE_LOOP('',(#3909,#3910,#3911,#3912)) ;
#3945=EDGE_LOOP('',(#3946,#3947,#3948,#3949)) ;
#3988=EDGE_LOOP('',(#3989,#3990,#3991,#3992,#3993,#3994)) ;
#4045=EDGE_LOOP('',(#4046,#4047,#4048,#4049)) ;
#4099=EDGE_LOOP('',(#4100,#4101,#4102,#4103)) ;
#4139=EDGE_LOOP('',(#4140,#4141,#4142,#4143)) ;
#4159=EDGE_LOOP('',(#4160,#4161,#4162,#4163)) ;
#4184=EDGE_LOOP('',(#4185,#4186,#4187,#4188)) ;
#4197=EDGE_LOOP('',(#4198,#4199,#4200,#4201)) ;
#4215=EDGE_LOOP('',(#4216,#4217,#4218,#4219)) ;
#4235=EDGE_LOOP('',(#4236,#4237,#4238,#4239)) ;
#4260=EDGE_LOOP('',(#4261,#4262,#4263,#4264)) ;
#4273=EDGE_LOOP('',(#4274,#4275,#4276,#4277)) ;
#4291=EDGE_LOOP('',(#4292,#4293,#4294,#4295)) ;
#4304=EDGE_LOOP('',(#4305,#4306,#4307,#4308)) ;
#4322=EDGE_LOOP('',(#4323,#4324,#4325,#4326)) ;
#4356=EDGE_LOOP('',(#4357,#4358,#4359,#4360)) ;
#4388=EDGE_LOOP('',(#4389,#4390,#4391,#4392)) ;
#4413=EDGE_LOOP('',(#4414,#4415,#4416,#4417)) ;
#4438=EDGE_LOOP('',(#4439,#4440,#4441,#4442)) ;
#4463=EDGE_LOOP('',(#4464,#4465,#4466,#4467)) ;
#4488=EDGE_LOOP('',(#4489,#4490,#4491,#4492)) ;
#4513=EDGE_LOOP('',(#4514,#4515,#4516,#4517)) ;
#4538=EDGE_LOOP('',(#4539,#4540,#4541,#4542)) ;
#4563=EDGE_LOOP('',(#4564,#4565,#4566,#4567)) ;
#4588=EDGE_LOOP('',(#4589,#4590,#4591,#4592)) ;
#4695=EDGE_LOOP('',(#4696,#4697,#4698,#4699,#4700,#4701,#4702,#4703,#4704,#4705)) ;
#4728=EDGE_LOOP('',(#4729,#4730,#4731,#4732,#4733)) ;
#4754=EDGE_LOOP('',(#4755,#4756,#4757,#4758)) ;
#4837=EDGE_LOOP('',(#4838,#4839,#4840,#4841,#4842)) ;
#4950=EDGE_LOOP('',(#4951,#4952,#4953)) ;
#4982=EDGE_LOOP('',(#4983,#4984,#4985,#4986)) ;
#5009=EDGE_LOOP('',(#5010,#5011,#5012,#5013,#5014)) ;
#5035=EDGE_LOOP('',(#5036,#5037,#5038,#5039)) ;
#5115=EDGE_LOOP('',(#5116,#5117,#5118,#5119,#5120)) ;
#5225=EDGE_LOOP('',(#5226,#5227,#5228)) ;
#5257=EDGE_LOOP('',(#5258,#5259,#5260,#5261)) ;
#5282=EDGE_LOOP('',(#5283,#5284,#5285,#5286,#5287,#5288,#5289,#5290)) ;
#5323=EDGE_LOOP('',(#5324,#5325,#5326,#5327)) ;
#5360=EDGE_LOOP('',(#5361,#5362,#5363,#5364)) ;
#5383=EDGE_LOOP('',(#5384,#5385,#5386,#5387)) ;
#5401=EDGE_LOOP('',(#5402,#5403,#5404,#5405)) ;
#5419=EDGE_LOOP('',(#5420,#5421,#5422,#5423)) ;
#5437=EDGE_LOOP('',(#5438,#5439,#5440,#5441)) ;
#5455=EDGE_LOOP('',(#5456,#5457,#5458,#5459)) ;
#5468=EDGE_LOOP('',(#5469,#5470,#5471,#5472,#5473)) ;
#5482=EDGE_LOOP('',(#5483,#5484,#5485,#5486,#5487)) ;
#5510=EDGE_LOOP('',(#5511,#5512,#5513,#5514)) ;
#5523=EDGE_LOOP('',(#5524,#5525,#5526,#5527)) ;
#5550=EDGE_LOOP('',(#5551,#5552)) ;
#5571=EDGE_LOOP('',(#5572,#5573,#5574,#5575)) ;
#5584=EDGE_LOOP('',(#5585,#5586,#5587,#5588)) ;
#5611=EDGE_LOOP('',(#5612,#5613,#5614,#5615)) ;
#5624=EDGE_LOOP('',(#5625,#5626,#5627,#5628)) ;
#5651=EDGE_LOOP('',(#5652,#5653)) ;
#5672=EDGE_LOOP('',(#5673,#5674,#5675,#5676)) ;
#5685=EDGE_LOOP('',(#5686,#5687,#5688,#5689)) ;
#221=ELLIPSE('Ellipse',#220,88.9,50.8) ;
#984=ELLIPSE('Ellipse',#983,88.9,50.8) ;
#175=FACE_OUTER_BOUND('',#170,.T.) ;
#214=FACE_OUTER_BOUND('',#209,.T.) ;
#273=FACE_OUTER_BOUND('',#268,.T.) ;
#305=FACE_OUTER_BOUND('',#300,.T.) ;
#337=FACE_OUTER_BOUND('',#332,.T.) ;
#369=FACE_OUTER_BOUND('',#364,.T.) ;
#401=FACE_OUTER_BOUND('',#396,.T.) ;
#433=FACE_OUTER_BOUND('',#428,.T.) ;
#465=FACE_OUTER_BOUND('',#460,.T.) ;
#497=FACE_OUTER_BOUND('',#492,.T.) ;
#529=FACE_OUTER_BOUND('',#524,.T.) ;
#561=FACE_OUTER_BOUND('',#556,.T.) ;
#593=FACE_OUTER_BOUND('',#588,.T.) ;
#625=FACE_OUTER_BOUND('',#620,.T.) ;
#657=FACE_OUTER_BOUND('',#652,.T.) ;
#689=FACE_OUTER_BOUND('',#684,.T.) ;
#721=FACE_OUTER_BOUND('',#716,.T.) ;
#744=FACE_OUTER_BOUND('',#739,.T.) ;
#785=FACE_OUTER_BOUND('',#780,.T.) ;
#808=FACE_OUTER_BOUND('',#803,.T.) ;
#849=FACE_OUTER_BOUND('',#844,.T.) ;
#881=FACE_OUTER_BOUND('',#876,.T.) ;
#913=FACE_OUTER_BOUND('',#908,.T.) ;
#945=FACE_OUTER_BOUND('',#940,.T.) ;
#977=FACE_OUTER_BOUND('',#972,.T.) ;
#1009=FACE_OUTER_BOUND('',#1004,.T.) ;
#1050=FACE_OUTER_BOUND('',#1045,.T.) ;
#1073=FACE_OUTER_BOUND('',#1068,.T.) ;
#1100=FACE_OUTER_BOUND('',#1081,.T.) ;
#1143=FACE_OUTER_BOUND('',#1124,.T.) ;
#1247=FACE_OUTER_BOUND('',#1236,.T.) ;
#1322=FACE_OUTER_BOUND('',#1317,.T.) ;
#1354=FACE_OUTER_BOUND('',#1349,.T.) ;
#1386=FACE_OUTER_BOUND('',#1381,.T.) ;
#1418=FACE_OUTER_BOUND('',#1413,.T.) ;
#1450=FACE_OUTER_BOUND('',#1445,.T.) ;
#1482=FACE_OUTER_BOUND('',#1477,.T.) ;
#1527=FACE_OUTER_BOUND('',#1520,.T.) ;
#1582=FACE_OUTER_BOUND('',#1577,.T.) ;
#1636=FACE_OUTER_BOUND('',#1631,.T.) ;
#1673=FACE_OUTER_BOUND('',#1668,.T.) ;
#1718=FACE_OUTER_BOUND('',#1711,.T.) ;
#1773=FACE_OUTER_BOUND('',#1768,.T.) ;
#1827=FACE_OUTER_BOUND('',#1822,.T.) ;
#1867=FACE_OUTER_BOUND('',#1862,.T.) ;
#1892=FACE_OUTER_BOUND('',#1887,.T.) ;
#1917=FACE_OUTER_BOUND('',#1912,.T.) ;
#1935=FACE_OUTER_BOUND('',#1930,.T.) ;
#1953=FACE_OUTER_BOUND('',#1948,.T.) ;
#1978=FACE_OUTER_BOUND('',#1973,.T.) ;
#2003=FACE_OUTER_BOUND('',#1998,.T.) ;
#2021=FACE_OUTER_BOUND('',#2016,.T.) ;
#2039=FACE_OUTER_BOUND('',#2034,.T.) ;
#2057=FACE_OUTER_BOUND('',#2052,.T.) ;
#2075=FACE_OUTER_BOUND('',#2070,.T.) ;
#2109=FACE_OUTER_BOUND('',#2104,.T.) ;
#2141=FACE_OUTER_BOUND('',#2136,.T.) ;
#2166=FACE_OUTER_BOUND('',#2161,.T.) ;
#2191=FACE_OUTER_BOUND('',#2186,.T.) ;
#2216=FACE_OUTER_BOUND('',#2211,.T.) ;
#2241=FACE_OUTER_BOUND('',#2236,.T.) ;
#2266=FACE_OUTER_BOUND('',#2261,.T.) ;
#2291=FACE_OUTER_BOUND('',#2286,.T.) ;
#2316=FACE_OUTER_BOUND('',#2311,.T.) ;
#2341=FACE_OUTER_BOUND('',#2336,.T.) ;
#2454=FACE_OUTER_BOUND('',#2443,.T.) ;
#2482=FACE_OUTER_BOUND('',#2476,.T.) ;
#2507=FACE_OUTER_BOUND('',#2502,.T.) ;
#2591=FACE_OUTER_BOUND('',#2585,.T.) ;
#2702=FACE_OUTER_BOUND('',#2698,.T.) ;
#2735=FACE_OUTER_BOUND('',#2730,.T.) ;
#2763=FACE_OUTER_BOUND('',#2757,.T.) ;
#2788=FACE_OUTER_BOUND('',#2783,.T.) ;
#2869=FACE_OUTER_BOUND('',#2863,.T.) ;
#2977=FACE_OUTER_BOUND('',#2973,.T.) ;
#3010=FACE_OUTER_BOUND('',#3005,.T.) ;
#3039=FACE_OUTER_BOUND('',#3030,.T.) ;
#3076=FACE_OUTER_BOUND('',#3071,.T.) ;
#3113=FACE_OUTER_BOUND('',#3108,.T.) ;
#3136=FACE_OUTER_BOUND('',#3131,.T.) ;
#3154=FACE_OUTER_BOUND('',#3149,.T.) ;
#3172=FACE_OUTER_BOUND('',#3167,.T.) ;
#3190=FACE_OUTER_BOUND('',#3185,.T.) ;
#3208=FACE_OUTER_BOUND('',#3203,.T.) ;
#3222=FACE_OUTER_BOUND('',#3216,.T.) ;
#3236=FACE_OUTER_BOUND('',#3230,.T.) ;
#3268=FACE_OUTER_BOUND('',#3263,.T.) ;
#3286=FACE_OUTER_BOUND('',#3281,.T.) ;
#3311=FACE_OUTER_BOUND('',#3308,.T.) ;
#3334=FACE_OUTER_BOUND('',#3329,.T.) ;
#3347=FACE_OUTER_BOUND('',#3342,.T.) ;
#3379=FACE_OUTER_BOUND('',#3374,.T.) ;
#3397=FACE_OUTER_BOUND('',#3392,.T.) ;
#3422=FACE_OUTER_BOUND('',#3419,.T.) ;
#3445=FACE_OUTER_BOUND('',#3440,.T.) ;
#3458=FACE_OUTER_BOUND('',#3453,.T.) ;
#3551=FACE_OUTER_BOUND('',#3540,.T.) ;
#3614=FACE_OUTER_BOUND('',#3609,.T.) ;
#3646=FACE_OUTER_BOUND('',#3641,.T.) ;
#3673=FACE_OUTER_BOUND('',#3668,.T.) ;
#3705=FACE_OUTER_BOUND('',#3700,.T.) ;
#3732=FACE_OUTER_BOUND('',#3727,.T.) ;
#3764=FACE_OUTER_BOUND('',#3759,.T.) ;
#3804=FACE_OUTER_BOUND('',#3797,.T.) ;
#3859=FACE_OUTER_BOUND('',#3854,.T.) ;
#3913=FACE_OUTER_BOUND('',#3908,.T.) ;
#3950=FACE_OUTER_BOUND('',#3945,.T.) ;
#3995=FACE_OUTER_BOUND('',#3988,.T.) ;
#4050=FACE_OUTER_BOUND('',#4045,.T.) ;
#4104=FACE_OUTER_BOUND('',#4099,.T.) ;
#4144=FACE_OUTER_BOUND('',#4139,.T.) ;
#4164=FACE_OUTER_BOUND('',#4159,.T.) ;
#4189=FACE_OUTER_BOUND('',#4184,.T.) ;
#4202=FACE_OUTER_BOUND('',#4197,.T.) ;
#4220=FACE_OUTER_BOUND('',#4215,.T.) ;
#4240=FACE_OUTER_BOUND('',#4235,.T.) ;
#4265=FACE_OUTER_BOUND('',#4260,.T.) ;
#4278=FACE_OUTER_BOUND('',#4273,.T.) ;
#4296=FACE_OUTER_BOUND('',#4291,.T.) ;
#4309=FACE_OUTER_BOUND('',#4304,.T.) ;
#4327=FACE_OUTER_BOUND('',#4322,.T.) ;
#4361=FACE_OUTER_BOUND('',#4356,.T.) ;
#4393=FACE_OUTER_BOUND('',#4388,.T.) ;
#4418=FACE_OUTER_BOUND('',#4413,.T.) ;
#4443=FACE_OUTER_BOUND('',#4438,.T.) ;
#4468=FACE_OUTER_BOUND('',#4463,.T.) ;
#4493=FACE_OUTER_BOUND('',#4488,.T.) ;
#4518=FACE_OUTER_BOUND('',#4513,.T.) ;
#4543=FACE_OUTER_BOUND('',#4538,.T.) ;
#4568=FACE_OUTER_BOUND('',#4563,.T.) ;
#4593=FACE_OUTER_BOUND('',#4588,.T.) ;
#4706=FACE_OUTER_BOUND('',#4695,.T.) ;
#4734=FACE_OUTER_BOUND('',#4728,.T.) ;
#4759=FACE_OUTER_BOUND('',#4754,.T.) ;
#4843=FACE_OUTER_BOUND('',#4837,.T.) ;
#4954=FACE_OUTER_BOUND('',#4950,.T.) ;
#4987=FACE_OUTER_BOUND('',#4982,.T.) ;
#5015=FACE_OUTER_BOUND('',#5009,.T.) ;
#5040=FACE_OUTER_BOUND('',#5035,.T.) ;
#5121=FACE_OUTER_BOUND('',#5115,.T.) ;
#5229=FACE_OUTER_BOUND('',#5225,.T.) ;
#5262=FACE_OUTER_BOUND('',#5257,.T.) ;
#5291=FACE_OUTER_BOUND('',#5282,.T.) ;
#5328=FACE_OUTER_BOUND('',#5323,.T.) ;
#5365=FACE_OUTER_BOUND('',#5360,.T.) ;
#5388=FACE_OUTER_BOUND('',#5383,.T.) ;
#5406=FACE_OUTER_BOUND('',#5401,.T.) ;
#5424=FACE_OUTER_BOUND('',#5419,.T.) ;
#5442=FACE_OUTER_BOUND('',#5437,.T.) ;
#5460=FACE_OUTER_BOUND('',#5455,.T.) ;
#5474=FACE_OUTER_BOUND('',#5468,.T.) ;
#5488=FACE_OUTER_BOUND('',#5482,.T.) ;
#5515=FACE_OUTER_BOUND('',#5510,.T.) ;
#5528=FACE_OUTER_BOUND('',#5523,.T.) ;
#5553=FACE_OUTER_BOUND('',#5550,.T.) ;
#5576=FACE_OUTER_BOUND('',#5571,.T.) ;
#5589=FACE_OUTER_BOUND('',#5584,.T.) ;
#5616=FACE_OUTER_BOUND('',#5611,.T.) ;
#5629=FACE_OUTER_BOUND('',#5624,.T.) ;
#5654=FACE_OUTER_BOUND('',#5651,.T.) ;
#5677=FACE_OUTER_BOUND('',#5672,.T.) ;
#5690=FACE_OUTER_BOUND('',#5685,.T.) ;
#29=GEOMETRIC_SET('NONE',(#21,#30,#36,#42,#48,#54,#60,#66,#72,#78,#84,#90,#96,#102,#108,#114,#120,#126)) ;
#145=LINE('Line',#142,#144) ;
#154=LINE('Line',#151,#153) ;
#161=LINE('Line',#158,#160) ;
#168=LINE('Line',#165,#167) ;
#207=LINE('Line',#204,#206) ;
#266=LINE('Line',#263,#265) ;
#298=LINE('Line',#295,#297) ;
#316=LINE('Line',#313,#315) ;
#323=LINE('Line',#320,#322) ;
#330=LINE('Line',#327,#329) ;
#355=LINE('Line',#352,#354) ;
#380=LINE('Line',#377,#379) ;
#387=LINE('Line',#384,#386) ;
#394=LINE('Line',#391,#393) ;
#426=LINE('Line',#423,#425) ;
#444=LINE('Line',#441,#443) ;
#451=LINE('Line',#448,#450) ;
#458=LINE('Line',#455,#457) ;
#490=LINE('Line',#487,#489) ;
#515=LINE('Line',#512,#514) ;
#540=LINE('Line',#537,#539) ;
#547=LINE('Line',#544,#546) ;
#554=LINE('Line',#551,#553) ;
#579=LINE('Line',#576,#578) ;
#618=LINE('Line',#615,#617) ;
#636=LINE('Line',#633,#635) ;
#643=LINE('Line',#640,#642) ;
#650=LINE('Line',#647,#649) ;
#682=LINE('Line',#679,#681) ;
#700=LINE('Line',#697,#699) ;
#707=LINE('Line',#704,#706) ;
#714=LINE('Line',#711,#713) ;
#764=LINE('Line',#761,#763) ;
#778=LINE('Line',#775,#777) ;
#819=LINE('Line',#816,#818) ;
#828=LINE('Line',#825,#827) ;
#835=LINE('Line',#832,#834) ;
#842=LINE('Line',#839,#841) ;
#867=LINE('Line',#864,#866) ;
#906=LINE('Line',#903,#905) ;
#924=LINE('Line',#921,#923) ;
#933=LINE('Line',#930,#932) ;
#938=LINE('Line',#935,#937) ;
#956=LINE('Line',#953,#955) ;
#1029=LINE('Line',#1026,#1028) ;
#1043=LINE('Line',#1040,#1042) ;
#1169=LINE('Line',#1166,#1168) ;
#1192=LINE('Line',#1189,#1191) ;
#1213=LINE('Line',#1210,#1212) ;
#1301=LINE('Line',#1298,#1300) ;
#1308=LINE('Line',#1305,#1307) ;
#1365=LINE('Line',#1362,#1364) ;
#1372=LINE('Line',#1369,#1371) ;
#1429=LINE('Line',#1426,#1428) ;
#1436=LINE('Line',#1433,#1435) ;
#1493=LINE('Line',#1490,#1492) ;
#1684=LINE('Line',#1681,#1683) ;
#1878=LINE('Line',#1875,#1877) ;
#1885=LINE('Line',#1882,#1884) ;
#1903=LINE('Line',#1900,#1902) ;
#1964=LINE('Line',#1961,#1963) ;
#1971=LINE('Line',#1968,#1970) ;
#1996=LINE('Line',#1993,#1995) ;
#2050=LINE('Line',#2047,#2049) ;
#2068=LINE('Line',#2065,#2067) ;
#2086=LINE('Line',#2083,#2085) ;
#2102=LINE('Line',#2099,#2101) ;
#2152=LINE('Line',#2149,#2151) ;
#2202=LINE('Line',#2199,#2201) ;
#2209=LINE('Line',#2206,#2208) ;
#2234=LINE('Line',#2231,#2233) ;
#2252=LINE('Line',#2249,#2251) ;
#2302=LINE('Line',#2299,#2301) ;
#2380=LINE('Line',#2377,#2379) ;
#2401=LINE('Line',#2398,#2400) ;
#2422=LINE('Line',#2419,#2421) ;
#2465=LINE('Line',#2462,#2464) ;
#2500=LINE('Line',#2497,#2499) ;
#2755=LINE('Line',#2752,#2754) ;
#2781=LINE('Line',#2778,#2780) ;
#3124=LINE('Line',#3121,#3123) ;
#3129=LINE('Line',#3126,#3128) ;
#3147=LINE('Line',#3144,#3146) ;
#3165=LINE('Line',#3162,#3164) ;
#3183=LINE('Line',#3180,#3182) ;
#3201=LINE('Line',#3198,#3200) ;
#3247=LINE('Line',#3244,#3246) ;
#3261=LINE('Line',#3258,#3260) ;
#3322=LINE('Line',#3319,#3321) ;
#3327=LINE('Line',#3324,#3326) ;
#3358=LINE('Line',#3355,#3357) ;
#3372=LINE('Line',#3369,#3371) ;
#3433=LINE('Line',#3430,#3432) ;
#3438=LINE('Line',#3435,#3437) ;
#3496=LINE('Line',#3493,#3495) ;
#3517=LINE('Line',#3514,#3516) ;
#3538=LINE('Line',#3535,#3537) ;
#3602=LINE('Line',#3599,#3601) ;
#3607=LINE('Line',#3604,#3606) ;
#3661=LINE('Line',#3658,#3660) ;
#3666=LINE('Line',#3663,#3665) ;
#3720=LINE('Line',#3717,#3719) ;
#3725=LINE('Line',#3722,#3724) ;
#3795=LINE('Line',#3792,#3794) ;
#3986=LINE('Line',#3983,#3985) ;
#4150=LINE('Line',#4147,#4149) ;
#4157=LINE('Line',#4154,#4156) ;
#4182=LINE('Line',#4179,#4181) ;
#4226=LINE('Line',#4223,#4225) ;
#4233=LINE('Line',#4230,#4232) ;
#4251=LINE('Line',#4248,#4250) ;
#4302=LINE('Line',#4299,#4301) ;
#4320=LINE('Line',#4317,#4319) ;
#4338=LINE('Line',#4335,#4337) ;
#4354=LINE('Line',#4351,#4353) ;
#4411=LINE('Line',#4408,#4410) ;
#4454=LINE('Line',#4451,#4453) ;
#4461=LINE('Line',#4458,#4460) ;
#4479=LINE('Line',#4476,#4478) ;
#4511=LINE('Line',#4508,#4510) ;
#4561=LINE('Line',#4558,#4560) ;
#4625=LINE('Line',#4622,#4624) ;
#4646=LINE('Line',#4643,#4645) ;
#4667=LINE('Line',#4664,#4666) ;
#4726=LINE('Line',#4723,#4725) ;
#4745=LINE('Line',#4742,#4744) ;
#4998=LINE('Line',#4995,#4997) ;
#5026=LINE('Line',#5023,#5025) ;
#5376=LINE('Line',#5373,#5375) ;
#5381=LINE('Line',#5378,#5380) ;
#5399=LINE('Line',#5396,#5398) ;
#5417=LINE('Line',#5414,#5416) ;
#5435=LINE('Line',#5432,#5434) ;
#5453=LINE('Line',#5450,#5452) ;
#5494=LINE('Line',#5491,#5493) ;
#5508=LINE('Line',#5505,#5507) ;
#5564=LINE('Line',#5561,#5563) ;
#5569=LINE('Line',#5566,#5568) ;
#5595=LINE('Line',#5592,#5594) ;
#5609=LINE('Line',#5606,#5608) ;
#5665=LINE('Line',#5662,#5664) ;
#5670=LINE('Line',#5667,#5669) ;
#141=PLANE('',#140) ;
#312=PLANE('',#311) ;
#376=PLANE('',#375) ;
#440=PLANE('',#439) ;
#536=PLANE('',#535) ;
#632=PLANE('',#631) ;
#696=PLANE('',#695) ;
#815=PLANE('',#814) ;
#920=PLANE('',#919) ;
#1080=PLANE('',#1079) ;
#1123=PLANE('',#1122) ;
#1874=PLANE('',#1873) ;
#1960=PLANE('',#1959) ;
#2046=PLANE('',#2045) ;
#2198=PLANE('',#2197) ;
#2348=PLANE('',#2347) ;
#2461=PLANE('',#2460) ;
#2742=PLANE('',#2741) ;
#3161=PLANE('',#3160) ;
#3215=PLANE('',#3214) ;
#3229=PLANE('',#3228) ;
#3293=PLANE('',#3292) ;
#3404=PLANE('',#3403) ;
#3469=PLANE('',#3468) ;
#4450=PLANE('',#4449) ;
#4600=PLANE('',#4599) ;
#4713=PLANE('',#4712) ;
#4994=PLANE('',#4993) ;
#5413=PLANE('',#5412) ;
#5467=PLANE('',#5466) ;
#5481=PLANE('',#5480) ;
#5535=PLANE('',#5534) ;
#5636=PLANE('',#5635) ;
#7=PRODUCT_CATEGORY_RELATIONSHIP(' ',' ',#5,#6) ;
#17=PRODUCT_DEFINITION_FORMATION_WITH_SPECIFIED_SOURCE('',' ',#16,.NOT_KNOWN.) ;
#20=SHAPE_DEFINITION_REPRESENTATION(#19,#13) ;
#224=SURFACE_OF_LINEAR_EXTRUSION('generated tabulated cylinder',#221,#223) ;
#987=SURFACE_OF_LINEAR_EXTRUSION('generated tabulated cylinder',#984,#986) ;
#147=VERTEX_POINT('',#146) ;
#149=VERTEX_POINT('',#148) ;
#156=VERTEX_POINT('',#155) ;
#163=VERTEX_POINT('',#162) ;
#195=VERTEX_POINT('',#194) ;
#202=VERTEX_POINT('',#201) ;
#242=VERTEX_POINT('',#241) ;
#261=VERTEX_POINT('',#260) ;
#286=VERTEX_POINT('',#285) ;
#293=VERTEX_POINT('',#292) ;
#318=VERTEX_POINT('',#317) ;
#325=VERTEX_POINT('',#324) ;
#350=VERTEX_POINT('',#349) ;
#357=VERTEX_POINT('',#356) ;
#382=VERTEX_POINT('',#381) ;
#389=VERTEX_POINT('',#388) ;
#414=VERTEX_POINT('',#413) ;
#421=VERTEX_POINT('',#420) ;
#446=VERTEX_POINT('',#445) ;
#453=VERTEX_POINT('',#452) ;
#478=VERTEX_POINT('',#477) ;
#485=VERTEX_POINT('',#484) ;
#510=VERTEX_POINT('',#509) ;
#517=VERTEX_POINT('',#516) ;
#542=VERTEX_POINT('',#541) ;
#549=VERTEX_POINT('',#548) ;
#574=VERTEX_POINT('',#573) ;
#581=VERTEX_POINT('',#580) ;
#606=VERTEX_POINT('',#605) ;
#613=VERTEX_POINT('',#612) ;
#638=VERTEX_POINT('',#637) ;
#645=VERTEX_POINT('',#644) ;
#670=VERTEX_POINT('',#669) ;
#677=VERTEX_POINT('',#676) ;
#702=VERTEX_POINT('',#701) ;
#709=VERTEX_POINT('',#708) ;
#757=VERTEX_POINT('',#756) ;
#759=VERTEX_POINT('',#758) ;
#766=VERTEX_POINT('',#765) ;
#773=VERTEX_POINT('',#772) ;
#821=VERTEX_POINT('',#820) ;
#823=VERTEX_POINT('',#822) ;
#830=VERTEX_POINT('',#829) ;
#837=VERTEX_POINT('',#836) ;
#862=VERTEX_POINT('',#861) ;
#869=VERTEX_POINT('',#868) ;
#894=VERTEX_POINT('',#893) ;
#901=VERTEX_POINT('',#900) ;
#926=VERTEX_POINT('',#925) ;
#928=VERTEX_POINT('',#927) ;
#958=VERTEX_POINT('',#957) ;
#960=VERTEX_POINT('',#959) ;
#1022=VERTEX_POINT('',#1021) ;
#1024=VERTEX_POINT('',#1023) ;
#1031=VERTEX_POINT('',#1030) ;
#1038=VERTEX_POINT('',#1037) ;
#1171=VERTEX_POINT('',#1170) ;
#1173=VERTEX_POINT('',#1172) ;
#1180=VERTEX_POINT('',#1179) ;
#1187=VERTEX_POINT('',#1186) ;
#1194=VERTEX_POINT('',#1193) ;
#1201=VERTEX_POINT('',#1200) ;
#1208=VERTEX_POINT('',#1207) ;
#1215=VERTEX_POINT('',#1214) ;
#1222=VERTEX_POINT('',#1221) ;
#1229=VERTEX_POINT('',#1228) ;
#1253=VERTEX_POINT('',#1252) ;
#1255=VERTEX_POINT('',#1254) ;
#1271=VERTEX_POINT('',#1270) ;
#1273=VERTEX_POINT('',#1272) ;
#1303=VERTEX_POINT('',#1302) ;
#1310=VERTEX_POINT('',#1309) ;
#1335=VERTEX_POINT('',#1334) ;
#1342=VERTEX_POINT('',#1341) ;
#1367=VERTEX_POINT('',#1366) ;
#1374=VERTEX_POINT('',#1373) ;
#1399=VERTEX_POINT('',#1398) ;
#1406=VERTEX_POINT('',#1405) ;
#1431=VERTEX_POINT('',#1430) ;
#1438=VERTEX_POINT('',#1437) ;
#1463=VERTEX_POINT('',#1462) ;
#1470=VERTEX_POINT('',#1469) ;
#1495=VERTEX_POINT('',#1494) ;
#1503=VERTEX_POINT('',#1502) ;
#1512=VERTEX_POINT('',#1511) ;
#1558=VERTEX_POINT('',#1557) ;
#1568=VERTEX_POINT('',#1567) ;
#1618=VERTEX_POINT('',#1617) ;
#1686=VERTEX_POINT('',#1685) ;
#1694=VERTEX_POINT('',#1693) ;
#1703=VERTEX_POINT('',#1702) ;
#1749=VERTEX_POINT('',#1748) ;
#1759=VERTEX_POINT('',#1758) ;
#1813=VERTEX_POINT('',#1812) ;
#1880=VERTEX_POINT('',#1879) ;
#1905=VERTEX_POINT('',#1904) ;
#1966=VERTEX_POINT('',#1965) ;
#1991=VERTEX_POINT('',#1990) ;
#2088=VERTEX_POINT('',#2087) ;
#2097=VERTEX_POINT('',#2096) ;
#2122=VERTEX_POINT('',#2121) ;
#2129=VERTEX_POINT('',#2128) ;
#2154=VERTEX_POINT('',#2153) ;
#2179=VERTEX_POINT('',#2178) ;
#2204=VERTEX_POINT('',#2203) ;
#2229=VERTEX_POINT('',#2228) ;
#2254=VERTEX_POINT('',#2253) ;
#2279=VERTEX_POINT('',#2278) ;
#2304=VERTEX_POINT('',#2303) ;
#2329=VERTEX_POINT('',#2328) ;
#2354=VERTEX_POINT('',#2353) ;
#2356=VERTEX_POINT('',#2355) ;
#2375=VERTEX_POINT('',#2374) ;
#2382=VERTEX_POINT('',#2381) ;
#2389=VERTEX_POINT('',#2388) ;
#2396=VERTEX_POINT('',#2395) ;
#2403=VERTEX_POINT('',#2402) ;
#2410=VERTEX_POINT('',#2409) ;
#2417=VERTEX_POINT('',#2416) ;
#2424=VERTEX_POINT('',#2423) ;
#2467=VERTEX_POINT('',#2466) ;
#2495=VERTEX_POINT('',#2494) ;
#2547=VERTEX_POINT('',#2546) ;
#2572=VERTEX_POINT('',#2571) ;
#2673=VERTEX_POINT('',#2672) ;
#2750=VERTEX_POINT('',#2749) ;
#2776=VERTEX_POINT('',#2775) ;
#2833=VERTEX_POINT('',#2832) ;
#2855=VERTEX_POINT('',#2854) ;
#2951=VERTEX_POINT('',#2950) ;
#3249=VERTEX_POINT('',#3248) ;
#3256=VERTEX_POINT('',#3255) ;
#3299=VERTEX_POINT('',#3298) ;
#3301=VERTEX_POINT('',#3300) ;
#3360=VERTEX_POINT('',#3359) ;
#3367=VERTEX_POINT('',#3366) ;
#3410=VERTEX_POINT('',#3409) ;
#3412=VERTEX_POINT('',#3411) ;
#3475=VERTEX_POINT('',#3474) ;
#3477=VERTEX_POINT('',#3476) ;
#3484=VERTEX_POINT('',#3483) ;
#3491=VERTEX_POINT('',#3490) ;
#3498=VERTEX_POINT('',#3497) ;
#3505=VERTEX_POINT('',#3504) ;
#3512=VERTEX_POINT('',#3511) ;
#3519=VERTEX_POINT('',#3518) ;
#3526=VERTEX_POINT('',#3525) ;
#3533=VERTEX_POINT('',#3532) ;
#3557=VERTEX_POINT('',#3556) ;
#3559=VERTEX_POINT('',#3558) ;
#3575=VERTEX_POINT('',#3574) ;
#3577=VERTEX_POINT('',#3576) ;
#3595=VERTEX_POINT('',#3594) ;
#3597=VERTEX_POINT('',#3596) ;
#3627=VERTEX_POINT('',#3626) ;
#3634=VERTEX_POINT('',#3633) ;
#3654=VERTEX_POINT('',#3653) ;
#3656=VERTEX_POINT('',#3655) ;
#3686=VERTEX_POINT('',#3685) ;
#3693=VERTEX_POINT('',#3692) ;
#3713=VERTEX_POINT('',#3712) ;
#3715=VERTEX_POINT('',#3714) ;
#3745=VERTEX_POINT('',#3744) ;
#3752=VERTEX_POINT('',#3751) ;
#3773=VERTEX_POINT('',#3772) ;
#3775=VERTEX_POINT('',#3774) ;
#3784=VERTEX_POINT('',#3783) ;
#3835=VERTEX_POINT('',#3834) ;
#3845=VERTEX_POINT('',#3844) ;
#3899=VERTEX_POINT('',#3898) ;
#3964=VERTEX_POINT('',#3963) ;
#3973=VERTEX_POINT('',#3972) ;
#3981=VERTEX_POINT('',#3980) ;
#4026=VERTEX_POINT('',#4025) ;
#4036=VERTEX_POINT('',#4035) ;
#4086=VERTEX_POINT('',#4085) ;
#4152=VERTEX_POINT('',#4151) ;
#4177=VERTEX_POINT('',#4176) ;
#4228=VERTEX_POINT('',#4227) ;
#4253=VERTEX_POINT('',#4252) ;
#4340=VERTEX_POINT('',#4339) ;
#4349=VERTEX_POINT('',#4348) ;
#4374=VERTEX_POINT('',#4373) ;
#4376=VERTEX_POINT('',#4375) ;
#4406=VERTEX_POINT('',#4405) ;
#4431=VERTEX_POINT('',#4430) ;
#4456=VERTEX_POINT('',#4455) ;
#4481=VERTEX_POINT('',#4480) ;
#4506=VERTEX_POINT('',#4505) ;
#4531=VERTEX_POINT('',#4530) ;
#4556=VERTEX_POINT('',#4555) ;
#4581=VERTEX_POINT('',#4580) ;
#4618=VERTEX_POINT('',#4617) ;
#4620=VERTEX_POINT('',#4619) ;
#4627=VERTEX_POINT('',#4626) ;
#4634=VERTEX_POINT('',#4633) ;
#4641=VERTEX_POINT('',#4640) ;
#4648=VERTEX_POINT('',#4647) ;
#4655=VERTEX_POINT('',#4654) ;
#4662=VERTEX_POINT('',#4661) ;
#4669=VERTEX_POINT('',#4668) ;
#4688=VERTEX_POINT('',#4687) ;
#4721=VERTEX_POINT('',#4720) ;
#4747=VERTEX_POINT('',#4746) ;
#4804=VERTEX_POINT('',#4803) ;
#4829=VERTEX_POINT('',#4828) ;
#4942=VERTEX_POINT('',#4941) ;
#5000=VERTEX_POINT('',#4999) ;
#5028=VERTEX_POINT('',#5027) ;
#5080=VERTEX_POINT('',#5079) ;
#5102=VERTEX_POINT('',#5101) ;
#5217=VERTEX_POINT('',#5216) ;
#5496=VERTEX_POINT('',#5495) ;
#5503=VERTEX_POINT('',#5502) ;
#5541=VERTEX_POINT('',#5540) ;
#5543=VERTEX_POINT('',#5542) ;
#5597=VERTEX_POINT('',#5596) ;
#5604=VERTEX_POINT('',#5603) ;
#5642=VERTEX_POINT('',#5641) ;
#5644=VERTEX_POINT('',#5643) ;
#8=(LENGTH_UNIT()NAMED_UNIT(*)SI_UNIT(.MILLI.,.METRE.)) ;
#9=(NAMED_UNIT(*)PLANE_ANGLE_UNIT()SI_UNIT($,.RADIAN.)) ;
#10=(NAMED_UNIT(*)SI_UNIT($,.STERADIAN.)SOLID_ANGLE_UNIT()) ;
#12=(GEOMETRIC_REPRESENTATION_CONTEXT(3)GLOBAL_UNCERTAINTY_ASSIGNED_CONTEXT((#11))GLOBAL_UNIT_ASSIGNED_CONTEXT((#8,#9,#10))REPRESENTATION_CONTEXT(' ',' ')) ;
ENDSEC;
END-ISO-10303-21;
